location,pickup_total,dropoff_total,all_stops_total,weekday_total,weekend_total,active_months,avg_monthly_pickup_total,avg_monthly_dropoff_total,avg_monthly_all_stops_total,avg_monthly_weekday_total,avg_monthly_weekend_total,location_short
อู่หมอชิต 2 | เขตจตุจักร,10377,13853,24230,11598,12632,35,296.48571428571427,395.8,692.2857142857143,331.37142857142857,360.9142857142857,อู่หมอชิต 2 | เขตจตุจักร
อาคารผู้โดยสาร ชั้น 3 | เขตดอนเมือง,9059,13036,22095,11124,10971,31,292.2258064516129,420.51612903225805,712.741935483871,358.83870967741933,353.9032258064516,อาคารผู้โดยสาร ชั้น 3 | เขตดอนเมือง
เซ็นทรัลปิ่นเกล้า | เขตบางกอกน้อย,4815,4500,9315,4321,4994,31,155.32258064516128,145.16129032258064,300.48387096774195,139.38709677419354,161.09677419354838,เซ็นทรัลปิ่นเกล้า | เขตบางกอกน้อย
โรงพยาบาลศิริราช | เขตบางกอกน้อย,5315,3856,9171,5555,3616,31,171.4516129032258,124.38709677419355,295.83870967741933,179.19354838709677,116.64516129032258,โรงพยาบาลศิริราช | เขตบางกอกน้อย
โรงพยาบาลรามาธิบดี | เขตราชเทวี,4885,3876,8761,5928,2833,35,139.57142857142858,110.74285714285715,250.31428571428572,169.37142857142857,80.94285714285714,โรงพยาบาลรามาธิบดี | เขตราชเทวี
เอ็นมาร์คพลาซ่า(น้อมจิตต์) | เขตบางกะปิ,5387,2859,8246,3768,4478,35,153.9142857142857,81.68571428571428,235.6,107.65714285714286,127.94285714285714,เอ็นมาร์คพลาซ่า(น้อมจิตต์) | เขตบางกะปิ
เมเจอร์ปิ่นเกล้า | เขตบางพลัด,5644,2505,8149,3724,4425,28,201.57142857142858,89.46428571428571,291.0357142857143,133.0,158.03571428571428,เมเจอร์ปิ่นเกล้า | เขตบางพลัด
ตรงข้ามเซ็นทรัลลาดพร้าว | เขตจตุจักร,4761,2960,7721,3432,4289,33,144.27272727272728,89.6969696969697,233.96969696969697,104.0,129.96969696969697,ตรงข้ามเซ็นทรัลลาดพร้าว | เขตจตุจักร
เซ็นทรัลพระราม 2 | เขตบางขุนเทียน,3902,3089,6991,2916,4075,35,111.48571428571428,88.25714285714285,199.74285714285713,83.31428571428572,116.42857142857143,เซ็นทรัลพระราม 2 | เขตบางขุนเทียน
BTS ศาลาแดง(ทางออก1) | เขตบางรัก,4621,2277,6898,3226,3672,34,135.91176470588235,66.97058823529412,202.88235294117646,94.88235294117646,108.0,BTS ศาลาแดง(ทางออก1) | เขตบางรัก
โรงพยาบาลเด็ก | เขตราชเทวี,3859,2643,6502,4256,2246,35,110.25714285714285,75.51428571428572,185.77142857142857,121.6,64.17142857142858,โรงพยาบาลเด็ก | เขตราชเทวี
ตรงข้ามเดอะมอลล์บางแค | เขตบางแค,5763,734,6497,3146,3351,35,164.65714285714284,20.97142857142857,185.62857142857143,89.88571428571429,95.74285714285715,ตรงข้ามเดอะมอลล์บางแค | เขตบางแค
ซีคอนบางแค | เขตภาษีเจริญ,3936,2489,6425,2905,3520,32,123.0,77.78125,200.78125,90.78125,110.0,ซีคอนบางแค | เขตภาษีเจริญ
แฟชั่นไอส์แลนด์ | เขตคันนายาว,3265,2980,6245,2731,3514,35,93.28571428571429,85.14285714285714,178.42857142857142,78.02857142857142,100.4,แฟชั่นไอส์แลนด์ | เขตคันนายาว
ตรงข้ามโรงพยาบาลศิริราช | เขตบางกอกน้อย,3614,2620,6234,3817,2417,31,116.58064516129032,84.51612903225806,201.09677419354838,123.12903225806451,77.96774193548387,ตรงข้ามโรงพยาบาลศิริราช | เขตบางกอกน้อย
ไอคอนสยาม | เขตคลองสาน,3534,2684,6218,2896,3322,29,121.86206896551724,92.55172413793103,214.41379310344828,99.86206896551724,114.55172413793103,ไอคอนสยาม | เขตคลองสาน
สถานีขนส่งสายใต้ใหม่(ตลิ่งชัน) | เขตตลิ่งชัน,2167,3971,6138,3082,3056,35,61.91428571428571,113.45714285714286,175.37142857142857,88.05714285714286,87.31428571428572,สถานีขนส่งสายใต้ใหม่(ตลิ่งชัน) | เขตตลิ่งชัน
นครชัยแอร์ | เขตจตุจักร,3504,2295,5799,2853,2946,35,100.11428571428571,65.57142857142857,165.68571428571428,81.51428571428572,84.17142857142858,นครชัยแอร์ | เขตจตุจักร
พันธุ์ทิพย์ประตูน้ำ | เขตราชเทวี,2815,2572,5387,2375,3012,34,82.79411764705883,75.6470588235294,158.44117647058823,69.8529411764706,88.58823529411765,พันธุ์ทิพย์ประตูน้ำ | เขตราชเทวี
อนุสาวรีย์ชัยสมรภูมิ (เกาะราชวิถี) | เขตราชเทวี,3152,2190,5342,3158,2184,30,105.06666666666666,73.0,178.06666666666666,105.26666666666667,72.8,อนุสาวรีย์ชัยสมรภูมิ (เกาะราชวิถี) | เขตราชเทวี
"สถานีดับเพลิงห้วยขวาง,สาธารณสุข 52 | เขตดินแดง",3211,2055,5266,2544,2722,31,103.58064516129032,66.29032258064517,169.8709677419355,82.06451612903226,87.80645161290323,"สถานีดับเพลิงห้วยขวาง,สาธารณสุข 52 | เขตดินแดง"
เซ็นทรัลพระราม 3 | เขตยานนาวา,2646,2177,4823,2127,2696,35,75.6,62.2,137.8,60.77142857142857,77.02857142857142,เซ็นทรัลพระราม 3 | เขตยานนาวา
อาคารผู้โดยสาร 2 ชั้น 1 ประตู 12 | เขตดอนเมือง,2221,2498,4719,2398,2321,34,65.32352941176471,73.47058823529412,138.7941176470588,70.52941176470588,68.26470588235294,อาคารผู้โดยสาร 2 ชั้น 1 ประตู 12 | เขตดอนเมือง
MRT วัดมังกร | เขตสัมพันธวงศ์,2491,2148,4639,2053,2586,29,85.89655172413794,74.06896551724138,159.9655172413793,70.79310344827586,89.17241379310344,MRT วัดมังกร | เขตสัมพันธวงศ์
เซ็นทรัลพระราม 9 | เขตห้วยขวาง,2634,1986,4620,2078,2542,33,79.81818181818181,60.18181818181818,140.0,62.96969696969697,77.03030303030303,เซ็นทรัลพระราม 9 | เขตห้วยขวาง
บิ๊กซีพระราม 2 | เขตบางขุนเทียน,3402,1167,4569,1991,2578,35,97.2,33.34285714285714,130.54285714285714,56.885714285714286,73.65714285714286,บิ๊กซีพระราม 2 | เขตบางขุนเทียน
ปากคลองตลาด | เขตพระนคร,2662,1714,4376,2142,2234,34,78.29411764705883,50.411764705882355,128.7058823529412,63.0,65.70588235294117,ปากคลองตลาด | เขตพระนคร
เซ็นทรัลบางนา | เขตบางนา,2369,1915,4284,2028,2256,35,67.68571428571428,54.714285714285715,122.4,57.94285714285714,64.45714285714286,เซ็นทรัลบางนา | เขตบางนา
"ซอยศรีนครินทร์ 42,ตรงข้ามซีคอนสแควร์ป้ายที่ 1 | เขตประเวศ",2598,1572,4170,1625,2545,33,78.72727272727273,47.63636363636363,126.36363636363636,49.24242424242424,77.12121212121212,"ซอยศรีนครินทร์ 42,ตรงข้ามซีคอนสแควร์ป้ายที่ 1 | เขต..."
ตลาดบางแค | เขตบางแค,2924,1236,4160,1948,2212,35,83.54285714285714,35.31428571428572,118.85714285714286,55.65714285714286,63.2,ตลาดบางแค | เขตบางแค
BTS เสนานิคม | เขตจตุจักร,2700,1289,3989,1899,2090,35,77.14285714285714,36.82857142857143,113.97142857142858,54.25714285714286,59.714285714285715,BTS เสนานิคม | เขตจตุจักร
ตลาดเก่าเยาวราช | เขตสัมพันธวงศ์,2432,1414,3846,1753,2093,34,71.52941176470588,41.588235294117645,113.11764705882354,51.55882352941177,61.55882352941177,ตลาดเก่าเยาวราช | เขตสัมพันธวงศ์
MRT หลักสอง | เขตบางแค,1452,2363,3815,1839,1976,31,46.83870967741935,76.2258064516129,123.06451612903226,59.32258064516129,63.74193548387097,MRT หลักสอง | เขตบางแค
อนุสาวรีย์ประชาธิปไตย(ศึกษาภัณฑ์) | เขตพระนคร,2026,1699,3725,1457,2268,34,59.588235294117645,49.970588235294116,109.55882352941177,42.85294117647059,66.70588235294117,อนุสาวรีย์ประชาธิปไตย(ศึกษาภัณฑ์) | เขตพระนคร
"ซอยสุขุมวิท 10(ตรงข้ามแอมบาสเดอร์),สวนชูวิทย์ | เขตคลองเตย",2217,1503,3720,1748,1972,17,130.41176470588235,88.41176470588235,218.8235294117647,102.82352941176471,116.0,"ซอยสุขุมวิท 10(ตรงข้ามแอมบาสเดอร์),สวนชูวิทย์ | เขต..."
ซอยศรียาภัย | เขตวัฒนา,2249,1461,3710,1584,2126,30,74.96666666666667,48.7,123.66666666666667,52.8,70.86666666666666,ซอยศรียาภัย | เขตวัฒนา
MRT ห้วยขวาง | เขตดินแดง,2346,1342,3688,1757,1931,17,138.0,78.94117647058823,216.94117647058823,103.3529411764706,113.58823529411765,MRT ห้วยขวาง | เขตดินแดง
BTS สยาม | เขตปทุมวัน,2179,1488,3667,1644,2023,31,70.29032258064517,48.0,118.29032258064517,53.03225806451613,65.25806451612904,BTS สยาม | เขตปทุมวัน
BTS อุดมสุข | เขตบางนา,2522,1137,3659,1844,1815,28,90.07142857142857,40.607142857142854,130.67857142857142,65.85714285714286,64.82142857142857,BTS อุดมสุข | เขตบางนา
ตลาดมีนบุรี(ตลาดสด) | เขตมีนบุรี,2444,1203,3647,1684,1963,34,71.88235294117646,35.38235294117647,107.26470588235294,49.529411764705884,57.73529411764706,ตลาดมีนบุรี(ตลาดสด) | เขตมีนบุรี
ตรงข้ามเดอะมอลล์ท่าพระ | เขตธนบุรี,2185,1420,3605,1580,2025,35,62.42857142857143,40.57142857142857,103.0,45.142857142857146,57.857142857142854,ตรงข้ามเดอะมอลล์ท่าพระ | เขตธนบุรี
แยกลาดพร้าว(ลาดพร้าวซอย4) | เขตจตุจักร,2306,1291,3597,1511,2086,34,67.82352941176471,37.970588235294116,105.79411764705883,44.44117647058823,61.35294117647059,แยกลาดพร้าว(ลาดพร้าวซอย4) | เขตจตุจักร
BTSอ่อนนุช(ขาเข้า) | เขตคลองเตย,2302,1239,3541,1620,1921,31,74.25806451612904,39.96774193548387,114.2258064516129,52.25806451612903,61.96774193548387,BTSอ่อนนุช(ขาเข้า) | เขตคลองเตย
MRT บางหว้า | เขตภาษีเจริญ,2130,1356,3486,1860,1626,35,60.857142857142854,38.74285714285714,99.6,53.142857142857146,46.457142857142856,MRT บางหว้า | เขตภาษีเจริญ
MRT ห้วยขวาง | เขตห้วยขวาง,2080,1396,3476,1619,1857,18,115.55555555555556,77.55555555555556,193.11111111111111,89.94444444444444,103.16666666666667,MRT ห้วยขวาง | เขตห้วยขวาง
ARL ลาดกระบัง | เขตลาดกระบัง,1777,1632,3409,1682,1727,35,50.77142857142857,46.628571428571426,97.4,48.05714285714286,49.34285714285714,ARL ลาดกระบัง | เขตลาดกระบัง
มาบุญครอง | เขตปทุมวัน,1692,1653,3345,1397,1948,33,51.27272727272727,50.09090909090909,101.36363636363636,42.333333333333336,59.03030303030303,มาบุญครอง | เขตปทุมวัน
เซ็นทรัลเวิลด์ | เขตปทุมวัน,1745,1598,3343,1454,1889,32,54.53125,49.9375,104.46875,45.4375,59.03125,เซ็นทรัลเวิลด์ | เขตปทุมวัน
โรงพยาบาลวชิรพยาบาล | เขตดุสิต,1810,1529,3339,2363,976,35,51.714285714285715,43.68571428571428,95.4,67.51428571428572,27.885714285714286,โรงพยาบาลวชิรพยาบาล | เขตดุสิต
ซอยประดิพัทธ์ 21 | เขตพญาไท,1978,1323,3301,1510,1791,34,58.1764705882353,38.911764705882355,97.08823529411765,44.411764705882355,52.6764705882353,ซอยประดิพัทธ์ 21 | เขตพญาไท
"ซอยพหลโยธิน 11,ซอยเสนาร่วม | เขตพญาไท",2030,1240,3270,1468,1802,32,63.4375,38.75,102.1875,45.875,56.3125,"ซอยพหลโยธิน 11,ซอยเสนาร่วม | เขตพญาไท"
ซีคอนสแควร์ | เขตประเวศ,1677,1591,3268,1362,1906,35,47.91428571428571,45.457142857142856,93.37142857142857,38.91428571428571,54.457142857142856,ซีคอนสแควร์ | เขตประเวศ
ตลาดบางขุนศรี | เขตบางกอกน้อย,2194,1033,3227,1610,1617,35,62.68571428571428,29.514285714285716,92.2,46.0,46.2,ตลาดบางขุนศรี | เขตบางกอกน้อย
แยกคอกวัวตรงข้ามกองสลาก | เขตพระนคร,1897,1323,3220,1379,1841,35,54.2,37.8,92.0,39.4,52.6,แยกคอกวัวตรงข้ามกองสลาก | เขตพระนคร
ตลาดยิ่งเจริญ | เขตบางเขน,2069,1130,3199,1530,1669,31,66.74193548387096,36.45161290322581,103.19354838709677,49.354838709677416,53.83870967741935,ตลาดยิ่งเจริญ | เขตบางเขน
อิมพิเรียลลาดพร้าว | เขตวังทองหลาง,1851,1313,3164,1490,1674,35,52.885714285714286,37.51428571428571,90.4,42.57142857142857,47.82857142857143,อิมพิเรียลลาดพร้าว | เขตวังทองหลาง
สถานีรถไฟฟ้าบางหว้า | เขตภาษีเจริญ,1915,1220,3135,1932,1203,35,54.714285714285715,34.857142857142854,89.57142857142857,55.2,34.371428571428574,สถานีรถไฟฟ้าบางหว้า | เขตภาษีเจริญ
ตลาดคองเตย | เขตคลองเตย,1579,1547,3126,1327,1799,32,49.34375,48.34375,97.6875,41.46875,56.21875,ตลาดคองเตย | เขตคลองเตย
อินทราสแควร์ประตูน้ำ | เขตราชเทวี,1703,1394,3097,1384,1713,32,53.21875,43.5625,96.78125,43.25,53.53125,อินทราสแควร์ประตูน้ำ | เขตราชเทวี
เดอะมอลล์บางกะปิ | เขตบางกะปิ,1935,1150,3085,1406,1679,33,58.63636363636363,34.84848484848485,93.48484848484848,42.60606060606061,50.878787878787875,เดอะมอลล์บางกะปิ | เขตบางกะปิ
MRT บางยี่ขัน | เขตบางพลัด,2198,850,3048,1475,1573,30,73.26666666666667,28.333333333333332,101.6,49.166666666666664,52.43333333333333,MRT บางยี่ขัน | เขตบางพลัด
SRT ชุมทางบางซื่อ | เขตจตุจักร,1226,1785,3011,1455,1556,35,35.02857142857143,51.0,86.02857142857142,41.57142857142857,44.457142857142856,SRT ชุมทางบางซื่อ | เขตจตุจักร
BTS วงเวียนใหญ่ | เขตคลองสาน,2019,866,2885,1451,1434,35,57.68571428571428,24.742857142857144,82.42857142857143,41.457142857142856,40.97142857142857,BTS วงเวียนใหญ่ | เขตคลองสาน
MRT สวนจตุจักร | เขตจตุจักร,1895,973,2868,1341,1527,24,78.95833333333333,40.541666666666664,119.5,55.875,63.625,MRT สวนจตุจักร | เขตจตุจักร
พาหุรัด(ไชน่าเวิลด์) | เขตพระนคร,1534,1291,2825,1362,1463,33,46.484848484848484,39.121212121212125,85.60606060606061,41.27272727272727,44.333333333333336,พาหุรัด(ไชน่าเวิลด์) | เขตพระนคร
MRT พระรามเก้า | เขตดินแดง,1656,1155,2811,1276,1535,27,61.333333333333336,42.77777777777778,104.11111111111111,47.25925925925926,56.851851851851855,MRT พระรามเก้า | เขตดินแดง
ตรงข้ามเมเจอร์รัชโยธิน | เขตจตุจักร,1739,1070,2809,1211,1598,35,49.68571428571428,30.571428571428573,80.25714285714285,34.6,45.65714285714286,ตรงข้ามเมเจอร์รัชโยธิน | เขตจตุจักร
เดอะมอลล์บางแค | เขตบางแค,1220,1542,2762,1324,1438,35,34.857142857142854,44.05714285714286,78.91428571428571,37.82857142857143,41.08571428571429,เดอะมอลล์บางแค | เขตบางแค
BTS อารีย์(ทางออก3) | เขตพญาไท,1738,1017,2755,1437,1318,35,49.65714285714286,29.057142857142857,78.71428571428571,41.05714285714286,37.65714285714286,BTS อารีย์(ทางออก3) | เขตพญาไท
ตรงข้ามโรบินสันบางรัก | เขตบางรัก,1771,942,2713,1271,1442,35,50.6,26.914285714285715,77.51428571428572,36.31428571428572,41.2,ตรงข้ามโรบินสันบางรัก | เขตบางรัก
เซ็นทรัลลาดพร้าว | เขตจตุจักร,1529,1137,2666,1200,1466,34,44.970588235294116,33.44117647058823,78.41176470588235,35.294117647058826,43.11764705882353,เซ็นทรัลลาดพร้าว | เขตจตุจักร
กิ่งเพชร | เขตราชเทวี,1449,1201,2650,1257,1393,31,46.74193548387097,38.74193548387097,85.48387096774194,40.54838709677419,44.935483870967744,กิ่งเพชร | เขตราชเทวี
ท่ามหาราช | เขตพระนคร,1336,1306,2642,1246,1396,29,46.06896551724138,45.03448275862069,91.10344827586206,42.96551724137931,48.13793103448276,ท่ามหาราช | เขตพระนคร
โรงพยาบาลเจริญกรุง(ตรงข้ามซอยเจริญกรุง 86) | เขตบางคอแหลม,1368,1256,2624,1852,772,35,39.08571428571429,35.885714285714286,74.97142857142858,52.91428571428571,22.057142857142857,โรงพยาบาลเจริญกรุง(ตรงข้ามซอยเจริญกรุง 86) | เขตบาง...
แยกคอกวัว | เขตพระนคร,1419,1186,2605,1064,1541,28,50.67857142857143,42.357142857142854,93.03571428571429,38.0,55.035714285714285,แยกคอกวัว | เขตพระนคร
ท่าปล่อยรถ สวนจตุจักร (A1) | เขตจตุจักร,1746,859,2605,1206,1399,30,58.2,28.633333333333333,86.83333333333333,40.2,46.63333333333333,ท่าปล่อยรถ สวนจตุจักร (A1) | เขตจตุจักร
ตลาดพงษ์ทรัพย์ | เขตบางพลัด,1670,918,2588,1300,1288,34,49.11764705882353,27.0,76.11764705882354,38.23529411764706,37.88235294117647,ตลาดพงษ์ทรัพย์ | เขตบางพลัด
สยามสแควร์ | เขตปทุมวัน,1466,1110,2576,1147,1429,25,58.64,44.4,103.04,45.88,57.16,สยามสแควร์ | เขตปทุมวัน
สถานีตำรวจบางเขน | เขตบางเขน,1876,641,2517,1256,1261,33,56.84848484848485,19.424242424242426,76.27272727272727,38.06060606060606,38.21212121212121,สถานีตำรวจบางเขน | เขตบางเขน
สามย่าน | เขตปทุมวัน,1409,1098,2507,1138,1369,34,41.44117647058823,32.294117647058826,73.73529411764706,33.470588235294116,40.26470588235294,สามย่าน | เขตปทุมวัน
เคหะธนบุรี(บิ๊กซีการเคหะพระราม2) | เขตบางขุนเทียน,1653,852,2505,1171,1334,34,48.61764705882353,25.058823529411764,73.67647058823529,34.44117647058823,39.23529411764706,เคหะธนบุรี(บิ๊กซีการเคหะพระราม2) | เขตบางขุนเทียน
เดอะมอลล์ท่าพระ | เขตธนบุรี,1479,1009,2488,1120,1368,30,49.3,33.63333333333333,82.93333333333334,37.333333333333336,45.6,เดอะมอลล์ท่าพระ | เขตธนบุรี
วัดชนะสงคราม | เขตพระนคร,1339,1144,2483,1055,1428,34,39.38235294117647,33.64705882352941,73.02941176470588,31.029411764705884,42.0,วัดชนะสงคราม | เขตพระนคร
แยกเฉลิมบุรี | เขตสัมพันธวงศ์,1242,1220,2462,1146,1316,35,35.48571428571429,34.857142857142854,70.34285714285714,32.74285714285714,37.6,แยกเฉลิมบุรี | เขตสัมพันธวงศ์
โรงแรมนาซ่าเวกัส | เขตสวนหลวง,1528,928,2456,1222,1234,35,43.65714285714286,26.514285714285716,70.17142857142858,34.91428571428571,35.25714285714286,โรงแรมนาซ่าเวกัส | เขตสวนหลวง
รพ.เลิดสิน | เขตบางรัก,1265,1186,2451,1449,1002,35,36.142857142857146,33.885714285714286,70.02857142857142,41.4,28.62857142857143,รพ.เลิดสิน | เขตบางรัก
โรงพยาบาลจุฬาลงกรณ์(ฝั่งราชดำริ) | เขตปทุมวัน,1253,1191,2444,1576,868,35,35.8,34.02857142857143,69.82857142857142,45.02857142857143,24.8,โรงพยาบาลจุฬาลงกรณ์(ฝั่งราชดำริ) | เขตปทุมวัน
ไปรษณีย์ไทย สาขาบางลำภูบน | เขตพระนคร,1316,1122,2438,1078,1360,34,38.705882352941174,33.0,71.70588235294117,31.705882352941178,40.0,ไปรษณีย์ไทย สาขาบางลำภูบน | เขตพระนคร
ตลาดบางกะปิ ตรงข้าม IT CITY | เขตบางกะปิ,1533,880,2413,1129,1284,30,51.1,29.333333333333332,80.43333333333334,37.63333333333333,42.8,ตลาดบางกะปิ ตรงข้าม IT CITY | เขตบางกะปิ
กรมการขนส่งทางบก | เขตจตุจักร,1107,1305,2412,782,1630,33,33.54545454545455,39.54545454545455,73.0909090909091,23.696969696969695,49.39393939393939,กรมการขนส่งทางบก | เขตจตุจักร
โรงพยาบาลตากสิน | เขตคลองสาน,1184,1222,2406,1713,693,35,33.82857142857143,34.91428571428571,68.74285714285715,48.94285714285714,19.8,โรงพยาบาลตากสิน | เขตคลองสาน
BTS ศาลาแดง | เขตบางรัก,1585,814,2399,1041,1358,30,52.833333333333336,27.133333333333333,79.96666666666667,34.7,45.266666666666666,BTS ศาลาแดง | เขตบางรัก
ใต้ทางด่วนแยกเข้าวัชรพล | เขตบางเขน,1353,1023,2376,1121,1255,34,39.794117647058826,30.08823529411765,69.88235294117646,32.970588235294116,36.911764705882355,ใต้ทางด่วนแยกเข้าวัชรพล | เขตบางเขน
ซอยนานา | เขตคลองเตย,1548,827,2375,1168,1207,27,57.333333333333336,30.62962962962963,87.96296296296296,43.25925925925926,44.7037037037037,ซอยนานา | เขตคลองเตย
โรงพยาบาลกลาง(ฝั่งเสือป่า) | เขตป้อมปราบศัตรูพ่าย,1159,1212,2371,1464,907,35,33.114285714285714,34.628571428571426,67.74285714285715,41.82857142857143,25.914285714285715,โรงพยาบาลกลาง(ฝั่งเสือป่า) | เขตป้อมปราบศัตรูพ่าย
สถานีรถไฟหัวลำโพง | เขตปทุมวัน,913,1454,2367,1042,1325,35,26.085714285714285,41.542857142857144,67.62857142857143,29.771428571428572,37.857142857142854,สถานีรถไฟหัวลำโพง | เขตปทุมวัน
เอ็มควอเทียร์ | เขตคลองเตย,1490,872,2362,1014,1348,22,67.72727272727273,39.63636363636363,107.36363636363636,46.09090909090909,61.27272727272727,เอ็มควอเทียร์ | เขตคลองเตย
ตรงข้ามสำนักผังเมือง | เขตห้วยขวาง,1177,1182,2359,1039,1320,33,35.666666666666664,35.81818181818182,71.48484848484848,31.484848484848484,40.0,ตรงข้ามสำนักผังเมือง | เขตห้วยขวาง
BTS-ARL พญาไท | เขตราชเทวี,1367,968,2335,1167,1168,33,41.42424242424242,29.333333333333332,70.75757575757575,35.36363636363637,35.39393939393939,BTS-ARL พญาไท | เขตราชเทวี
ท่ารถไฟ (ข้ามฟาก) | เขตบางกอกน้อย,1108,1216,2324,1274,1050,33,33.57575757575758,36.84848484848485,70.42424242424242,38.60606060606061,31.818181818181817,ท่ารถไฟ (ข้ามฟาก) | เขตบางกอกน้อย
ตรงข้าม รร.เตรียมอุดมฯ รัชดา | เขตดินแดง,1327,975,2302,1069,1233,29,45.758620689655174,33.62068965517241,79.37931034482759,36.86206896551724,42.51724137931034,ตรงข้าม รร.เตรียมอุดมฯ รัชดา | เขตดินแดง
พาต้าปิ่นเกล้า | เขตบางพลัด,1461,817,2278,1091,1187,29,50.37931034482759,28.17241379310345,78.55172413793103,37.62068965517241,40.93103448275862,พาต้าปิ่นเกล้า | เขตบางพลัด
วัดแขก | เขตบางรัก,1229,1033,2262,989,1273,34,36.14705882352941,30.38235294117647,66.52941176470588,29.08823529411765,37.44117647058823,วัดแขก | เขตบางรัก
BTS รัชโยธิน | เขตจตุจักร,1523,733,2256,1029,1227,31,49.12903225806452,23.64516129032258,72.7741935483871,33.193548387096776,39.58064516129032,BTS รัชโยธิน | เขตจตุจักร
สวนสันติภาพ | เขตราชเทวี,1387,849,2236,1023,1213,29,47.827586206896555,29.275862068965516,77.10344827586206,35.275862068965516,41.827586206896555,สวนสันติภาพ | เขตราชเทวี
วัดท่าพระ | เขตบางกอกใหญ่,1258,947,2205,1044,1161,34,37.0,27.852941176470587,64.8529411764706,30.705882352941178,34.14705882352941,วัดท่าพระ | เขตบางกอกใหญ่
BTS ช่องนนทรี | เขตบางรัก,1251,848,2099,1057,1042,33,37.90909090909091,25.696969696969695,63.60606060606061,32.03030303030303,31.575757575757574,BTS ช่องนนทรี | เขตบางรัก
เคหะธนบุรี(โลตัสพระราม2) | เขตบางขุนเทียน,1539,558,2097,1059,1038,35,43.97142857142857,15.942857142857143,59.91428571428571,30.257142857142856,29.65714285714286,เคหะธนบุรี(โลตัสพระราม2) | เขตบางขุนเทียน
รพ.เจ้าพระยา | เขตบางกอกน้อย,1203,890,2093,963,1130,35,34.371428571428574,25.428571428571427,59.8,27.514285714285716,32.285714285714285,รพ.เจ้าพระยา | เขตบางกอกน้อย
โรงเรียนปิ่นมงคลการศึกษา | เขตบางพลัด,928,1159,2087,1008,1079,35,26.514285714285716,33.114285714285714,59.628571428571426,28.8,30.82857142857143,โรงเรียนปิ่นมงคลการศึกษา | เขตบางพลัด
ไปรษณีย์ห้วยขวาง (ถนนเทียมร่วมมิตรขาออก) | เขตห้วยขวาง,1325,748,2073,991,1082,35,37.857142857142854,21.37142857142857,59.22857142857143,28.314285714285713,30.914285714285715,ไปรษณีย์ห้วยขวาง (ถนนเทียมร่วมมิตรขาออก) | เขตห้วยข...
ตรงข้ามเจเจมอลล์ | เขตจตุจักร,1153,917,2070,616,1454,21,54.904761904761905,43.666666666666664,98.57142857142857,29.333333333333332,69.23809523809524,ตรงข้ามเจเจมอลล์ | เขตจตุจักร
มหาวิทยาลัยราชภัฎบ้านสมเด็จเจ้าพระยา | เขตธนบุรี,1088,980,2068,967,1101,34,32.0,28.823529411764707,60.8235294117647,28.441176470588236,32.38235294117647,มหาวิทยาลัยราชภัฎบ้านสมเด็จเจ้าพระยา | เขตธนบุรี
ตลาดนัดจตุจักร(ประตู1) | เขตจตุจักร,1142,913,2055,643,1412,22,51.90909090909091,41.5,93.4090909090909,29.227272727272727,64.18181818181819,ตลาดนัดจตุจักร(ประตู1) | เขตจตุจักร
BTS อุดมสุข(ทางออก 1) | เขตบางนา,1372,679,2051,1005,1046,34,40.35294117647059,19.970588235294116,60.3235294117647,29.558823529411764,30.764705882352942,BTS อุดมสุข(ทางออก 1) | เขตบางนา
เมเจอร์ปิ่นเกล้า | เขตบางกอกน้อย,1213,822,2035,938,1097,5,242.6,164.4,407.0,187.6,219.4,เมเจอร์ปิ่นเกล้า | เขตบางกอกน้อย
ตรงข้ามโรงพยาบาลบำรุงราษฎร์ | เขตวัฒนา,806,1219,2025,974,1051,32,25.1875,38.09375,63.28125,30.4375,32.84375,ตรงข้ามโรงพยาบาลบำรุงราษฎร์ | เขตวัฒนา
ตรงข้ามบิ๊กซีแจ้งวัฒนะ | เขตหลักสี่,1119,897,2016,1043,973,35,31.97142857142857,25.62857142857143,57.6,29.8,27.8,ตรงข้ามบิ๊กซีแจ้งวัฒนะ | เขตหลักสี่
ตรงข้ามเซ็นทรัลบางนา | เขตบางนา,1283,703,1986,1006,980,35,36.65714285714286,20.085714285714285,56.74285714285714,28.742857142857144,28.0,ตรงข้ามเซ็นทรัลบางนา | เขตบางนา
ตรงข้ามตลาดสวนพลู(ซอยสวนพลู 6) | เขตสาทร,1093,879,1972,940,1032,33,33.121212121212125,26.636363636363637,59.75757575757576,28.484848484848484,31.272727272727273,ตรงข้ามตลาดสวนพลู(ซอยสวนพลู 6) | เขตสาทร
โรงพยาบาลพญาไท3 | เขตภาษีเจริญ,1092,867,1959,1026,933,35,31.2,24.771428571428572,55.97142857142857,29.314285714285713,26.65714285714286,โรงพยาบาลพญาไท3 | เขตภาษีเจริญ
โรงเรียนไทยวิจิตรศิลป์ | เขตจตุจักร,1241,697,1938,856,1082,34,36.5,20.5,57.0,25.176470588235293,31.823529411764707,โรงเรียนไทยวิจิตรศิลป์ | เขตจตุจักร
BTS ราชเทวี | เขตราชเทวี,1166,753,1919,875,1044,31,37.61290322580645,24.29032258064516,61.903225806451616,28.225806451612904,33.67741935483871,BTS ราชเทวี | เขตราชเทวี
ศูนย์วิทยาศาสตร์ | เขตบางพลัด,1128,786,1914,1022,892,35,32.22857142857143,22.457142857142856,54.68571428571428,29.2,25.485714285714284,ศูนย์วิทยาศาสตร์ | เขตบางพลัด
ยศเส | เขตป้อมปราบศัตรูพ่าย,985,926,1911,1018,893,35,28.142857142857142,26.457142857142856,54.6,29.085714285714285,25.514285714285716,ยศเส | เขตป้อมปราบศัตรูพ่าย
ซอยรัชดาภิเษก 14 | เขตห้วยขวาง,1009,901,1910,885,1025,24,42.041666666666664,37.541666666666664,79.58333333333333,36.875,42.708333333333336,ซอยรัชดาภิเษก 14 | เขตห้วยขวาง
โรงพยาบาลราชพิพัฒน์ | เขตบางแค,1084,826,1910,1349,561,35,30.97142857142857,23.6,54.57142857142857,38.542857142857144,16.02857142857143,โรงพยาบาลราชพิพัฒน์ | เขตบางแค
สวนจตุจักร | เขตจตุจักร,1163,745,1908,795,1113,34,34.205882352941174,21.91176470588235,56.11764705882353,23.38235294117647,32.73529411764706,สวนจตุจักร | เขตจตุจักร
ลาซาลสนามไดร์ฟกอล์ฟ | เขตบางนา,1059,848,1907,982,925,35,30.257142857142856,24.228571428571428,54.48571428571429,28.057142857142857,26.428571428571427,ลาซาลสนามไดร์ฟกอล์ฟ | เขตบางนา
ท่าสะพานมิตรมหาดไทย | เขตวังทองหลาง,1089,805,1894,849,1045,34,32.029411764705884,23.676470588235293,55.705882352941174,24.970588235294116,30.735294117647058,ท่าสะพานมิตรมหาดไทย | เขตวังทองหลาง
ซอยลาดพร้าว 122 | เขตวังทองหลาง,1085,808,1893,821,1072,34,31.91176470588235,23.764705882352942,55.6764705882353,24.147058823529413,31.529411764705884,ซอยลาดพร้าว 122 | เขตวังทองหลาง
แยกอิสรภาพ 44 | เขตบางกอกน้อย,970,922,1892,941,951,34,28.529411764705884,27.11764705882353,55.64705882352941,27.676470588235293,27.970588235294116,แยกอิสรภาพ 44 | เขตบางกอกน้อย
ซอยสายสิน | เขตบางซื่อ,986,899,1885,1017,868,34,29.0,26.441176470588236,55.44117647058823,29.91176470588235,25.529411764705884,ซอยสายสิน | เขตบางซื่อ
ตรงข้ามบิ๊กซีรัชดาภิเษก | เขตดินแดง,1093,771,1864,876,988,28,39.035714285714285,27.535714285714285,66.57142857142857,31.285714285714285,35.285714285714285,ตรงข้ามบิ๊กซีรัชดาภิเษก | เขตดินแดง
โลตัสเลียบทางด่วนรามอินทรา | เขตลาดพร้าว,1031,828,1859,864,995,34,30.323529411764707,24.352941176470587,54.6764705882353,25.41176470588235,29.264705882352942,โลตัสเลียบทางด่วนรามอินทรา | เขตลาดพร้าว
เอเชียทีคเดอะรีเวอร์ฟร้อนท์ | เขตบางคอแหลม,1052,806,1858,826,1032,33,31.87878787878788,24.424242424242426,56.303030303030305,25.03030303030303,31.272727272727273,เอเชียทีคเดอะรีเวอร์ฟร้อนท์ | เขตบางคอแหลม
BTS สะพานควาย(ทางออก2) | เขตพญาไท,1094,760,1854,853,1001,30,36.46666666666667,25.333333333333332,61.8,28.433333333333334,33.36666666666667,BTS สะพานควาย(ทางออก2) | เขตพญาไท
ตลาดบางปะกอก | เขตราษฎร์บูรณะ,1221,629,1850,927,923,29,42.10344827586207,21.689655172413794,63.793103448275865,31.96551724137931,31.82758620689655,ตลาดบางปะกอก | เขตราษฎร์บูรณะ
"บิ๊กซีราม,หมู่บ้านเสรี | เขตบางกะปิ",1096,754,1850,880,970,31,35.354838709677416,24.322580645161292,59.67741935483871,28.387096774193548,31.29032258064516,"บิ๊กซีราม,หมู่บ้านเสรี | เขตบางกะปิ"
ทุ่งวัดดอน | เขตบางคอแหลม,980,870,1850,835,1015,29,33.793103448275865,30.0,63.793103448275865,28.79310344827586,35.0,ทุ่งวัดดอน | เขตบางคอแหลม
โรงพิมพ์สยามรัฐ | เขตบางพลัด,920,924,1844,898,946,33,27.87878787878788,28.0,55.878787878787875,27.21212121212121,28.666666666666668,โรงพิมพ์สยามรัฐ | เขตบางพลัด
เซ็นทรัลรามอินทรา | เขตบางเขน,1048,756,1804,874,930,35,29.942857142857143,21.6,51.542857142857144,24.97142857142857,26.571428571428573,เซ็นทรัลรามอินทรา | เขตบางเขน
สำนักงานใหญ่ปตท. | เขตจตุจักร,951,839,1790,1101,689,35,27.17142857142857,23.97142857142857,51.142857142857146,31.457142857142856,19.685714285714287,สำนักงานใหญ่ปตท. | เขตจตุจักร
เดอะมอลล์บางแค(ฝั่งวงแหวน) | เขตบางแค,1257,533,1790,890,900,30,41.9,17.766666666666666,59.666666666666664,29.666666666666668,30.0,เดอะมอลล์บางแค(ฝั่งวงแหวน) | เขตบางแค
พาหุรัด(เพาะช่าง-สวนกุหลาบ) | เขตพระนคร,1017,772,1789,875,914,27,37.666666666666664,28.59259259259259,66.25925925925925,32.407407407407405,33.851851851851855,พาหุรัด(เพาะช่าง-สวนกุหลาบ) | เขตพระนคร
โรงพยาบาลสมเด็จพระปิ่นเกล้า | เขตธนบุรี,911,874,1785,1378,407,35,26.02857142857143,24.97142857142857,51.0,39.371428571428574,11.628571428571428,โรงพยาบาลสมเด็จพระปิ่นเกล้า | เขตธนบุรี
โรงพยาบาลภูมิพลอดุลยเดช | เขตสายไหม,961,812,1773,1314,459,35,27.457142857142856,23.2,50.65714285714286,37.542857142857144,13.114285714285714,โรงพยาบาลภูมิพลอดุลยเดช | เขตสายไหม
ซอยสุขุมวิท 15 | เขตวัฒนา,1005,756,1761,808,953,22,45.68181818181818,34.36363636363637,80.04545454545455,36.72727272727273,43.31818181818182,ซอยสุขุมวิท 15 | เขตวัฒนา
โรงพยาบาลยันฮี | เขตบางพลัด,973,784,1757,908,849,34,28.61764705882353,23.058823529411764,51.6764705882353,26.705882352941178,24.970588235294116,โรงพยาบาลยันฮี | เขตบางพลัด
SRT ธนบุรี | เขตบางกอกน้อย,851,898,1749,836,913,34,25.029411764705884,26.41176470588235,51.44117647058823,24.58823529411765,26.852941176470587,SRT ธนบุรี | เขตบางกอกน้อย
ตลาดดาวคะนอง | เขตธนบุรี,1125,615,1740,853,887,32,35.15625,19.21875,54.375,26.65625,27.71875,ตลาดดาวคะนอง | เขตธนบุรี
ตรงข้ามมาบุญครอง | เขตปทุมวัน,848,891,1739,745,994,33,25.696969696969695,27.0,52.696969696969695,22.575757575757574,30.12121212121212,ตรงข้ามมาบุญครอง | เขตปทุมวัน
อนุสาวรีย์ชัยสมรภูมิ (เกาะพญาไท) | เขตราชเทวี,961,771,1732,780,952,30,32.03333333333333,25.7,57.733333333333334,26.0,31.733333333333334,อนุสาวรีย์ชัยสมรภูมิ (เกาะพญาไท) | เขตราชเทวี
สนามหลวง(ศาลหลักเมือง) | เขตพระนคร,665,1063,1728,685,1043,32,20.78125,33.21875,54.0,21.40625,32.59375,สนามหลวง(ศาลหลักเมือง) | เขตพระนคร
ใต้สะพานตลาดพลู | เขตธนบุรี,1008,715,1723,813,910,35,28.8,20.428571428571427,49.22857142857143,23.228571428571428,26.0,ใต้สะพานตลาดพลู | เขตธนบุรี
ศูนย์ราชการแจ้งวัฒนะ(อาคารB) | เขตหลักสี่,698,1015,1713,1363,350,35,19.942857142857143,29.0,48.94285714285714,38.94285714285714,10.0,ศูนย์ราชการแจ้งวัฒนะ(อาคารB) | เขตหลักสี่
ตรงข้ามวัดมหาบุศย์ | เขตสวนหลวง,835,876,1711,737,974,32,26.09375,27.375,53.46875,23.03125,30.4375,ตรงข้ามวัดมหาบุศย์ | เขตสวนหลวง
แยกทองหล่อ | เขตวัฒนา,954,746,1700,701,999,33,28.90909090909091,22.606060606060606,51.515151515151516,21.242424242424242,30.272727272727273,แยกทองหล่อ | เขตวัฒนา
สำเพ็ง-พาหุรัด | เขตสัมพันธวงศ์,1025,668,1693,794,899,34,30.147058823529413,19.647058823529413,49.794117647058826,23.352941176470587,26.441176470588236,สำเพ็ง-พาหุรัด | เขตสัมพันธวงศ์
"แยก คปอ.,แยกแปดแฉก | เขตดอนเมือง",1056,617,1673,778,895,22,48.0,28.045454545454547,76.04545454545455,35.36363636363637,40.68181818181818,"แยก คปอ.,แยกแปดแฉก | เขตดอนเมือง"
ตลาดพระโขนง(ซอยปรีดีพนนมยงศ์ 5) | เขตวัฒนา,964,701,1665,752,913,32,30.125,21.90625,52.03125,23.5,28.53125,ตลาดพระโขนง(ซอยปรีดีพนนมยงศ์ 5) | เขตวัฒนา
ตลาดโบ้เบ้(อาคารโบ๊เบ๊ทาวเวอร์) | เขตป้อมปราบศัตรูพ่าย,945,717,1662,752,910,29,32.58620689655172,24.724137931034484,57.310344827586206,25.93103448275862,31.379310344827587,ตลาดโบ้เบ้(อาคารโบ๊เบ๊ทาวเวอร์) | เขตป้อมปราบศัตรูพ...
"วิทยาลัยอาชีวศึกษาอาชีวศิลป์,ตรงข้ามตลาดศรีย่าน | เขตดุสิต",924,738,1662,838,824,30,30.8,24.6,55.4,27.933333333333334,27.466666666666665,"วิทยาลัยอาชีวศึกษาอาชีวศิลป์,ตรงข้ามตลาดศรีย่าน | เ..."
สมบัติทัวร์ | เขตจตุจักร,1010,650,1660,860,800,28,36.07142857142857,23.214285714285715,59.285714285714285,30.714285714285715,28.571428571428573,สมบัติทัวร์ | เขตจตุจักร
ตรงข้ามตลาดปัฐวิกรณ์ | เขตบึงกุ่ม,1112,546,1658,731,927,32,34.75,17.0625,51.8125,22.84375,28.96875,ตรงข้ามตลาดปัฐวิกรณ์ | เขตบึงกุ่ม
บ้านหม้อ | เขตพระนคร,928,725,1653,820,833,31,29.93548387096774,23.387096774193548,53.32258064516129,26.451612903225808,26.870967741935484,บ้านหม้อ | เขตพระนคร
ตรงข้ามฟิวเจอร์ | เขตบางคอแหลม,896,749,1645,710,935,35,25.6,21.4,47.0,20.285714285714285,26.714285714285715,ตรงข้ามฟิวเจอร์ | เขตบางคอแหลม
แยกลาดพร้าว(ซอยลาดพร้าว 1) | เขตจตุจักร,957,674,1631,754,877,28,34.17857142857143,24.071428571428573,58.25,26.928571428571427,31.321428571428573,แยกลาดพร้าว(ซอยลาดพร้าว 1) | เขตจตุจักร
BTS หมอชิต | เขตจตุจักร,1126,503,1629,750,879,21,53.61904761904762,23.952380952380953,77.57142857142857,35.714285714285715,41.857142857142854,BTS หมอชิต | เขตจตุจักร
วัดลานบุญ(วัด1) | เขตลาดกระบัง,891,732,1623,766,857,35,25.457142857142856,20.914285714285715,46.371428571428574,21.885714285714286,24.485714285714284,วัดลานบุญ(วัด1) | เขตลาดกระบัง
หน้าร้านทองมีนบุรี | เขตมีนบุรี,989,631,1620,746,874,24,41.208333333333336,26.291666666666668,67.5,31.083333333333332,36.416666666666664,หน้าร้านทองมีนบุรี | เขตมีนบุรี
BTS ห้าแยกลาดพร้าว | เขตจตุจักร,1054,565,1619,758,861,33,31.939393939393938,17.12121212121212,49.06060606060606,22.96969696969697,26.09090909090909,BTS ห้าแยกลาดพร้าว | เขตจตุจักร
ตรงข้ามโรงพยาบาลนพรัตน์ | เขตคันนายาว,863,756,1619,1098,521,35,24.65714285714286,21.6,46.25714285714286,31.37142857142857,14.885714285714286,ตรงข้ามโรงพยาบาลนพรัตน์ | เขตคันนายาว
"ซอยพหลโยธิน 1,ซอยลือชา | เขตพญาไท",945,673,1618,799,819,29,32.58620689655172,23.20689655172414,55.793103448275865,27.551724137931036,28.24137931034483,"ซอยพหลโยธิน 1,ซอยลือชา | เขตพญาไท"
เซ็นจูรี่ | เขตราชเทวี,888,727,1615,803,812,33,26.90909090909091,22.03030303030303,48.93939393939394,24.333333333333332,24.606060606060606,เซ็นจูรี่ | เขตราชเทวี
ซอยจรัญสนิทวงศ์ 43 | เขตบางกอกน้อย,919,696,1615,750,865,32,28.71875,21.75,50.46875,23.4375,27.03125,ซอยจรัญสนิทวงศ์ 43 | เขตบางกอกน้อย
ตรงข้ามสถานีขนส่งสายใต้ใหม่(ตลิ่งชัน) | เขตตลิ่งชัน,1165,444,1609,763,846,35,33.285714285714285,12.685714285714285,45.97142857142857,21.8,24.17142857142857,ตรงข้ามสถานีขนส่งสายใต้ใหม่(ตลิ่งชัน) | เขตตลิ่งชัน
บริษัท ไฟลมาร์ จำกัด | เขตห้วยขวาง,846,762,1608,822,786,34,24.88235294117647,22.41176470588235,47.294117647058826,24.176470588235293,23.11764705882353,บริษัท ไฟลมาร์ จำกัด | เขตห้วยขวาง
เทสโกโลตัสปิ่นเกล้า | เขตบางกอกน้อย,684,916,1600,795,805,33,20.727272727272727,27.757575757575758,48.484848484848484,24.09090909090909,24.393939393939394,เทสโกโลตัสปิ่นเกล้า | เขตบางกอกน้อย
เทสโก้โลตัสเตาปูน | เขตบางซื่อ,802,785,1587,745,842,33,24.303030303030305,23.78787878787879,48.09090909090909,22.575757575757574,25.515151515151516,เทสโก้โลตัสเตาปูน | เขตบางซื่อ
ตลาดสดเอกชัย | เขตบางบอน,931,652,1583,571,1012,34,27.38235294117647,19.176470588235293,46.55882352941177,16.794117647058822,29.764705882352942,ตลาดสดเอกชัย | เขตบางบอน
โรงพยาบาลรามคำแหง | เขตบางกะปิ,896,682,1578,774,804,34,26.352941176470587,20.058823529411764,46.411764705882355,22.764705882352942,23.647058823529413,โรงพยาบาลรามคำแหง | เขตบางกะปิ
เทสโก้โลตัสลาดพร้าว | เขตจตุจักร,835,728,1563,720,843,33,25.303030303030305,22.060606060606062,47.36363636363637,21.818181818181817,25.545454545454547,เทสโก้โลตัสลาดพร้าว | เขตจตุจักร
สำนักงานเขตบางขุนเทียน | เขตบางขุนเทียน,633,919,1552,782,770,34,18.61764705882353,27.029411764705884,45.64705882352941,23.0,22.647058823529413,สำนักงานเขตบางขุนเทียน | เขตบางขุนเทียน
ซอยเอกมัย 7 | เขตวัฒนา,919,632,1551,679,872,30,30.633333333333333,21.066666666666666,51.7,22.633333333333333,29.066666666666666,ซอยเอกมัย 7 | เขตวัฒนา
โลตัสจรัญสนิทวงศ์ | เขตบางพลัด,904,645,1549,722,827,34,26.58823529411765,18.970588235294116,45.55882352941177,21.235294117647058,24.323529411764707,โลตัสจรัญสนิทวงศ์ | เขตบางพลัด
ซอยปลั่ง | เขตจอมทอง,1000,548,1548,711,837,28,35.714285714285715,19.571428571428573,55.285714285714285,25.392857142857142,29.892857142857142,ซอยปลั่ง | เขตจอมทอง
บิ๊กซีแจ้งวัฒนะ | เขตหลักสี่,872,664,1536,782,754,35,24.914285714285715,18.97142857142857,43.885714285714286,22.34285714285714,21.542857142857144,บิ๊กซีแจ้งวัฒนะ | เขตหลักสี่
ดอนเมือง(สำนักงานท่าอากาศยาน) | เขตดอนเมือง,1011,520,1531,778,753,35,28.885714285714286,14.857142857142858,43.74285714285714,22.228571428571428,21.514285714285716,ดอนเมือง(สำนักงานท่าอากาศยาน) | เขตดอนเมือง
อนุสาวรีย์ชัยสมรภูมิ (เกาะดินแดง) | เขตราชเทวี,871,656,1527,711,816,31,28.096774193548388,21.161290322580644,49.25806451612903,22.93548387096774,26.322580645161292,อนุสาวรีย์ชัยสมรภูมิ (เกาะดินแดง) | เขตราชเทวี
ท่าราม 1 | เขตห้วยขวาง,843,680,1523,721,802,33,25.545454545454547,20.606060606060606,46.15151515151515,21.848484848484848,24.303030303030305,ท่าราม 1 | เขตห้วยขวาง
ศูนย์อีซูซุถนนเทียมร่วมมิตร | เขตห้วยขวาง,720,792,1512,725,787,34,21.176470588235293,23.294117647058822,44.470588235294116,21.323529411764707,23.147058823529413,ศูนย์อีซูซุถนนเทียมร่วมมิตร | เขตห้วยขวาง
บิ๊กซีเอ็กซ์ตร้าอ่อนนุช | เขตวัฒนา,826,678,1504,702,802,33,25.03030303030303,20.545454545454547,45.57575757575758,21.272727272727273,24.303030303030305,บิ๊กซีเอ็กซ์ตร้าอ่อนนุช | เขตวัฒนา
ลุมพินีพาร์คปิ่นเกล้า | เขตบางกอกน้อย,858,644,1502,691,811,21,40.857142857142854,30.666666666666668,71.52380952380952,32.904761904761905,38.61904761904762,ลุมพินีพาร์คปิ่นเกล้า | เขตบางกอกน้อย
สยามนิรมิต | เขตห้วยขวาง,791,705,1496,738,758,32,24.71875,22.03125,46.75,23.0625,23.6875,สยามนิรมิต | เขตห้วยขวาง
ดิยูโรเปี้ยนทาวน์ | เขตลาดกระบัง,903,591,1494,752,742,34,26.558823529411764,17.38235294117647,43.94117647058823,22.11764705882353,21.823529411764707,ดิยูโรเปี้ยนทาวน์ | เขตลาดกระบัง
ศาลอาญา | เขตจตุจักร,886,607,1493,855,638,34,26.058823529411764,17.852941176470587,43.911764705882355,25.147058823529413,18.764705882352942,ศาลอาญา | เขตจตุจักร
บรมราชชนนี 12 | เขตบางพลัด,981,510,1491,748,743,32,30.65625,15.9375,46.59375,23.375,23.21875,บรมราชชนนี 12 | เขตบางพลัด
การเคหะร่มเกล้าตลาดเกรียงไกร | เขตลาดกระบัง,853,635,1488,750,738,31,27.516129032258064,20.483870967741936,48.0,24.193548387096776,23.806451612903224,การเคหะร่มเกล้าตลาดเกรียงไกร | เขตลาดกระบัง
ตรงข้ามสวนจตุจักร | เขตจตุจักร,1033,452,1485,722,763,35,29.514285714285716,12.914285714285715,42.42857142857143,20.62857142857143,21.8,ตรงข้ามสวนจตุจักร | เขตจตุจักร
บิ๊กซีราชดำริ | เขตปทุมวัน,730,751,1481,657,824,32,22.8125,23.46875,46.28125,20.53125,25.75,บิ๊กซีราชดำริ | เขตปทุมวัน
MRT สามย่าน | เขตบางรัก,767,704,1471,702,769,25,30.68,28.16,58.84,28.08,30.76,MRT สามย่าน | เขตบางรัก
ตรงข้ามซอยปลั่ง | เขตจอมทอง,866,601,1467,645,822,16,54.125,37.5625,91.6875,40.3125,51.375,ตรงข้ามซอยปลั่ง | เขตจอมทอง
ซอยจันทร์ 18/8 | เขตสาทร,817,649,1466,694,772,29,28.17241379310345,22.379310344827587,50.55172413793103,23.93103448275862,26.620689655172413,ซอยจันทร์ 18/8 | เขตสาทร
ตรงข้ามวัดอรุณ | เขตบางกอกใหญ่,706,759,1465,641,824,35,20.17142857142857,21.685714285714287,41.857142857142854,18.314285714285713,23.542857142857144,ตรงข้ามวัดอรุณ | เขตบางกอกใหญ่
"ธนาคารกรุงไทย,ตรงข้ามโรงพยาบาลเซ็นทรัล | เขตบางเขน",934,529,1463,755,708,29,32.206896551724135,18.24137931034483,50.44827586206897,26.03448275862069,24.413793103448278,"ธนาคารกรุงไทย,ตรงข้ามโรงพยาบาลเซ็นทรัล | เขตบางเขน"
โรงพยาบาลบางมด | เขตจอมทอง,800,658,1458,756,702,34,23.529411764705884,19.352941176470587,42.88235294117647,22.235294117647058,20.647058823529413,โรงพยาบาลบางมด | เขตจอมทอง
ตรงข้ามตลาดพระโขนง | เขตคลองเตย,826,631,1457,647,810,30,27.533333333333335,21.033333333333335,48.56666666666667,21.566666666666666,27.0,ตรงข้ามตลาดพระโขนง | เขตคลองเตย
โรงเรียนเจริญผล | เขตหลักสี่,834,623,1457,717,740,35,23.82857142857143,17.8,41.628571428571426,20.485714285714284,21.142857142857142,โรงเรียนเจริญผล | เขตหลักสี่
แยกเกษตร(ตลาดอมรพันธ์) | เขตจตุจักร,876,577,1453,641,812,30,29.2,19.233333333333334,48.43333333333333,21.366666666666667,27.066666666666666,แยกเกษตร(ตลาดอมรพันธ์) | เขตจตุจักร
BTS บางนา | เขตบางนา,621,828,1449,771,678,34,18.264705882352942,24.352941176470587,42.61764705882353,22.676470588235293,19.941176470588236,BTS บางนา | เขตบางนา
ปณ.รองเมือง | เขตปทุมวัน,793,652,1445,699,746,29,27.344827586206897,22.482758620689655,49.827586206896555,24.103448275862068,25.724137931034484,ปณ.รองเมือง | เขตปทุมวัน
MRT กำแพงเพชร | เขตจตุจักร,765,673,1438,581,857,35,21.857142857142858,19.228571428571428,41.08571428571429,16.6,24.485714285714284,MRT กำแพงเพชร | เขตจตุจักร
"สถานีรถไฟบางเขน,ตรงข้ามโรงพยาบาลวิภาวดี | เขตจตุจักร",842,586,1428,722,706,31,27.161290322580644,18.903225806451612,46.064516129032256,23.29032258064516,22.774193548387096,"สถานีรถไฟบางเขน,ตรงข้ามโรงพยาบาลวิภาวดี | เขตจตุจักร"
BTS มหาวิทยาลัยเกษตรศาสตร์ | เขตจตุจักร,1126,299,1425,739,686,34,33.11764705882353,8.794117647058824,41.911764705882355,21.735294117647058,20.176470588235293,BTS มหาวิทยาลัยเกษตรศาสตร์ | เขตจตุจักร
BTS วุฒากาศ | เขตจอมทอง,780,642,1422,759,663,34,22.941176470588236,18.88235294117647,41.8235294117647,22.323529411764707,19.5,BTS วุฒากาศ | เขตจอมทอง
รามคำแหง 2 ซอย 8 | เขตประเวศ,896,526,1422,702,720,30,29.866666666666667,17.533333333333335,47.4,23.4,24.0,รามคำแหง 2 ซอย 8 | เขตประเวศ
ตรงข้ามซอยอิสรภาพ 23/2 | เขตบางกอกใหญ่,756,662,1418,709,709,35,21.6,18.914285714285715,40.51428571428571,20.257142857142856,20.257142857142856,ตรงข้ามซอยอิสรภาพ 23/2 | เขตบางกอกใหญ่
มหาวิทยาลัยเทคโนโลยีพระจอมเกล้าพระนครเหนือ | เขตบางซื่อ,837,580,1417,890,527,35,23.914285714285715,16.571428571428573,40.48571428571429,25.428571428571427,15.057142857142857,มหาวิทยาลัยเทคโนโลยีพระจอมเกล้าพระนครเหนือ | เขตบาง...
BTS ราชเทวี(ทางออก2) | เขตราชเทวี,852,563,1415,659,756,27,31.555555555555557,20.85185185185185,52.407407407407405,24.40740740740741,28.0,BTS ราชเทวี(ทางออก2) | เขตราชเทวี
ตรงข้ามมหาวิทยาลัยราชภัฏสวนสุนันทา | เขตดุสิต,660,749,1409,596,813,33,20.0,22.696969696969695,42.696969696969695,18.060606060606062,24.636363636363637,ตรงข้ามมหาวิทยาลัยราชภัฏสวนสุนันทา | เขตดุสิต
เจเจมอลล์ | เขตจตุจักร,685,723,1408,558,850,35,19.571428571428573,20.65714285714286,40.22857142857143,15.942857142857143,24.285714285714285,เจเจมอลล์ | เขตจตุจักร
"วัดบางพลัด,จรัญสนิทวงศ์ 77/3 | เขตบางพลัด",791,613,1404,679,725,31,25.516129032258064,19.774193548387096,45.29032258064516,21.903225806451612,23.387096774193548,"วัดบางพลัด,จรัญสนิทวงศ์ 77/3 | เขตบางพลัด"
โรงพยาบาลเพชรเวช | เขตห้วยขวาง,749,655,1404,716,688,35,21.4,18.714285714285715,40.114285714285714,20.457142857142856,19.65714285714286,โรงพยาบาลเพชรเวช | เขตห้วยขวาง
ซอยเสือใหญ่ | เขตจตุจักร,674,725,1399,682,717,31,21.741935483870968,23.387096774193548,45.12903225806452,22.0,23.129032258064516,ซอยเสือใหญ่ | เขตจตุจักร
ตรงข้ามตลาดบางปะกอก | เขตราษฎร์บูรณะ,926,472,1398,684,714,33,28.060606060606062,14.303030303030303,42.36363636363637,20.727272727272727,21.636363636363637,ตรงข้ามตลาดบางปะกอก | เขตราษฎร์บูรณะ
บิ๊กซีถนนเอกชัย | เขตบางบอน,897,494,1391,653,738,32,28.03125,15.4375,43.46875,20.40625,23.0625,บิ๊กซีถนนเอกชัย | เขตบางบอน
เอส.เฮช.เค.กรุ๊ป | เขตจตุจักร,673,712,1385,645,740,31,21.70967741935484,22.967741935483872,44.67741935483871,20.806451612903224,23.870967741935484,เอส.เฮช.เค.กรุ๊ป | เขตจตุจักร
เดอวิลเลจอินทาวส์ | เขตวังทองหลาง,785,598,1383,654,729,31,25.322580645161292,19.29032258064516,44.61290322580645,21.096774193548388,23.516129032258064,เดอวิลเลจอินทาวส์ | เขตวังทองหลาง
ท่าปล่อยรถ สายใต้ใหม่ (ตลิ่งชัน) | เขตตลิ่งชัน,787,594,1381,687,694,33,23.848484848484848,18.0,41.84848484848485,20.818181818181817,21.03030303030303,ท่าปล่อยรถ สายใต้ใหม่ (ตลิ่งชัน) | เขตตลิ่งชัน
ตรงข้ามแฟชั่นไอส์แลนด์ | เขตคันนายาว,755,623,1378,668,710,35,21.571428571428573,17.8,39.371428571428574,19.085714285714285,20.285714285714285,ตรงข้ามแฟชั่นไอส์แลนด์ | เขตคันนายาว
ท่าเรือประตูน้ำภาษีเจริญ | เขตภาษีเจริญ,691,683,1374,622,752,35,19.742857142857144,19.514285714285716,39.25714285714286,17.771428571428572,21.485714285714284,ท่าเรือประตูน้ำภาษีเจริญ | เขตภาษีเจริญ
กระทรวงมหาดไทย | เขตพระนคร,720,648,1368,721,647,31,23.225806451612904,20.903225806451612,44.12903225806452,23.258064516129032,20.870967741935484,กระทรวงมหาดไทย | เขตพระนคร
ตลาดสำเหร่(ซอยวัดสุทธาราม) | เขตธนบุรี,781,581,1362,676,686,29,26.93103448275862,20.03448275862069,46.96551724137931,23.310344827586206,23.655172413793103,ตลาดสำเหร่(ซอยวัดสุทธาราม) | เขตธนบุรี
สะพานพระปิ่นเกล้า(ขาออก) | เขตบางกอกน้อย,824,534,1358,695,663,35,23.542857142857144,15.257142857142858,38.8,19.857142857142858,18.942857142857143,สะพานพระปิ่นเกล้า(ขาออก) | เขตบางกอกน้อย
BTS อนุสาวรีย์ชัยสมรภูมิ | เขตราชเทวี,735,622,1357,646,711,30,24.5,20.733333333333334,45.233333333333334,21.533333333333335,23.7,BTS อนุสาวรีย์ชัยสมรภูมิ | เขตราชเทวี
ตรงข้ามโรงพยาบาลวิภาราม | เขตสวนหลวง,680,675,1355,737,618,35,19.428571428571427,19.285714285714285,38.714285714285715,21.057142857142857,17.65714285714286,ตรงข้ามโรงพยาบาลวิภาราม | เขตสวนหลวง
ศูนย์หนังสือมหาวิทยาลัยรามคำแหง | เขตบางกะปิ,810,541,1351,657,694,31,26.129032258064516,17.451612903225808,43.58064516129032,21.193548387096776,22.387096774193548,ศูนย์หนังสือมหาวิทยาลัยรามคำแหง | เขตบางกะปิ
ตรงข้ามพาต้าปิ่นเกล้า | เขตบางกอกน้อย,825,522,1347,668,679,28,29.464285714285715,18.642857142857142,48.107142857142854,23.857142857142858,24.25,ตรงข้ามพาต้าปิ่นเกล้า | เขตบางกอกน้อย
ซอยสุขุมวิท 31 | เขตคลองเตย,740,604,1344,586,758,24,30.833333333333332,25.166666666666668,56.0,24.416666666666668,31.583333333333332,ซอยสุขุมวิท 31 | เขตคลองเตย
วัดดอนเมือง | เขตดอนเมือง,814,526,1340,687,653,35,23.257142857142856,15.028571428571428,38.285714285714285,19.62857142857143,18.65714285714286,วัดดอนเมือง | เขตดอนเมือง
วัดเสมียนนารี | เขตจตุจักร,703,632,1335,695,640,33,21.303030303030305,19.151515151515152,40.45454545454545,21.060606060606062,19.393939393939394,วัดเสมียนนารี | เขตจตุจักร
แยกลาดปลาเค้า(ศูนย์การค้ารามอินทรา) | เขตบางเขน,852,482,1334,673,661,34,25.058823529411764,14.176470588235293,39.23529411764706,19.794117647058822,19.441176470588236,แยกลาดปลาเค้า(ศูนย์การค้ารามอินทรา) | เขตบางเขน
เอสพลานาดรัชดาภิเษก | เขตดินแดง,750,580,1330,637,693,33,22.727272727272727,17.575757575757574,40.303030303030305,19.303030303030305,21.0,เอสพลานาดรัชดาภิเษก | เขตดินแดง
ธนาคารธนชาต | เขตธนบุรี,799,528,1327,657,670,32,24.96875,16.5,41.46875,20.53125,20.9375,ธนาคารธนชาต | เขตธนบุรี
ท่าเดอะมอลล์บางกะปิ | เขตบางกะปิ,578,747,1325,617,708,35,16.514285714285716,21.34285714285714,37.857142857142854,17.62857142857143,20.228571428571428,ท่าเดอะมอลล์บางกะปิ | เขตบางกะปิ
พาต้าปิ่นเกล้า | เขตบางกอกน้อย,852,470,1322,637,685,6,142.0,78.33333333333333,220.33333333333334,106.16666666666667,114.16666666666667,พาต้าปิ่นเกล้า | เขตบางกอกน้อย
โรงพยาบาลกว๋องสิวมูลนิธิ | เขตป้อมปราบศัตรูพ่าย,764,557,1321,591,730,23,33.21739130434783,24.217391304347824,57.43478260869565,25.695652173913043,31.73913043478261,โรงพยาบาลกว๋องสิวมูลนิธิ | เขตป้อมปราบศัตรูพ่าย
ลุมพินีทาวเวอร์(ตรงข้ามบ่อนไก่) | เขตสาทร,759,559,1318,648,670,28,27.107142857142858,19.964285714285715,47.07142857142857,23.142857142857142,23.928571428571427,ลุมพินีทาวเวอร์(ตรงข้ามบ่อนไก่) | เขตสาทร
ตรงข้ามธนบุรีพลาซ่า | เขตธนบุรี,773,543,1316,630,686,33,23.424242424242426,16.454545454545453,39.878787878787875,19.09090909090909,20.78787878787879,ตรงข้ามธนบุรีพลาซ่า | เขตธนบุรี
กองบังคับการตำรวจนครบาล 7 | เขตทวีวัฒนา,783,523,1306,664,642,35,22.37142857142857,14.942857142857143,37.31428571428572,18.97142857142857,18.34285714285714,กองบังคับการตำรวจนครบาล 7 | เขตทวีวัฒนา
ตรงข้ามโรงแรมตะวันนา | เขตบางรัก,719,584,1303,646,657,31,23.193548387096776,18.838709677419356,42.03225806451613,20.838709677419356,21.193548387096776,ตรงข้ามโรงแรมตะวันนา | เขตบางรัก
"ซอยสุขุมวิท 10(ตรงข้ามแอมบาสเดอร์),สวนชูวิทย์ | เขตวัฒนา",783,514,1297,592,705,13,60.23076923076923,39.53846153846154,99.76923076923077,45.53846153846154,54.23076923076923,"ซอยสุขุมวิท 10(ตรงข้ามแอมบาสเดอร์),สวนชูวิทย์ | เขต..."
สำนักงานตำรวจแห่งชาติ | เขตปทุมวัน,714,582,1296,669,627,31,23.032258064516128,18.774193548387096,41.806451612903224,21.580645161290324,20.225806451612904,สำนักงานตำรวจแห่งชาติ | เขตปทุมวัน
วงเวียน 22 กรกฎา | เขตป้อมปราบศัตรูพ่าย,657,637,1294,616,678,31,21.193548387096776,20.548387096774192,41.74193548387097,19.870967741935484,21.870967741935484,วงเวียน 22 กรกฎา | เขตป้อมปราบศัตรูพ่าย
โรบินสันสีลม(ตรงข้ามรพ.จุฬา) | เขตปทุมวัน,711,581,1292,813,479,23,30.91304347826087,25.26086956521739,56.17391304347826,35.34782608695652,20.82608695652174,โรบินสันสีลม(ตรงข้ามรพ.จุฬา) | เขตปทุมวัน
แยกจรัสเมือง [A] | เขตปทุมวัน,718,573,1291,574,717,32,22.4375,17.90625,40.34375,17.9375,22.40625,แยกจรัสเมือง [A] | เขตปทุมวัน
"หลังสวน,BTS ชิดลม | เขตปทุมวัน",698,593,1291,605,686,26,26.846153846153847,22.807692307692307,49.65384615384615,23.26923076923077,26.384615384615383,"หลังสวน,BTS ชิดลม | เขตปทุมวัน"
วัดโพธิ์ | เขตพระนคร,675,615,1290,594,696,29,23.275862068965516,21.20689655172414,44.48275862068966,20.482758620689655,24.0,วัดโพธิ์ | เขตพระนคร
เจริญนคร 59 | เขตธนบุรี,627,657,1284,631,653,33,19.0,19.90909090909091,38.90909090909091,19.12121212121212,19.78787878787879,เจริญนคร 59 | เขตธนบุรี
ศูนย์วิจัย | เขตห้วยขวาง,716,568,1284,609,675,31,23.096774193548388,18.322580645161292,41.41935483870968,19.64516129032258,21.774193548387096,ศูนย์วิจัย | เขตห้วยขวาง
MRTบางซื่อ | เขตจตุจักร,968,312,1280,622,658,24,40.333333333333336,13.0,53.333333333333336,25.916666666666668,27.416666666666668,MRTบางซื่อ | เขตจตุจักร
แยกบางนา(ขึ้นทางด่วน) | เขตบางนา,777,501,1278,628,650,32,24.28125,15.65625,39.9375,19.625,20.3125,แยกบางนา(ขึ้นทางด่วน) | เขตบางนา
กองปราบปราม | เขตจตุจักร,740,538,1278,597,681,34,21.764705882352942,15.823529411764707,37.588235294117645,17.558823529411764,20.029411764705884,กองปราบปราม | เขตจตุจักร
โรงเรียนพระรามหกเทคโนโลยี | เขตบางพลัด,715,562,1277,648,629,34,21.029411764705884,16.529411764705884,37.55882352941177,19.058823529411764,18.5,โรงเรียนพระรามหกเทคโนโลยี | เขตบางพลัด
มหาวิทยาลัยหอการค้าไทย | เขตดินแดง,680,596,1276,612,664,32,21.25,18.625,39.875,19.125,20.75,มหาวิทยาลัยหอการค้าไทย | เขตดินแดง
ซอยโชคชัยร่วมมิตร | เขตจตุจักร,710,565,1275,647,628,34,20.88235294117647,16.61764705882353,37.5,19.029411764705884,18.470588235294116,ซอยโชคชัยร่วมมิตร | เขตจตุจักร
วัดธรรมาส์นักบุญเปรโต | เขตภาษีเจริญ,768,507,1275,619,656,33,23.272727272727273,15.363636363636363,38.63636363636363,18.757575757575758,19.87878787878788,วัดธรรมาส์นักบุญเปรโต | เขตภาษีเจริญ
สี่แยกหลักสี่ (ถนนวิภาวดีรังสิต) | เขตหลักสี่,717,558,1275,775,500,34,21.08823529411765,16.41176470588235,37.5,22.794117647058822,14.705882352941176,สี่แยกหลักสี่ (ถนนวิภาวดีรังสิต) | เขตหลักสี่
อาคารซันทาวเวอร์ | เขตจตุจักร,842,431,1273,828,445,35,24.057142857142857,12.314285714285715,36.371428571428574,23.65714285714286,12.714285714285714,อาคารซันทาวเวอร์ | เขตจตุจักร
ซอยเอกชัย 64/7 | เขตบางบอน,744,521,1265,418,847,24,31.0,21.708333333333332,52.708333333333336,17.416666666666668,35.291666666666664,ซอยเอกชัย 64/7 | เขตบางบอน
อาคารปัญจธานี | เขตยานนาวา,586,674,1260,672,588,33,17.757575757575758,20.424242424242426,38.18181818181818,20.363636363636363,17.818181818181817,อาคารปัญจธานี | เขตยานนาวา
ตลาดศรีเขมา(ขาเข้า) | เขตบางซื่อ,704,556,1260,613,647,30,23.466666666666665,18.533333333333335,42.0,20.433333333333334,21.566666666666666,ตลาดศรีเขมา(ขาเข้า) | เขตบางซื่อ
BTS เอกมัย | เขตคลองเตย,653,604,1257,559,698,9,72.55555555555556,67.11111111111111,139.66666666666666,62.111111111111114,77.55555555555556,BTS เอกมัย | เขตคลองเตย
รร.เตรียมอุดมฯ รัชดา | เขตห้วยขวาง,742,515,1257,610,647,31,23.93548387096774,16.612903225806452,40.54838709677419,19.677419354838708,20.870967741935484,รร.เตรียมอุดมฯ รัชดา | เขตห้วยขวาง
วัดโพธิ์แมนคุณาราม | เขตยานนาวา,651,605,1256,626,630,34,19.147058823529413,17.794117647058822,36.94117647058823,18.41176470588235,18.529411764705884,วัดโพธิ์แมนคุณาราม | เขตยานนาวา
สะพานวุฒากาศ 1(ซอยวิฒากาศ 24) | เขตธนบุรี,672,579,1251,636,615,33,20.363636363636363,17.545454545454547,37.90909090909091,19.272727272727273,18.636363636363637,สะพานวุฒากาศ 1(ซอยวิฒากาศ 24) | เขตธนบุรี
โรงพยาบาลสิรินธร | เขตประเวศ,478,771,1249,901,348,35,13.657142857142857,22.02857142857143,35.68571428571428,25.742857142857144,9.942857142857143,โรงพยาบาลสิรินธร | เขตประเวศ
โรงพยาบาลนวมินทร์ 9 | เขตมีนบุรี,652,595,1247,699,548,35,18.62857142857143,17.0,35.628571428571426,19.97142857142857,15.657142857142857,โรงพยาบาลนวมินทร์ 9 | เขตมีนบุรี
อาคารว่องวานิช | เขตห้วยขวาง,597,647,1244,616,628,32,18.65625,20.21875,38.875,19.25,19.625,อาคารว่องวานิช | เขตห้วยขวาง
ซอยเอกชัย 83/8 | เขตบางบอน,775,469,1244,390,854,11,70.45454545454545,42.63636363636363,113.0909090909091,35.45454545454545,77.63636363636364,ซอยเอกชัย 83/8 | เขตบางบอน
อนุสาวรีย์ชัยสมรภูมิ (เกาะพหลโยธิน) | เขตราชเทวี,760,476,1236,573,663,27,28.14814814814815,17.62962962962963,45.77777777777778,21.22222222222222,24.555555555555557,อนุสาวรีย์ชัยสมรภูมิ (เกาะพหลโยธิน) | เขตราชเทวี
"ซอยลาดพร้าว 17, MRT ลาดพร้าว ,ลาดพร้าว 19 | เขตจตุจักร",830,403,1233,578,655,18,46.111111111111114,22.38888888888889,68.5,32.111111111111114,36.388888888888886,"ซอยลาดพร้าว 17, MRT ลาดพร้าว ,ลาดพร้าว 19 | เขตจตุจ..."
เสาชิงช้า | เขตพระนคร,620,610,1230,565,665,32,19.375,19.0625,38.4375,17.65625,20.78125,เสาชิงช้า | เขตพระนคร
ตลาดบางแค(ไอทีแกรนด์) | เขตบางแค,716,513,1229,546,683,35,20.457142857142856,14.657142857142857,35.114285714285714,15.6,19.514285714285716,ตลาดบางแค(ไอทีแกรนด์) | เขตบางแค
บิ๊กซีเพชรเกษม(หลักสอง) | เขตบางแค,781,446,1227,621,606,33,23.666666666666668,13.515151515151516,37.18181818181818,18.818181818181817,18.363636363636363,บิ๊กซีเพชรเกษม(หลักสอง) | เขตบางแค
โรงแรมกานต์มณี | เขตพญาไท,699,527,1226,591,635,33,21.181818181818183,15.969696969696969,37.15151515151515,17.90909090909091,19.242424242424242,โรงแรมกานต์มณี | เขตพญาไท
เตาปูนแมนชั่น | เขตบางซื่อ,546,679,1225,612,613,35,15.6,19.4,35.0,17.485714285714284,17.514285714285716,เตาปูนแมนชั่น | เขตบางซื่อ
ศาลาว่าการกรุงเทพมหานคร | เขตพระนคร,676,549,1225,611,614,30,22.533333333333335,18.3,40.833333333333336,20.366666666666667,20.466666666666665,ศาลาว่าการกรุงเทพมหานคร | เขตพระนคร
"วิภาวดีซอย3,ตรงข้ามซอยโชคชัยร่วมมิตร | เขตจตุจักร",645,580,1225,624,601,32,20.15625,18.125,38.28125,19.5,18.78125,"วิภาวดีซอย3,ตรงข้ามซอยโชคชัยร่วมมิตร | เขตจตุจักร"
สถานีนวสี(สายสีเทา) | เขตวังทองหลาง,635,589,1224,602,622,33,19.242424242424242,17.848484848484848,37.09090909090909,18.242424242424242,18.848484848484848,สถานีนวสี(สายสีเทา) | เขตวังทองหลาง
ตรงข้ามโรงเรียนเขมะสิริอนุสสรณ์ | เขตบางพลัด,750,470,1220,624,596,31,24.193548387096776,15.161290322580646,39.354838709677416,20.129032258064516,19.225806451612904,ตรงข้ามโรงเรียนเขมะสิริอนุสสรณ์ | เขตบางพลัด
"ตรงข้ามเมืองไทยภัทร,บริษัทเมืองไทยประกันชีวิต | เขตดินแดง",626,581,1207,576,631,29,21.586206896551722,20.03448275862069,41.62068965517241,19.862068965517242,21.75862068965517,"ตรงข้ามเมืองไทยภัทร,บริษัทเมืองไทยประกันชีวิต | เขต..."
ตลาดสดศิริชัยซอย 3 | เขตบางบอน,719,486,1205,418,787,27,26.62962962962963,18.0,44.629629629629626,15.481481481481481,29.14814814814815,ตลาดสดศิริชัยซอย 3 | เขตบางบอน
ลาดพร้าวสะพาน 2 | เขตลาดพร้าว,648,556,1204,622,582,31,20.903225806451612,17.93548387096774,38.83870967741935,20.06451612903226,18.774193548387096,ลาดพร้าวสะพาน 2 | เขตลาดพร้าว
"ซอยเลียบคลอง 9,ตรงข้ามซอยทวีวัฒนา 9 | เขตทวีวัฒนา",746,456,1202,504,698,33,22.606060606060606,13.818181818181818,36.42424242424242,15.272727272727273,21.151515151515152,"ซอยเลียบคลอง 9,ตรงข้ามซอยทวีวัฒนา 9 | เขตทวีวัฒนา"
แยกพรานนก | เขตบางกอกน้อย,637,558,1195,581,614,31,20.548387096774192,18.0,38.54838709677419,18.741935483870968,19.806451612903224,แยกพรานนก | เขตบางกอกน้อย
โรงเรียนบางบัว | เขตจตุจักร,619,574,1193,614,579,33,18.757575757575758,17.393939393939394,36.15151515151515,18.606060606060606,17.545454545454547,โรงเรียนบางบัว | เขตจตุจักร
สยามเซ็นเตอร์ | เขตปทุมวัน,468,724,1192,571,621,32,14.625,22.625,37.25,17.84375,19.40625,สยามเซ็นเตอร์ | เขตปทุมวัน
ตรงข้ามศูนย์ฮอนด้าพระราม3สาขาสุรวงศ์ | เขตบางรัก,673,519,1192,618,574,31,21.70967741935484,16.741935483870968,38.45161290322581,19.93548387096774,18.516129032258064,ตรงข้ามศูนย์ฮอนด้าพระราม3สาขาสุรวงศ์ | เขตบางรัก
มหาวิทยาลัยเกษตรศาสตร์ประตู 1 | เขตจตุจักร,795,396,1191,598,593,33,24.09090909090909,12.0,36.09090909090909,18.12121212121212,17.96969696969697,มหาวิทยาลัยเกษตรศาสตร์ประตู 1 | เขตจตุจักร
ตลาดท่าดินแดง | เขตคลองสาน,547,641,1188,557,631,32,17.09375,20.03125,37.125,17.40625,19.71875,ตลาดท่าดินแดง | เขตคลองสาน
"คอนโดลุมพินี,ตรงข้ามซอยอมรวิวัฒน์ | เขตคันนายาว",715,470,1185,593,592,31,23.06451612903226,15.161290322580646,38.225806451612904,19.129032258064516,19.096774193548388,"คอนโดลุมพินี,ตรงข้ามซอยอมรวิวัฒน์ | เขตคันนายาว"
สายน้ำผึ้ง | เขตคลองเตย,542,640,1182,528,654,30,18.066666666666666,21.333333333333332,39.4,17.6,21.8,สายน้ำผึ้ง | เขตคลองเตย
โรงพยาบาลเซ็นต์หลุย | เขตสาทร,659,518,1177,596,581,29,22.724137931034484,17.862068965517242,40.58620689655172,20.551724137931036,20.03448275862069,โรงพยาบาลเซ็นต์หลุย | เขตสาทร
"ซอยวิภาวดี 42,ตรงข้ามวัดเสมียน | เขตจตุจักร",760,414,1174,599,575,33,23.03030303030303,12.545454545454545,35.57575757575758,18.151515151515152,17.424242424242426,"ซอยวิภาวดี 42,ตรงข้ามวัดเสมียน | เขตจตุจักร"
ท่าม.รามคำแหง | เขตวังทองหลาง,510,663,1173,560,613,30,17.0,22.1,39.1,18.666666666666668,20.433333333333334,ท่าม.รามคำแหง | เขตวังทองหลาง
ตลาดน้อย | เขตสัมพันธวงศ์,633,538,1171,564,607,30,21.1,17.933333333333334,39.03333333333333,18.8,20.233333333333334,ตลาดน้อย | เขตสัมพันธวงศ์
โรงพยาบาลลาดพร้าว | เขตวังทองหลาง,666,504,1170,615,555,32,20.8125,15.75,36.5625,19.21875,17.34375,โรงพยาบาลลาดพร้าว | เขตวังทองหลาง
แยกนรารมย์ | เขตบางรัก,690,479,1169,577,592,32,21.5625,14.96875,36.53125,18.03125,18.5,แยกนรารมย์ | เขตบางรัก
"โรงพยาบาล หู ตา คอ จมูก ,ก่อนถึงสายใต้ปิ่นเกล้า | เขตบางกอกน้อย",620,548,1168,591,577,31,20.0,17.677419354838708,37.67741935483871,19.06451612903226,18.612903225806452,"โรงพยาบาล หู ตา คอ จมูก ,ก่อนถึงสายใต้ปิ่นเกล้า | เ..."
BTSกรุงธนบุรี(ทางออก1) | เขตคลองสาน,720,447,1167,642,525,34,21.176470588235293,13.147058823529411,34.3235294117647,18.88235294117647,15.441176470588236,BTSกรุงธนบุรี(ทางออก1) | เขตคลองสาน
กรมทางหลวงธนบุรี(บางกรวย) | เขตบางพลัด,647,520,1167,519,648,35,18.485714285714284,14.857142857142858,33.34285714285714,14.82857142857143,18.514285714285716,กรมทางหลวงธนบุรี(บางกรวย) | เขตบางพลัด
ท่ารถสาย 92 พัฒนาการ | เขตสวนหลวง,580,585,1165,569,596,33,17.575757575757574,17.727272727272727,35.303030303030305,17.242424242424242,18.060606060606062,ท่ารถสาย 92 พัฒนาการ | เขตสวนหลวง
"ซอยสุขุมวิท 19,โรบินสัน | เขตคลองเตย",709,456,1165,522,643,14,50.642857142857146,32.57142857142857,83.21428571428571,37.285714285714285,45.92857142857143,"ซอยสุขุมวิท 19,โรบินสัน | เขตคลองเตย"
BTS เเบริ่ง | เขตบางนา,725,435,1160,589,571,31,23.387096774193548,14.03225806451613,37.41935483870968,19.0,18.419354838709676,BTS เเบริ่ง | เขตบางนา
แยกบางเวก ซอยจรัญสนิทวงศ์ 13 | เขตภาษีเจริญ,714,443,1157,583,574,31,23.032258064516128,14.290322580645162,37.32258064516129,18.806451612903224,18.516129032258064,แยกบางเวก ซอยจรัญสนิทวงศ์ 13 | เขตภาษีเจริญ
โรงพยาบาลบางกอก8อินเตอร์เนชั่นแนล | เขตบางบอน,556,600,1156,637,519,34,16.352941176470587,17.647058823529413,34.0,18.735294117647058,15.264705882352942,โรงพยาบาลบางกอก8อินเตอร์เนชั่นแนล | เขตบางบอน
เซ็นทรัลสีลม | เขตบางรัก,626,528,1154,621,533,32,19.5625,16.5,36.0625,19.40625,16.65625,เซ็นทรัลสีลม | เขตบางรัก
ตึกเอสซีบีสำนักงานใหญ่ | เขตจตุจักร,697,452,1149,633,516,35,19.914285714285715,12.914285714285715,32.82857142857143,18.085714285714285,14.742857142857142,ตึกเอสซีบีสำนักงานใหญ่ | เขตจตุจักร
ศูนย์บริการสาธารณสุข 40 | เขตบางแค,683,465,1148,675,473,31,22.032258064516128,15.0,37.03225806451613,21.774193548387096,15.258064516129032,ศูนย์บริการสาธารณสุข 40 | เขตบางแค
ตลาดมิ่งขวัญ(ถนนสุทธิสารวินิจฉัยขาเข้า) | เขตพญาไท,664,484,1148,538,610,32,20.75,15.125,35.875,16.8125,19.0625,ตลาดมิ่งขวัญ(ถนนสุทธิสารวินิจฉัยขาเข้า) | เขตพญาไท
"ซอยรามคำแหง 61,ตรงข้ามสนามกีฬาหัวหมาก | เขตบางกะปิ",612,535,1147,501,646,31,19.741935483870968,17.258064516129032,37.0,16.161290322580644,20.838709677419356,"ซอยรามคำแหง 61,ตรงข้ามสนามกีฬาหัวหมาก | เขตบางกะปิ"
ตรงข้าม รร.พิบูลประชาสรรค์ | เขตดินแดง,652,488,1140,614,526,27,24.14814814814815,18.074074074074073,42.22222222222222,22.74074074074074,19.48148148148148,ตรงข้าม รร.พิบูลประชาสรรค์ | เขตดินแดง
ตรงข้ามพันธุ์ทิพย์ประตูน้ำ | เขตราชเทวี,527,613,1140,546,594,31,17.0,19.774193548387096,36.774193548387096,17.612903225806452,19.161290322580644,ตรงข้ามพันธุ์ทิพย์ประตูน้ำ | เขตราชเทวี
ซอยพหลโยธิน 53 | เขตบางเขน,639,500,1139,581,558,29,22.03448275862069,17.24137931034483,39.275862068965516,20.03448275862069,19.24137931034483,ซอยพหลโยธิน 53 | เขตบางเขน
โรงพยาบาลเมโย | เขตจตุจักร,623,514,1137,535,602,34,18.323529411764707,15.117647058823529,33.44117647058823,15.735294117647058,17.705882352941178,โรงพยาบาลเมโย | เขตจตุจักร
ตรงข้ามเทสโก้โลตัสปิ่นเกล้า | เขตบางพลัด,818,315,1133,551,582,30,27.266666666666666,10.5,37.766666666666666,18.366666666666667,19.4,ตรงข้ามเทสโก้โลตัสปิ่นเกล้า | เขตบางพลัด
บางยี่เรือ(ขาออก) | เขตธนบุรี,639,494,1133,534,599,32,19.96875,15.4375,35.40625,16.6875,18.71875,บางยี่เรือ(ขาออก) | เขตธนบุรี
แยกสวนหลวง(ตลาดเอี่ยมสมบัติ) | เขตสวนหลวง,726,406,1132,552,580,35,20.742857142857144,11.6,32.34285714285714,15.771428571428572,16.571428571428573,แยกสวนหลวง(ตลาดเอี่ยมสมบัติ) | เขตสวนหลวง
มหาวิทยาลัยเกษตรศาสตร์ประตู 3 | เขตจตุจักร,703,428,1131,557,574,32,21.96875,13.375,35.34375,17.40625,17.9375,มหาวิทยาลัยเกษตรศาสตร์ประตู 3 | เขตจตุจักร
ปั้มบางจากกำแพงเพชร 2 | เขตจตุจักร,655,474,1129,560,569,33,19.848484848484848,14.363636363636363,34.21212121212121,16.96969696969697,17.242424242424242,ปั้มบางจากกำแพงเพชร 2 | เขตจตุจักร
"อาคารเสริมมิตร,ตรงข้ามตึกชิโนทัย | เขตวัฒนา",641,486,1127,559,568,23,27.869565217391305,21.130434782608695,49.0,24.304347826086957,24.695652173913043,"อาคารเสริมมิตร,ตรงข้ามตึกชิโนทัย | เขตวัฒนา"
"ตรงข้ามโรงงานทอผ้า,ซอยกรุงเทพ-นนทบุรี 34 | เขตบางซื่อ",702,421,1123,539,584,30,23.4,14.033333333333333,37.43333333333333,17.966666666666665,19.466666666666665,"ตรงข้ามโรงงานทอผ้า,ซอยกรุงเทพ-นนทบุรี 34 | เขตบางซื..."
สถานีตำรวจหลักสอง | เขตบางแค,601,522,1123,541,582,32,18.78125,16.3125,35.09375,16.90625,18.1875,สถานีตำรวจหลักสอง | เขตบางแค
โรงแรมมณเฑียร | เขตบางรัก,681,441,1122,543,579,21,32.42857142857143,21.0,53.42857142857143,25.857142857142858,27.571428571428573,โรงแรมมณเฑียร | เขตบางรัก
MRT ท่าพระ | เขตบางกอกใหญ่,594,526,1120,557,563,33,18.0,15.93939393939394,33.93939393939394,16.87878787878788,17.060606060606062,MRT ท่าพระ | เขตบางกอกใหญ่
มหาวิทยาลัยศรีนครินทรวิโรฒประสานมิตร | เขตวัฒนา,593,527,1120,563,557,30,19.766666666666666,17.566666666666666,37.333333333333336,18.766666666666666,18.566666666666666,มหาวิทยาลัยศรีนครินทรวิโรฒประสานมิตร | เขตวัฒนา
บิ๊กซีดาวคะนอง | เขตธนบุรี,674,445,1119,536,583,34,19.823529411764707,13.088235294117647,32.911764705882355,15.764705882352942,17.147058823529413,บิ๊กซีดาวคะนอง | เขตธนบุรี
ซอยบรมราชชนนี 22 | เขตตลิ่งชัน,766,352,1118,582,536,35,21.885714285714286,10.057142857142857,31.942857142857143,16.62857142857143,15.314285714285715,ซอยบรมราชชนนี 22 | เขตตลิ่งชัน
ตรงข้ามบ้านพักคนชราบางแค | เขตภาษีเจริญ,656,461,1117,563,554,33,19.87878787878788,13.969696969696969,33.84848484848485,17.060606060606062,16.78787878787879,ตรงข้ามบ้านพักคนชราบางแค | เขตภาษีเจริญ
โรงพยาบาลเกษมราษฏร์บางแค | เขตบางแค,636,478,1114,636,478,25,25.44,19.12,44.56,25.44,19.12,โรงพยาบาลเกษมราษฏร์บางแค | เขตบางแค
วัดบางปะกอก | เขตราษฎร์บูรณะ,689,424,1113,552,561,30,22.966666666666665,14.133333333333333,37.1,18.4,18.7,วัดบางปะกอก | เขตราษฎร์บูรณะ
โรงพยาบาลสินแพทย์ | เขตคันนายาว,700,413,1113,571,542,33,21.21212121212121,12.515151515151516,33.72727272727273,17.303030303030305,16.424242424242426,โรงพยาบาลสินแพทย์ | เขตคันนายาว
BRT สาทร | เขตสาทร,673,439,1112,714,398,34,19.794117647058822,12.911764705882353,32.705882352941174,21.0,11.705882352941176,BRT สาทร | เขตสาทร
BTS ทองหล่อ | เขตวัฒนา,681,430,1111,507,604,23,29.608695652173914,18.695652173913043,48.30434782608695,22.043478260869566,26.26086956521739,BTS ทองหล่อ | เขตวัฒนา
สถานีขนส่งผู้โดยสารกรุงเทพฯ(สายใต้เก่า) | เขตบางกอกน้อย,204,907,1111,531,580,24,8.5,37.791666666666664,46.291666666666664,22.125,24.166666666666668,สถานีขนส่งผู้โดยสารกรุงเทพฯ(สายใต้เก่า) | เขตบางกอก...
ตรงข้ามซอยสวนหลวง | เขตสวนหลวง,618,492,1110,535,575,31,19.93548387096774,15.870967741935484,35.806451612903224,17.258064516129032,18.548387096774192,ตรงข้ามซอยสวนหลวง | เขตสวนหลวง
ทรงสมัย | เขตบางพลัด,643,467,1110,545,565,34,18.91176470588235,13.735294117647058,32.64705882352941,16.029411764705884,16.61764705882353,ทรงสมัย | เขตบางพลัด
ซอยจรัญสนิทวงศ์ 96/2 | เขตบางพลัด,622,487,1109,553,556,32,19.4375,15.21875,34.65625,17.28125,17.375,ซอยจรัญสนิทวงศ์ 96/2 | เขตบางพลัด
ตลาดอมรพันธ์ | เขตจตุจักร,611,496,1107,520,587,33,18.515151515151516,15.030303030303031,33.54545454545455,15.757575757575758,17.78787878787879,ตลาดอมรพันธ์ | เขตจตุจักร
"ซอยเพชรเกษม 110,มหาวิทยาลัยธนบุรี | เขตหนองแขม",739,365,1104,541,563,31,23.838709677419356,11.774193548387096,35.61290322580645,17.451612903225808,18.161290322580644,"ซอยเพชรเกษม 110,มหาวิทยาลัยธนบุรี | เขตหนองแขม"
BTS กรุงธนบุรี | เขตคลองสาน,738,363,1101,604,497,31,23.806451612903224,11.709677419354838,35.516129032258064,19.483870967741936,16.032258064516128,BTS กรุงธนบุรี | เขตคลองสาน
"โรงพยาบาลมิชชั่น,มหานาค | เขตดุสิต",550,550,1100,554,546,31,17.741935483870968,17.741935483870968,35.483870967741936,17.870967741935484,17.612903225806452,"โรงพยาบาลมิชชั่น,มหานาค | เขตดุสิต"
แยกบางขุนนนท์ | เขตบางกอกน้อย,650,449,1099,549,550,34,19.11764705882353,13.205882352941176,32.3235294117647,16.147058823529413,16.176470588235293,แยกบางขุนนนท์ | เขตบางกอกน้อย
"แยกถนนบางพรม ,ร้านอาหารครัวยี่หร่า | เขตตลิ่งชัน",614,481,1095,563,532,30,20.466666666666665,16.033333333333335,36.5,18.766666666666666,17.733333333333334,"แยกถนนบางพรม ,ร้านอาหารครัวยี่หร่า | เขตตลิ่งชัน"
BTS สนามกีฬาแห่งชาติ | เขตปทุมวัน,596,498,1094,499,595,28,21.285714285714285,17.785714285714285,39.07142857142857,17.821428571428573,21.25,BTS สนามกีฬาแห่งชาติ | เขตปทุมวัน
บิ๊กซีสะพานใหม่ | เขตบางเขน,706,384,1090,535,555,25,28.24,15.36,43.6,21.4,22.2,บิ๊กซีสะพานใหม่ | เขตบางเขน
ตรงข้ามวัดสน | เขตราษฎร์บูรณะ,646,441,1087,559,528,34,19.0,12.970588235294118,31.970588235294116,16.441176470588236,15.529411764705882,ตรงข้ามวัดสน | เขตราษฎร์บูรณะ
ตรงข้ามซอยอินทามะระ 21 | เขตพญาไท,638,449,1087,540,547,29,22.0,15.482758620689655,37.48275862068966,18.620689655172413,18.862068965517242,ตรงข้ามซอยอินทามะระ 21 | เขตพญาไท
สถานีรถไฟฟ้าแอร์พอร์ตลิงค์หัวหมาก | เขตสวนหลวง,627,457,1084,544,540,34,18.441176470588236,13.441176470588236,31.88235294117647,16.0,15.882352941176471,สถานีรถไฟฟ้าแอร์พอร์ตลิงค์หัวหมาก | เขตสวนหลวง
รัชวิภา(ซอยพหลโยธิน 35/4) | เขตจตุจักร,572,508,1080,523,557,34,16.823529411764707,14.941176470588236,31.764705882352942,15.382352941176471,16.38235294117647,รัชวิภา(ซอยพหลโยธิน 35/4) | เขตจตุจักร
วัดสุทธิ | เขตสาทร,618,461,1079,533,546,30,20.6,15.366666666666667,35.96666666666667,17.766666666666666,18.2,วัดสุทธิ | เขตสาทร
ซอยอรุณอัมรินทร์ 39 | เขตบางกอกน้อย,573,506,1079,560,519,33,17.363636363636363,15.333333333333334,32.696969696969695,16.96969696969697,15.727272727272727,ซอยอรุณอัมรินทร์ 39 | เขตบางกอกน้อย
MRT บางอ้อ | เขตบางพลัด,622,455,1077,583,494,33,18.848484848484848,13.787878787878787,32.63636363636363,17.666666666666668,14.969696969696969,MRT บางอ้อ | เขตบางพลัด
MRT จรัญฯ 13 | เขตบางกอกใหญ่,680,396,1076,547,529,27,25.185185185185187,14.666666666666666,39.851851851851855,20.25925925925926,19.59259259259259,MRT จรัญฯ 13 | เขตบางกอกใหญ่
เมโทรพาร์คสาทร | เขตภาษีเจริญ,599,476,1075,535,540,32,18.71875,14.875,33.59375,16.71875,16.875,เมโทรพาร์คสาทร | เขตภาษีเจริญ
เนชั่นทาวเวอร์ | เขตบางนา,675,398,1073,675,398,35,19.285714285714285,11.371428571428572,30.65714285714286,19.285714285714285,11.371428571428572,เนชั่นทาวเวอร์ | เขตบางนา
ซอยสุขุมวิท 41 | เขตวัฒนา,520,548,1068,514,554,29,17.93103448275862,18.896551724137932,36.827586206896555,17.724137931034484,19.103448275862068,ซอยสุขุมวิท 41 | เขตวัฒนา
ตรงข้ามตลาดกม.4 | เขตบางเขน,680,388,1068,555,513,34,20.0,11.411764705882353,31.41176470588235,16.323529411764707,15.088235294117647,ตรงข้ามตลาดกม.4 | เขตบางเขน
MRT บางแค | เขตบางแค,618,449,1067,540,527,31,19.93548387096774,14.483870967741936,34.41935483870968,17.419354838709676,17.0,MRT บางแค | เขตบางแค
พาหุรัด(อินเดียเอ็มโพเรียม) | เขตพระนคร,558,509,1067,511,556,29,19.24137931034483,17.551724137931036,36.793103448275865,17.620689655172413,19.17241379310345,พาหุรัด(อินเดียเอ็มโพเรียม) | เขตพระนคร
ตรงข้ามวัดลาดบัวขาว | เขตบางคอแหลม,582,483,1065,518,547,31,18.774193548387096,15.580645161290322,34.354838709677416,16.70967741935484,17.64516129032258,ตรงข้ามวัดลาดบัวขาว | เขตบางคอแหลม
"เมเจอร์รามคำแหง,โรงเรียนวัดเทพลีลา | เขตบางกะปิ",634,430,1064,523,541,28,22.642857142857142,15.357142857142858,38.0,18.678571428571427,19.321428571428573,"เมเจอร์รามคำแหง,โรงเรียนวัดเทพลีลา | เขตบางกะปิ"
"โรงหนังธนบุรีรามา,จรัญสนิทวงศ์49 | เขตบางพลัด",578,484,1062,532,530,28,20.642857142857142,17.285714285714285,37.92857142857143,19.0,18.928571428571427,"โรงหนังธนบุรีรามา,จรัญสนิทวงศ์49 | เขตบางพลัด"
สำนักงาน ป.ป.ส. | เขตพญาไท,694,367,1061,537,524,27,25.703703703703702,13.592592592592593,39.2962962962963,19.88888888888889,19.40740740740741,สำนักงาน ป.ป.ส. | เขตพญาไท
ตลาดคลองเตย(ถนนพระราม3ขาเข้า) | เขตคลองเตย,433,628,1061,463,598,26,16.653846153846153,24.153846153846153,40.80769230769231,17.807692307692307,23.0,ตลาดคลองเตย(ถนนพระราม3ขาเข้า) | เขตคลองเตย
"วัดรวกบางบำหรุ,บ้านบรรหารศิลปอาชา | เขตบางพลัด",656,403,1059,528,531,33,19.87878787878788,12.212121212121213,32.09090909090909,16.0,16.09090909090909,"วัดรวกบางบำหรุ,บ้านบรรหารศิลปอาชา | เขตบางพลัด"
"ซอยลาดพร้าว 12,ตรงข้ามบิ๊กซีลาดพร้าว | เขตจตุจักร",610,448,1058,508,550,31,19.677419354838708,14.451612903225806,34.12903225806452,16.387096774193548,17.741935483870968,"ซอยลาดพร้าว 12,ตรงข้ามบิ๊กซีลาดพร้าว | เขตจตุจักร"
ARL หัวหมาก | เขตสวนหลวง,431,625,1056,546,510,35,12.314285714285715,17.857142857142858,30.17142857142857,15.6,14.571428571428571,ARL หัวหมาก | เขตสวนหลวง
ป้อมตำรวจสุทธิสาร(ถนนประชาสุขขาเข้า) | เขตดินแดง,558,492,1050,509,541,32,17.4375,15.375,32.8125,15.90625,16.90625,ป้อมตำรวจสุทธิสาร(ถนนประชาสุขขาเข้า) | เขตดินแดง
วัดจันทร์ประดิษฐาราม | เขตภาษีเจริญ,645,404,1049,530,519,32,20.15625,12.625,32.78125,16.5625,16.21875,วัดจันทร์ประดิษฐาราม | เขตภาษีเจริญ
"ซอยบรมราชชนนี 35,ชัยพฤกษ์ (ขาออก) | เขตตลิ่งชัน",552,497,1049,558,491,32,17.25,15.53125,32.78125,17.4375,15.34375,"ซอยบรมราชชนนี 35,ชัยพฤกษ์ (ขาออก) | เขตตลิ่งชัน"
ทาว์อินทาว์ | เขตวังทองหลาง,593,454,1047,481,566,32,18.53125,14.1875,32.71875,15.03125,17.6875,ทาว์อินทาว์ | เขตวังทองหลาง
ท่าทองหล่อ | เขตวัฒนา,584,458,1042,501,541,31,18.838709677419356,14.774193548387096,33.61290322580645,16.161290322580644,17.451612903225808,ท่าทองหล่อ | เขตวัฒนา
ธนาคารทหารไทย (สำนักงานใหญ่) | เขตจตุจักร,546,494,1040,671,369,31,17.612903225806452,15.935483870967742,33.54838709677419,21.64516129032258,11.903225806451612,ธนาคารทหารไทย (สำนักงานใหญ่) | เขตจตุจักร
"โรงเรียนเทพสัมฤทธิ์,ซอยพัฒนา | เขตบางซื่อ",544,495,1039,528,511,31,17.548387096774192,15.96774193548387,33.516129032258064,17.032258064516128,16.483870967741936,"โรงเรียนเทพสัมฤทธิ์,ซอยพัฒนา | เขตบางซื่อ"
ตรงข้ามเทสโก้โลตัสพหลโยธิน | เขตบางเขน,334,702,1036,506,530,31,10.774193548387096,22.64516129032258,33.41935483870968,16.322580645161292,17.096774193548388,ตรงข้ามเทสโก้โลตัสพหลโยธิน | เขตบางเขน
หน้าโรงเรียนณรงค์สอนขับรถ | เขตบางกอกใหญ่,540,496,1036,487,549,31,17.419354838709676,16.0,33.41935483870968,15.709677419354838,17.70967741935484,หน้าโรงเรียนณรงค์สอนขับรถ | เขตบางกอกใหญ่
โรบินสันบางรัก | เขตบางรัก,638,396,1034,528,506,34,18.764705882352942,11.647058823529411,30.41176470588235,15.529411764705882,14.882352941176471,โรบินสันบางรัก | เขตบางรัก
หมู่บ้านเสรี-อ่อนนุช | เขตประเวศ,611,422,1033,504,529,31,19.70967741935484,13.612903225806452,33.32258064516129,16.258064516129032,17.06451612903226,หมู่บ้านเสรี-อ่อนนุช | เขตประเวศ
แยกภุชงค์ | เขตป้อมปราบศัตรูพ่าย,557,476,1033,499,534,12,46.416666666666664,39.666666666666664,86.08333333333333,41.583333333333336,44.5,แยกภุชงค์ | เขตป้อมปราบศัตรูพ่าย
ธนาคารกรุงไทย สาขาถนนเจริญนคร | เขตคลองสาน,579,453,1032,524,508,30,19.3,15.1,34.4,17.466666666666665,16.933333333333334,ธนาคารกรุงไทย สาขาถนนเจริญนคร | เขตคลองสาน
ซอยเอกชัย 85 | เขตบางบอน,595,435,1030,398,632,30,19.833333333333332,14.5,34.333333333333336,13.266666666666667,21.066666666666666,ซอยเอกชัย 85 | เขตบางบอน
สนามกีฬาหัวหมาก(ซอยมหาดไทย1) | เขตบางกะปิ,610,418,1028,464,564,31,19.677419354838708,13.483870967741936,33.16129032258065,14.96774193548387,18.193548387096776,สนามกีฬาหัวหมาก(ซอยมหาดไทย1) | เขตบางกะปิ
ตรงข้ามตลาดขวัญพัฒนา | เขตดินแดง,586,440,1026,488,538,30,19.533333333333335,14.666666666666666,34.2,16.266666666666666,17.933333333333334,ตรงข้ามตลาดขวัญพัฒนา | เขตดินแดง
ซอยจันทน์ 29(ขาเข้า) | เขตสาทร,582,443,1025,520,505,27,21.555555555555557,16.40740740740741,37.96296296296296,19.25925925925926,18.703703703703702,ซอยจันทน์ 29(ขาเข้า) | เขตสาทร
ซอยสุขุมวิท 47 | เขตวัฒนา,568,455,1023,499,524,27,21.037037037037038,16.85185185185185,37.888888888888886,18.48148148148148,19.40740740740741,ซอยสุขุมวิท 47 | เขตวัฒนา
บางกะปิคอนโด(แยกสวนสน)(รามคำแหง60/1) | เขตบางกะปิ,577,446,1023,506,517,32,18.03125,13.9375,31.96875,15.8125,16.15625,บางกะปิคอนโด(แยกสวนสน)(รามคำแหง60/1) | เขตบางกะปิ
ตรงข้ามแม็คโครจรัญสนิทวงศ์ | เขตบางกอกน้อย,491,528,1019,481,538,32,15.34375,16.5,31.84375,15.03125,16.8125,ตรงข้ามแม็คโครจรัญสนิทวงศ์ | เขตบางกอกน้อย
โรบินสันลาดหญ้า | เขตคลองสาน,549,468,1017,505,512,27,20.333333333333332,17.333333333333332,37.666666666666664,18.703703703703702,18.962962962962962,โรบินสันลาดหญ้า | เขตคลองสาน
สถานีวัชรพล(สายสีชมพู) | เขตบางเขน,623,393,1016,494,522,32,19.46875,12.28125,31.75,15.4375,16.3125,สถานีวัชรพล(สายสีชมพู) | เขตบางเขน
SRT จรัญสนิทวงศ์ | เขตบางกอกน้อย,584,431,1015,496,519,34,17.176470588235293,12.676470588235293,29.852941176470587,14.588235294117647,15.264705882352942,SRT จรัญสนิทวงศ์ | เขตบางกอกน้อย
"จักรวรรดิ,แยกเสือป่า,เยาวราช | เขตป้อมปราบศัตรูพ่าย",525,484,1009,419,590,28,18.75,17.285714285714285,36.035714285714285,14.964285714285714,21.071428571428573,"จักรวรรดิ,แยกเสือป่า,เยาวราช | เขตป้อมปราบศัตรูพ่าย"
ซอยลาดพร้าว 130 (วัดกลาง) | เขตบางกะปิ,621,387,1008,494,514,31,20.032258064516128,12.483870967741936,32.516129032258064,15.935483870967742,16.580645161290324,ซอยลาดพร้าว 130 (วัดกลาง) | เขตบางกะปิ
ตรงข้ามพาราไดซ์พาร์ค | เขตประเวศ,621,386,1007,487,520,35,17.742857142857144,11.028571428571428,28.771428571428572,13.914285714285715,14.857142857142858,ตรงข้ามพาราไดซ์พาร์ค | เขตประเวศ
แยกเทเวศร์ | เขตพระนคร,576,429,1005,615,390,32,18.0,13.40625,31.40625,19.21875,12.1875,แยกเทเวศร์ | เขตพระนคร
ตรงข้ามสหกรณ์กรุงเทพเอกมัย | เขตคลองเตย,364,641,1005,443,562,23,15.826086956521738,27.869565217391305,43.69565217391305,19.26086956521739,24.434782608695652,ตรงข้ามสหกรณ์กรุงเทพเอกมัย | เขตคลองเตย
BRT สะพานพระราม3 | เขตบางคอแหลม,527,477,1004,525,479,32,16.46875,14.90625,31.375,16.40625,14.96875,BRT สะพานพระราม3 | เขตบางคอแหลม
รามคำแหง 2 ซอย 10 | เขตประเวศ,563,441,1004,490,514,31,18.161290322580644,14.225806451612904,32.38709677419355,15.806451612903226,16.580645161290324,รามคำแหง 2 ซอย 10 | เขตประเวศ
ตรงข้ามตลาดรุ่งเจริญ(พัฒนาการ1) | เขตยานนาวา,592,412,1004,503,501,34,17.41176470588235,12.117647058823529,29.529411764705884,14.794117647058824,14.735294117647058,ตรงข้ามตลาดรุ่งเจริญ(พัฒนาการ1) | เขตยานนาวา
BTS พญาไท | เขตราชเทวี,558,444,1002,492,510,33,16.90909090909091,13.454545454545455,30.363636363636363,14.909090909090908,15.454545454545455,BTS พญาไท | เขตราชเทวี
หมออนันต์ | เขตบางพลัด,569,432,1001,519,482,29,19.620689655172413,14.89655172413793,34.51724137931034,17.896551724137932,16.620689655172413,หมออนันต์ | เขตบางพลัด
ซอยยาดอง(ขาเข้า) | เขตวัฒนา,538,463,1001,447,554,30,17.933333333333334,15.433333333333334,33.36666666666667,14.9,18.466666666666665,ซอยยาดอง(ขาเข้า) | เขตวัฒนา
หอศิลป์กรุงเทพฯ | เขตปทุมวัน,527,473,1000,437,563,31,17.0,15.258064516129032,32.25806451612903,14.096774193548388,18.161290322580644,หอศิลป์กรุงเทพฯ | เขตปทุมวัน
ซอยจรัญสนิทวงศ์ 82 | เขตบางพลัด,575,424,999,511,488,29,19.82758620689655,14.620689655172415,34.44827586206897,17.620689655172413,16.82758620689655,ซอยจรัญสนิทวงศ์ 82 | เขตบางพลัด
บิ๊กซีวงศ์สว่าง | เขตบางซื่อ,557,437,994,497,497,33,16.87878787878788,13.242424242424242,30.12121212121212,15.06060606060606,15.06060606060606,บิ๊กซีวงศ์สว่าง | เขตบางซื่อ
MRT ลาดพร้าว | เขตจตุจักร,577,417,994,461,533,30,19.233333333333334,13.9,33.13333333333333,15.366666666666667,17.766666666666666,MRT ลาดพร้าว | เขตจตุจักร
โรงเรียนมัธยมวัดสิงห์ | เขตจอมทอง,634,354,988,525,463,29,21.862068965517242,12.206896551724139,34.06896551724138,18.103448275862068,15.96551724137931,โรงเรียนมัธยมวัดสิงห์ | เขตจอมทอง
ร้านก๋วยเตี๋ยวเย็นตาโฟฟ้าผ่า | เขตจตุจักร,532,455,987,446,541,31,17.161290322580644,14.67741935483871,31.838709677419356,14.387096774193548,17.451612903225808,ร้านก๋วยเตี๋ยวเย็นตาโฟฟ้าผ่า | เขตจตุจักร
ททบ.5 | เขตพญาไท,491,496,987,507,480,27,18.185185185185187,18.37037037037037,36.55555555555556,18.77777777777778,17.77777777777778,ททบ.5 | เขตพญาไท
ตรงข้ามวัดพรหมวงศาราม | เขตดินแดง,493,493,986,489,497,30,16.433333333333334,16.433333333333334,32.86666666666667,16.3,16.566666666666666,ตรงข้ามวัดพรหมวงศาราม | เขตดินแดง
"ฟู้ดแลนด์,เพอร์เฟคเพลส(รามคำแหง7) | เขตบางกะปิ",475,508,983,485,498,29,16.379310344827587,17.517241379310345,33.89655172413793,16.724137931034484,17.17241379310345,"ฟู้ดแลนด์,เพอร์เฟคเพลส(รามคำแหง7) | เขตบางกะปิ"
ตรงข้ามมหาวิทยาลัยเกษตรศาสตร์(ฝั่งพหลโยธิน) | เขตจตุจักร,399,582,981,494,487,27,14.777777777777779,21.555555555555557,36.333333333333336,18.296296296296298,18.037037037037038,ตรงข้ามมหาวิทยาลัยเกษตรศาสตร์(ฝั่งพหลโยธิน) | เขตจต...
"แยก คปอ.,แยกแปดแฉก | เขตสายไหม",587,394,981,450,531,11,53.36363636363637,35.81818181818182,89.18181818181819,40.90909090909091,48.27272727272727,"แยก คปอ.,แยกแปดแฉก | เขตสายไหม"
BTS วงเวียนใหญ่(ทางออก2) | เขตคลองสาน,302,679,981,486,495,32,9.4375,21.21875,30.65625,15.1875,15.46875,BTS วงเวียนใหญ่(ทางออก2) | เขตคลองสาน
วัดอัมพวา | เขตบางกอกน้อย,587,392,979,522,457,31,18.93548387096774,12.64516129032258,31.580645161290324,16.838709677419356,14.741935483870968,วัดอัมพวา | เขตบางกอกน้อย
ตรงข้ามวัดอมาศรี(สามกุฏิ) | เขตบางพลัด,530,449,979,488,491,34,15.588235294117647,13.205882352941176,28.794117647058822,14.352941176470589,14.441176470588236,ตรงข้ามวัดอมาศรี(สามกุฏิ) | เขตบางพลัด
BTS ปุณณวิถี | เขตพระโขนง,591,388,979,490,489,31,19.06451612903226,12.516129032258064,31.580645161290324,15.806451612903226,15.774193548387096,BTS ปุณณวิถี | เขตพระโขนง
ตรงข้ามบิ๊กซีบางประกอก | เขตราษฎร์บูรณะ,532,446,978,490,488,35,15.2,12.742857142857142,27.942857142857143,14.0,13.942857142857143,ตรงข้ามบิ๊กซีบางประกอก | เขตราษฎร์บูรณะ
ซอยจันทน์ 41(ขาออก) | เขตสาทร,509,469,978,459,519,30,16.966666666666665,15.633333333333333,32.6,15.3,17.3,ซอยจันทน์ 41(ขาออก) | เขตสาทร
"เทสโก้โลตัสหลักสี่บางเขน,กรมทหารสื่อสารกองทัพบก | เขตบางเขน",525,451,976,481,495,31,16.93548387096774,14.548387096774194,31.483870967741936,15.516129032258064,15.96774193548387,"เทสโก้โลตัสหลักสี่บางเขน,กรมทหารสื่อสารกองทัพบก | เ..."
ตรงข้ามสหพัฒนพิบูลย์ | เขตห้วยขวาง,453,522,975,502,473,29,15.620689655172415,18.0,33.62068965517241,17.310344827586206,16.310344827586206,ตรงข้ามสหพัฒนพิบูลย์ | เขตห้วยขวาง
ตรงข้ามวัดตะพาน | เขตราชเทวี,523,450,973,472,501,31,16.870967741935484,14.516129032258064,31.387096774193548,15.225806451612904,16.161290322580644,ตรงข้ามวัดตะพาน | เขตราชเทวี
หมู่บ้านพฤษชาติ | เขตสะพานสูง,508,464,972,491,481,33,15.393939393939394,14.06060606060606,29.454545454545453,14.878787878787879,14.575757575757576,หมู่บ้านพฤษชาติ | เขตสะพานสูง
แยกประตูน้ำ | เขตราชเทวี,507,462,969,468,501,27,18.77777777777778,17.11111111111111,35.888888888888886,17.333333333333332,18.555555555555557,แยกประตูน้ำ | เขตราชเทวี
แยกสะพานควาย | เขตพญาไท,545,423,968,457,511,34,16.029411764705884,12.441176470588236,28.470588235294116,13.441176470588236,15.029411764705882,แยกสะพานควาย | เขตพญาไท
อาคารจอร์นนี่ซอยนราธิวาสราชนครินทร์ 8 | เขตสาทร,497,470,967,462,505,28,17.75,16.785714285714285,34.535714285714285,16.5,18.035714285714285,อาคารจอร์นนี่ซอยนราธิวาสราชนครินทร์ 8 | เขตสาทร
ลุมพินีพาร์คปิ่นเกล้า | เขตบางพลัด,569,398,967,467,500,13,43.76923076923077,30.615384615384617,74.38461538461539,35.92307692307692,38.46153846153846,ลุมพินีพาร์คปิ่นเกล้า | เขตบางพลัด
ตรงข้ามวัดภาษี | เขตวัฒนา,489,478,967,463,504,32,15.28125,14.9375,30.21875,14.46875,15.75,ตรงข้ามวัดภาษี | เขตวัฒนา
ใต้ทางด่วนพระราม 9 [B] | เขตราชเทวี,445,520,965,449,516,26,17.115384615384617,20.0,37.11538461538461,17.26923076923077,19.846153846153847,ใต้ทางด่วนพระราม 9 [B] | เขตราชเทวี
BTS สุรศักดิ์ | เขตสาทร,572,393,965,471,494,24,23.833333333333332,16.375,40.208333333333336,19.625,20.583333333333332,BTS สุรศักดิ์ | เขตสาทร
ร้านอาหารทิพวรรณ(ซอยกัณฑ์พร) | เขตวังทองหลาง,582,382,964,466,498,31,18.774193548387096,12.32258064516129,31.096774193548388,15.03225806451613,16.06451612903226,ร้านอาหารทิพวรรณ(ซอยกัณฑ์พร) | เขตวังทองหลาง
ซอยลาดกระบัง 52(จินดา) | เขตลาดกระบัง,582,382,964,516,448,33,17.636363636363637,11.575757575757576,29.21212121212121,15.636363636363637,13.575757575757576,ซอยลาดกระบัง 52(จินดา) | เขตลาดกระบัง
เอเวียนวิลเลจ | เขตลาดกระบัง,490,474,964,483,481,34,14.411764705882353,13.941176470588236,28.352941176470587,14.205882352941176,14.147058823529411,เอเวียนวิลเลจ | เขตลาดกระบัง
แยกหัวกระบือ | เขตบางขุนเทียน,563,401,964,434,530,29,19.413793103448278,13.827586206896552,33.241379310344826,14.96551724137931,18.275862068965516,แยกหัวกระบือ | เขตบางขุนเทียน
วัดเปาโรหิตย์ | เขตบางพลัด,590,373,963,476,487,32,18.4375,11.65625,30.09375,14.875,15.21875,วัดเปาโรหิตย์ | เขตบางพลัด
โรงพยาบาลบางปะกอก9อินเตอร์เนชั่นแนล | เขตจอมทอง,522,438,960,506,454,34,15.352941176470589,12.882352941176471,28.235294117647058,14.882352941176471,13.352941176470589,โรงพยาบาลบางปะกอก9อินเตอร์เนชั่นแนล | เขตจอมทอง
สถานีตำรวจบางมด | เขตจอมทอง,682,278,960,488,472,33,20.666666666666668,8.424242424242424,29.09090909090909,14.787878787878787,14.303030303030303,สถานีตำรวจบางมด | เขตจอมทอง
เอ็มควอเทียร์ | เขตวัฒนา,611,349,960,403,557,11,55.54545454545455,31.727272727272727,87.27272727272727,36.63636363636363,50.63636363636363,เอ็มควอเทียร์ | เขตวัฒนา
บริษัทเมืองไทยภัทร | เขตห้วยขวาง,507,451,958,490,468,29,17.482758620689655,15.551724137931034,33.03448275862069,16.896551724137932,16.137931034482758,บริษัทเมืองไทยภัทร | เขตห้วยขวาง
คณะพยาบาลศาสตร์เกื้อการุณย์ | เขตดุสิต,474,484,958,494,464,31,15.290322580645162,15.612903225806452,30.903225806451612,15.935483870967742,14.96774193548387,คณะพยาบาลศาสตร์เกื้อการุณย์ | เขตดุสิต
วัดคูหาสวรรค์ | เขตภาษีเจริญ,559,393,952,474,478,34,16.441176470588236,11.558823529411764,28.0,13.941176470588236,14.058823529411764,วัดคูหาสวรรค์ | เขตภาษีเจริญ
ตรงข้ามตลาดอินทรารักษ์(นวมินทร์ 38) | เขตบึงกุ่ม,577,374,951,482,469,31,18.612903225806452,12.064516129032258,30.677419354838708,15.548387096774194,15.129032258064516,ตรงข้ามตลาดอินทรารักษ์(นวมินทร์ 38) | เขตบึงกุ่ม
ซอยสุขุมวิท 15 | เขตคลองเตย,594,352,946,431,515,6,99.0,58.666666666666664,157.66666666666666,71.83333333333333,85.83333333333333,ซอยสุขุมวิท 15 | เขตคลองเตย
แยกเหนือใต้ | เขตบางคอแหลม,519,425,944,462,482,29,17.896551724137932,14.655172413793103,32.55172413793103,15.931034482758621,16.620689655172413,แยกเหนือใต้ | เขตบางคอแหลม
มหาวิทยาลัยราชภัฏจันทรเกษม | เขตจตุจักร,464,477,941,431,510,30,15.466666666666667,15.9,31.366666666666667,14.366666666666667,17.0,มหาวิทยาลัยราชภัฏจันทรเกษม | เขตจตุจักร
โรมแรมสุดา | เขตพญาไท,564,377,941,469,472,34,16.58823529411765,11.088235294117647,27.676470588235293,13.794117647058824,13.882352941176471,โรมแรมสุดา | เขตพญาไท
ราชพฤกษ์ ซอย 15 (หมู่บ้านปิ่นเกล้า) | เขตตลิ่งชัน,473,467,940,466,474,32,14.78125,14.59375,29.375,14.5625,14.8125,ราชพฤกษ์ ซอย 15 (หมู่บ้านปิ่นเกล้า) | เขตตลิ่งชัน
สะพานพระปิ่นเกล้า(ขาเข้า) | เขตบางพลัด,572,367,939,470,469,32,17.875,11.46875,29.34375,14.6875,14.65625,สะพานพระปิ่นเกล้า(ขาเข้า) | เขตบางพลัด
BRT ราชพฤกษ์ | เขตธนบุรี,449,489,938,441,497,28,16.035714285714285,17.464285714285715,33.5,15.75,17.75,BRT ราชพฤกษ์ | เขตธนบุรี
แยกลาดปลาเค้า(รามอินทรา15) | เขตบางเขน,546,392,938,466,472,30,18.2,13.066666666666666,31.266666666666666,15.533333333333333,15.733333333333333,แยกลาดปลาเค้า(รามอินทรา15) | เขตบางเขน
โรงพยาบาลทหารผ่านศึก | เขตพญาไท,494,442,936,513,423,33,14.969696969696969,13.393939393939394,28.363636363636363,15.545454545454545,12.818181818181818,โรงพยาบาลทหารผ่านศึก | เขตพญาไท
แยกลำสาลี(ถนนศรีนครินทร์ขาออก) | เขตบางกะปิ,526,409,935,451,484,30,17.533333333333335,13.633333333333333,31.166666666666668,15.033333333333333,16.133333333333333,แยกลำสาลี(ถนนศรีนครินทร์ขาออก) | เขตบางกะปิ
เทสโก้โลตัสพระราม3(ฝั่งรัชดาภิเษก) | เขตยานนาวา,397,537,934,425,509,34,11.676470588235293,15.794117647058824,27.470588235294116,12.5,14.970588235294118,เทสโก้โลตัสพระราม3(ฝั่งรัชดาภิเษก) | เขตยานนาวา
MRT เตาปูน | เขตบางซื่อ,550,384,934,461,473,29,18.96551724137931,13.241379310344827,32.206896551724135,15.89655172413793,16.310344827586206,MRT เตาปูน | เขตบางซื่อ
โรงพยาบาลนพรัตน์ | เขตคันนายาว,451,481,932,673,259,31,14.548387096774194,15.516129032258064,30.06451612903226,21.70967741935484,8.35483870967742,โรงพยาบาลนพรัตน์ | เขตคันนายาว
ตรงข้ามสำนักงานเคหะดินแดง | เขตดินแดง,517,415,932,454,478,26,19.884615384615383,15.961538461538462,35.84615384615385,17.46153846153846,18.384615384615383,ตรงข้ามสำนักงานเคหะดินแดง | เขตดินแดง
โรงเรียนสตรีวิทยา 2 | เขตลาดพร้าว,533,398,931,477,454,30,17.766666666666666,13.266666666666667,31.033333333333335,15.9,15.133333333333333,โรงเรียนสตรีวิทยา 2 | เขตลาดพร้าว
แยกพงษ์เพชร(พงษ์เพชรดำเนิน) | เขตหลักสี่,485,446,931,462,469,34,14.264705882352942,13.117647058823529,27.38235294117647,13.588235294117647,13.794117647058824,แยกพงษ์เพชร(พงษ์เพชรดำเนิน) | เขตหลักสี่
ตรงข้ามมหาวิทยาลัยหอการค้าไทย | เขตพญาไท,629,302,931,462,469,35,17.97142857142857,8.628571428571428,26.6,13.2,13.4,ตรงข้ามมหาวิทยาลัยหอการค้าไทย | เขตพญาไท
ตรงข้ามโรงพยาบาลสมเด็จพระปิ่นเกล้า | เขตธนบุรี,586,344,930,502,428,32,18.3125,10.75,29.0625,15.6875,13.375,ตรงข้ามโรงพยาบาลสมเด็จพระปิ่นเกล้า | เขตธนบุรี
BTSกรุงธนบุรี(ทางออก4) | เขตคลองสาน,346,582,928,508,420,34,10.176470588235293,17.11764705882353,27.294117647058822,14.941176470588236,12.352941176470589,BTSกรุงธนบุรี(ทางออก4) | เขตคลองสาน
โรงพยาบาลตาหูคอจมูก | เขตบางพลัด,462,465,927,478,449,35,13.2,13.285714285714286,26.485714285714284,13.657142857142857,12.82857142857143,โรงพยาบาลตาหูคอจมูก | เขตบางพลัด
ซอยเพชรเกษม 58 | เขตภาษีเจริญ,504,420,924,490,434,32,15.75,13.125,28.875,15.3125,13.5625,ซอยเพชรเกษม 58 | เขตภาษีเจริญ
หมู่บ้านมิตรภาพ | เขตสวนหลวง,485,437,922,451,471,29,16.724137931034484,15.068965517241379,31.79310344827586,15.551724137931034,16.24137931034483,หมู่บ้านมิตรภาพ | เขตสวนหลวง
ตรงข้ามตลาดคลองสาน | เขตคลองสาน,493,429,922,445,477,13,37.92307692307692,33.0,70.92307692307692,34.23076923076923,36.69230769230769,ตรงข้ามตลาดคลองสาน | เขตคลองสาน
สถานีตำรวจบางรัก | เขตบางรัก,497,423,920,477,443,29,17.137931034482758,14.586206896551724,31.724137931034484,16.448275862068964,15.275862068965518,สถานีตำรวจบางรัก | เขตบางรัก
โรงเรียนไผทอุดมศึกษา | เขตหลักสี่,577,342,919,503,416,32,18.03125,10.6875,28.71875,15.71875,13.0,โรงเรียนไผทอุดมศึกษา | เขตหลักสี่
โรงเรียนศรีอยุธยา | เขตราชเทวี,468,449,917,467,450,32,14.625,14.03125,28.65625,14.59375,14.0625,โรงเรียนศรีอยุธยา | เขตราชเทวี
โรงพยาบาลบีแคร์เมดิคอลเซ็นเตอร์ | เขตสายไหม,547,369,916,530,386,33,16.575757575757574,11.181818181818182,27.757575757575758,16.060606060606062,11.696969696969697,โรงพยาบาลบีแคร์เมดิคอลเซ็นเตอร์ | เขตสายไหม
วิทยาลัยพาณิชยการธนบุรี | เขตบางกอกใหญ่,495,420,915,462,453,31,15.96774193548387,13.548387096774194,29.516129032258064,14.903225806451612,14.612903225806452,วิทยาลัยพาณิชยการธนบุรี | เขตบางกอกใหญ่
แยกสุทธิสาร | เขตห้วยขวาง,532,382,914,486,428,26,20.46153846153846,14.692307692307692,35.15384615384615,18.692307692307693,16.46153846153846,แยกสุทธิสาร | เขตห้วยขวาง
โรงแรมแม่น้ำ | เขตบางคอแหลม,563,349,912,454,458,17,33.11764705882353,20.529411764705884,53.64705882352941,26.705882352941178,26.941176470588236,โรงแรมแม่น้ำ | เขตบางคอแหลม
ตรงข้ามตลาดบางจาก(สุขุมวิท 93) | เขตพระโขนง,507,403,910,446,464,31,16.35483870967742,13.0,29.35483870967742,14.387096774193548,14.96774193548387,ตรงข้ามตลาดบางจาก(สุขุมวิท 93) | เขตพระโขนง
โรงพยาบาลราษฎร์บูรณะ | เขตราษฎร์บูรณะ,420,489,909,500,409,33,12.727272727272727,14.818181818181818,27.545454545454547,15.151515151515152,12.393939393939394,โรงพยาบาลราษฎร์บูรณะ | เขตราษฎร์บูรณะ
ตลาดศรีวานิช | เขตดินแดง,459,450,909,443,466,25,18.36,18.0,36.36,17.72,18.64,ตลาดศรีวานิช | เขตดินแดง
ดอนเมือง (อาคารผู้โดยสาร 3) | เขตดอนเมือง,587,322,909,471,438,27,21.74074074074074,11.925925925925926,33.666666666666664,17.444444444444443,16.22222222222222,ดอนเมือง (อาคารผู้โดยสาร 3) | เขตดอนเมือง
โรงเรียนพร้อมพรรณ | เขตดินแดง,508,399,907,449,458,32,15.875,12.46875,28.34375,14.03125,14.3125,โรงเรียนพร้อมพรรณ | เขตดินแดง
ต้นกกรีสอร์ท(ขาเข้า) | เขตคลองสามวา,473,434,907,462,445,30,15.766666666666667,14.466666666666667,30.233333333333334,15.4,14.833333333333334,ต้นกกรีสอร์ท(ขาเข้า) | เขตคลองสามวา
"วัดกลาง,วัดราชคฤห์วรวิหาร | เขตธนบุรี",484,422,906,430,476,31,15.612903225806452,13.612903225806452,29.225806451612904,13.870967741935484,15.35483870967742,"วัดกลาง,วัดราชคฤห์วรวิหาร | เขตธนบุรี"
"วัดนาคปรก,ซอยเทอดไท 45 | เขตภาษีเจริญ",482,423,905,417,488,29,16.620689655172413,14.586206896551724,31.20689655172414,14.379310344827585,16.82758620689655,"วัดนาคปรก,ซอยเทอดไท 45 | เขตภาษีเจริญ"
สถานทูตสหรัฐ | เขตปทุมวัน,427,477,904,519,385,27,15.814814814814815,17.666666666666668,33.48148148148148,19.22222222222222,14.25925925925926,สถานทูตสหรัฐ | เขตปทุมวัน
บริษัทนันยางอุตสาหกรรม | เขตบางแค,560,343,903,452,451,30,18.666666666666668,11.433333333333334,30.1,15.066666666666666,15.033333333333333,บริษัทนันยางอุตสาหกรรม | เขตบางแค
แยกบางบอน(ถนนกัลปพฤกษ์ขาเข้า) | เขตบางแค,497,405,902,460,442,33,15.06060606060606,12.272727272727273,27.333333333333332,13.93939393939394,13.393939393939394,แยกบางบอน(ถนนกัลปพฤกษ์ขาเข้า) | เขตบางแค
ตรงข้ามวัดลานบุญ | เขตลาดกระบัง,550,350,900,476,424,35,15.714285714285714,10.0,25.714285714285715,13.6,12.114285714285714,ตรงข้ามวัดลานบุญ | เขตลาดกระบัง
BRT วัดด่าน | เขตยานนาวา,467,433,900,491,409,35,13.342857142857143,12.371428571428572,25.714285714285715,14.028571428571428,11.685714285714285,BRT วัดด่าน | เขตยานนาวา
ปั๊มน้ำมันปริโตนัส | เขตบางคอแหลม,492,406,898,434,464,26,18.923076923076923,15.615384615384615,34.53846153846154,16.692307692307693,17.846153846153847,ปั๊มน้ำมันปริโตนัส | เขตบางคอแหลม
ร้านลีลาวดี | เขตวังทองหลาง,494,403,897,478,419,29,17.03448275862069,13.89655172413793,30.93103448275862,16.482758620689655,14.448275862068966,ร้านลีลาวดี | เขตวังทองหลาง
บางขุนนนท์ | เขตบางกอกน้อย,530,366,896,464,432,31,17.096774193548388,11.806451612903226,28.903225806451612,14.96774193548387,13.935483870967742,บางขุนนนท์ | เขตบางกอกน้อย
หมู่บ้านประชานิเวศน์ 1 | เขตจตุจักร,522,374,896,451,445,22,23.727272727272727,17.0,40.72727272727273,20.5,20.227272727272727,หมู่บ้านประชานิเวศน์ 1 | เขตจตุจักร
BTSพระโขนง(ทางออก3) | เขตคลองเตย,545,350,895,398,497,18,30.27777777777778,19.444444444444443,49.72222222222222,22.11111111111111,27.61111111111111,BTSพระโขนง(ทางออก3) | เขตคลองเตย
มหาวิทยาลัยรามคำแหง | เขตบางกะปิ,518,376,894,432,462,26,19.923076923076923,14.461538461538462,34.38461538461539,16.615384615384617,17.76923076923077,มหาวิทยาลัยรามคำแหง | เขตบางกะปิ
"แยกกิ่งแก้ว,วัดสังฆราชา | เขตลาดกระบัง",504,390,894,427,467,28,18.0,13.928571428571429,31.928571428571427,15.25,16.678571428571427,"แยกกิ่งแก้ว,วัดสังฆราชา | เขตลาดกระบัง"
โรงพยาบาลบางปะกอก1 | เขตราษฎร์บูรณะ,424,470,894,499,395,34,12.470588235294118,13.823529411764707,26.294117647058822,14.676470588235293,11.617647058823529,โรงพยาบาลบางปะกอก1 | เขตราษฎร์บูรณะ
ร้านสบายใจ | เขตวัฒนา,503,388,891,427,464,31,16.225806451612904,12.516129032258064,28.741935483870968,13.774193548387096,14.96774193548387,ร้านสบายใจ | เขตวัฒนา
วังบูรพา | เขตพระนคร,471,420,891,384,507,28,16.821428571428573,15.0,31.821428571428573,13.714285714285714,18.107142857142858,วังบูรพา | เขตพระนคร
ตรงข้ามชินเขตน์1(นุกูลธร) | เขตหลักสี่,579,312,891,471,420,31,18.677419354838708,10.064516129032258,28.741935483870968,15.193548387096774,13.548387096774194,ตรงข้ามชินเขตน์1(นุกูลธร) | เขตหลักสี่
หัวปลาช่องนนทรี | เขตยานนาวา,426,465,891,516,375,32,13.3125,14.53125,27.84375,16.125,11.71875,หัวปลาช่องนนทรี | เขตยานนาวา
โรงพยาบาลตำรวจ | เขตปทุมวัน,395,495,890,618,272,32,12.34375,15.46875,27.8125,19.3125,8.5,โรงพยาบาลตำรวจ | เขตปทุมวัน
โรงพยาบาลพญาไทนวมินทร์ | เขตบึงกุ่ม,417,473,890,479,411,35,11.914285714285715,13.514285714285714,25.428571428571427,13.685714285714285,11.742857142857142,โรงพยาบาลพญาไทนวมินทร์ | เขตบึงกุ่ม
ซอยลาดปลาเค้า 28 | เขตลาดพร้าว,512,377,889,447,442,31,16.516129032258064,12.161290322580646,28.677419354838708,14.419354838709678,14.258064516129032,ซอยลาดปลาเค้า 28 | เขตลาดพร้าว
อาคารเกียรตินาคิน | เขตบางรัก,479,409,888,434,454,29,16.517241379310345,14.10344827586207,30.620689655172413,14.96551724137931,15.655172413793103,อาคารเกียรตินาคิน | เขตบางรัก
โรงเรียนวัดเทพลีลา | เขตบางกะปิ,506,381,887,415,472,28,18.071428571428573,13.607142857142858,31.678571428571427,14.821428571428571,16.857142857142858,โรงเรียนวัดเทพลีลา | เขตบางกะปิ
"วัดบวรนิเวศวิหาร,ท่ารถสาย 68 บางลำพู | เขตพระนคร",516,371,887,393,494,24,21.5,15.458333333333334,36.958333333333336,16.375,20.583333333333332,"วัดบวรนิเวศวิหาร,ท่ารถสาย 68 บางลำพู | เขตพระนคร"
สามเจริญพานิช | เขตบางพลัด,486,400,886,459,427,35,13.885714285714286,11.428571428571429,25.314285714285713,13.114285714285714,12.2,สามเจริญพานิช | เขตบางพลัด
ตรงข้ามซอยปรีดีพนมยงค์ 44 | เขตวัฒนา,527,358,885,409,476,32,16.46875,11.1875,27.65625,12.78125,14.875,ตรงข้ามซอยปรีดีพนมยงค์ 44 | เขตวัฒนา
ตรงข้ามตลาดสะพาน 2 | เขตวังทองหลาง,468,417,885,414,471,28,16.714285714285715,14.892857142857142,31.607142857142858,14.785714285714286,16.821428571428573,ตรงข้ามตลาดสะพาน 2 | เขตวังทองหลาง
ท่าน้ำสี่พระยา | เขตบางรัก,404,481,885,401,484,27,14.962962962962964,17.814814814814813,32.77777777777778,14.851851851851851,17.925925925925927,ท่าน้ำสี่พระยา | เขตบางรัก
มหาวิทยาลัยสยาม | เขตภาษีเจริญ,480,403,883,460,423,31,15.483870967741936,13.0,28.483870967741936,14.838709677419354,13.64516129032258,มหาวิทยาลัยสยาม | เขตภาษีเจริญ
แยกบางลำพู | เขตพระนคร,458,424,882,430,452,30,15.266666666666667,14.133333333333333,29.4,14.333333333333334,15.066666666666666,แยกบางลำพู | เขตพระนคร
อาคารศรีจุลทรัพย์ | เขตปทุมวัน,461,421,882,442,440,29,15.89655172413793,14.517241379310345,30.413793103448278,15.241379310344827,15.172413793103448,อาคารศรีจุลทรัพย์ | เขตปทุมวัน
"ตรงข้ามโรงเรียนไผทอุดม,มิราเคิลแกรนค์ | เขตหลักสี่",422,459,881,452,429,32,13.1875,14.34375,27.53125,14.125,13.40625,"ตรงข้ามโรงเรียนไผทอุดม,มิราเคิลแกรนค์ | เขตหลักสี่"
ราชภัฎธนบุรี | เขตธนบุรี,418,463,881,428,453,29,14.413793103448276,15.96551724137931,30.379310344827587,14.758620689655173,15.620689655172415,ราชภัฎธนบุรี | เขตธนบุรี
ตรงข้ามโรงพยาบาลทหารผ่าศึก | เขตพญาไท,465,415,880,577,303,30,15.5,13.833333333333334,29.333333333333332,19.233333333333334,10.1,ตรงข้ามโรงพยาบาลทหารผ่าศึก | เขตพญาไท
MRT พหลโยธิน(ทางออก3) | เขตจตุจักร,505,375,880,434,446,35,14.428571428571429,10.714285714285714,25.142857142857142,12.4,12.742857142857142,MRT พหลโยธิน(ทางออก3) | เขตจตุจักร
ตรงข้ามศูนย์โตโยต้าพระราม 9 | เขตห้วยขวาง,452,427,879,424,455,29,15.586206896551724,14.724137931034482,30.310344827586206,14.620689655172415,15.689655172413794,ตรงข้ามศูนย์โตโยต้าพระราม 9 | เขตห้วยขวาง
บริษัทเอเชียติ๊ก(ถนนเจริญกรุงขาออก) | เขตบางคอแหลม,502,375,877,432,445,31,16.193548387096776,12.096774193548388,28.29032258064516,13.935483870967742,14.35483870967742,บริษัทเอเชียติ๊ก(ถนนเจริญกรุงขาออก) | เขตบางคอแหลม
ซอยสุขุมวิท 79 | เขตคลองเตย,529,347,876,435,441,24,22.041666666666668,14.458333333333334,36.5,18.125,18.375,ซอยสุขุมวิท 79 | เขตคลองเตย
BTS แบริ่ง(ซอยลาซาล) | เขตบางนา,560,316,876,434,442,26,21.53846153846154,12.153846153846153,33.69230769230769,16.692307692307693,17.0,BTS แบริ่ง(ซอยลาซาล) | เขตบางนา
โรงแรมเลอคองคอร์ด | เขตห้วยขวาง,476,399,875,436,439,25,19.04,15.96,35.0,17.44,17.56,โรงแรมเลอคองคอร์ด | เขตห้วยขวาง
วงแหวนเซ็นเตอร์ | เขตบางแค,562,313,875,448,427,34,16.529411764705884,9.205882352941176,25.735294117647058,13.176470588235293,12.558823529411764,วงแหวนเซ็นเตอร์ | เขตบางแค
"ตรงข้ามวัดสุทัศน์,ร้านวิจิตรพานิช | เขตพระนคร",385,490,875,391,484,30,12.833333333333334,16.333333333333332,29.166666666666668,13.033333333333333,16.133333333333333,"ตรงข้ามวัดสุทัศน์,ร้านวิจิตรพานิช | เขตพระนคร"
"วัดน้อย,ซอยวงศ์สว่าง 13 | เขตบางซื่อ",548,327,875,423,452,30,18.266666666666666,10.9,29.166666666666668,14.1,15.066666666666666,"วัดน้อย,ซอยวงศ์สว่าง 13 | เขตบางซื่อ"
SRT วงเวียนใหญ่ | เขตธนบุรี,465,407,872,410,462,25,18.6,16.28,34.88,16.4,18.48,SRT วงเวียนใหญ่ | เขตธนบุรี
ตรงข้ามวัดยานนาวา | เขตสาทร,500,372,872,433,439,30,16.666666666666668,12.4,29.066666666666666,14.433333333333334,14.633333333333333,ตรงข้ามวัดยานนาวา | เขตสาทร
บิ๊กซีบางประกอก | เขตราษฎร์บูรณะ,509,362,871,440,431,25,20.36,14.48,34.84,17.6,17.24,บิ๊กซีบางประกอก | เขตราษฎร์บูรณะ
ซอย เจริญนคร 20 | เขตคลองสาน,494,377,871,431,440,28,17.642857142857142,13.464285714285714,31.107142857142858,15.392857142857142,15.714285714285714,ซอย เจริญนคร 20 | เขตคลองสาน
สนามบินดอนเมือง | เขตดอนเมือง,528,343,871,462,409,35,15.085714285714285,9.8,24.885714285714286,13.2,11.685714285714285,สนามบินดอนเมือง | เขตดอนเมือง
"ซอยสุขุมวิท 19,โรบินสัน | เขตวัฒนา",514,355,869,407,462,13,39.53846153846154,27.307692307692307,66.84615384615384,31.307692307692307,35.53846153846154,"ซอยสุขุมวิท 19,โรบินสัน | เขตวัฒนา"
แยกบางพลัด(ขาออก) | เขตบางพลัด,489,379,868,470,398,33,14.818181818181818,11.484848484848484,26.303030303030305,14.242424242424242,12.06060606060606,แยกบางพลัด(ขาออก) | เขตบางพลัด
โรงเรียนเกษมโพลีเทคนิค | เขตวัฒนา,530,337,867,428,439,31,17.096774193548388,10.870967741935484,27.967741935483872,13.806451612903226,14.161290322580646,โรงเรียนเกษมโพลีเทคนิค | เขตวัฒนา
ตรงข้ามโบสถ์แม่พระฟาติมา | เขตดินแดง,475,392,867,429,438,32,14.84375,12.25,27.09375,13.40625,13.6875,ตรงข้ามโบสถ์แม่พระฟาติมา | เขตดินแดง
"โรงพยาบาลไทยนครินทร์,บางนา-ตราด27 | เขตบางนา",447,419,866,453,413,32,13.96875,13.09375,27.0625,14.15625,12.90625,"โรงพยาบาลไทยนครินทร์,บางนา-ตราด27 | เขตบางนา"
ซอยรามคำแหง 53 | เขตบางกะปิ,508,358,866,418,448,29,17.517241379310345,12.344827586206897,29.862068965517242,14.413793103448276,15.448275862068966,ซอยรามคำแหง 53 | เขตบางกะปิ
สถาบันประสาทวิทยา | เขตราชเทวี,356,509,865,611,254,29,12.275862068965518,17.551724137931036,29.82758620689655,21.06896551724138,8.758620689655173,สถาบันประสาทวิทยา | เขตราชเทวี
ท่าเรือเกษตร - บางแค | เขตบางแค,484,381,865,435,430,29,16.689655172413794,13.137931034482758,29.82758620689655,15.0,14.827586206896552,ท่าเรือเกษตร - บางแค | เขตบางแค
ตรงข้ามองค์การสวนยาง | เขตบางกอกน้อย,477,388,865,456,409,30,15.9,12.933333333333334,28.833333333333332,15.2,13.633333333333333,ตรงข้ามองค์การสวนยาง | เขตบางกอกน้อย
ตรอกบาหยัน | เขตบางคอแหลม,437,427,864,429,435,30,14.566666666666666,14.233333333333333,28.8,14.3,14.5,ตรอกบาหยัน | เขตบางคอแหลม
BTS พร้อมพงษ์(ทางออก4) | เขตคลองเตย,453,410,863,410,453,25,18.12,16.4,34.52,16.4,18.12,BTS พร้อมพงษ์(ทางออก4) | เขตคลองเตย
"ซอยพหลโยธิน 8,ซอยสายลม | เขตพญาไท",450,413,863,458,405,27,16.666666666666668,15.296296296296296,31.962962962962962,16.962962962962962,15.0,"ซอยพหลโยธิน 8,ซอยสายลม | เขตพญาไท"
ตลาดอินทรารักษ์(ซอยนวมินทร์ 75) | เขตบึงกุ่ม,524,339,863,459,404,33,15.878787878787879,10.272727272727273,26.151515151515152,13.909090909090908,12.242424242424242,ตลาดอินทรารักษ์(ซอยนวมินทร์ 75) | เขตบึงกุ่ม
ตรงข้ามธนาคารกสิกรไทยสาขาพระราม3 | เขตยานนาวา,421,440,861,535,326,33,12.757575757575758,13.333333333333334,26.09090909090909,16.21212121212121,9.878787878787879,ตรงข้ามธนาคารกสิกรไทยสาขาพระราม3 | เขตยานนาวา
"ซอยสาธุประดิษฐ์ 57,ซอยปรียานนท์ | เขตยานนาวา",491,370,861,442,419,29,16.93103448275862,12.758620689655173,29.689655172413794,15.241379310344827,14.448275862068966,"ซอยสาธุประดิษฐ์ 57,ซอยปรียานนท์ | เขตยานนาวา"
MRT ภาษีเจริญ | เขตภาษีเจริญ,518,342,860,406,454,6,86.33333333333333,57.0,143.33333333333334,67.66666666666667,75.66666666666667,MRT ภาษีเจริญ | เขตภาษีเจริญ
ถนนบูรพา | เขตพระนคร,355,505,860,441,419,28,12.678571428571429,18.035714285714285,30.714285714285715,15.75,14.964285714285714,ถนนบูรพา | เขตพระนคร
"ซอยพัฒนาการ 27,ตรงข้ามหมู่บ้านแหลมทอง | เขตสวนหลวง",498,361,859,413,446,30,16.6,12.033333333333333,28.633333333333333,13.766666666666667,14.866666666666667,"ซอยพัฒนาการ 27,ตรงข้ามหมู่บ้านแหลมทอง | เขตสวนหลวง"
โรงเรียนสอนตัดเสื้อปรินยา | เขตบางพลัด,421,437,858,424,434,31,13.580645161290322,14.096774193548388,27.677419354838708,13.67741935483871,14.0,โรงเรียนสอนตัดเสื้อปรินยา | เขตบางพลัด
ตรงข้ามตึกช้าง | เขตจตุจักร,465,392,857,418,439,31,15.0,12.64516129032258,27.64516129032258,13.483870967741936,14.161290322580646,ตรงข้ามตึกช้าง | เขตจตุจักร
ตรงข้ามสถาบันเนติบัณฑิตยสภา | เขตทวีวัฒนา,429,428,857,420,437,30,14.3,14.266666666666667,28.566666666666666,14.0,14.566666666666666,ตรงข้ามสถาบันเนติบัณฑิตยสภา | เขตทวีวัฒนา
โรงเรียนวัดราชบพิธ(ท่าปลายทางปากคลองตลาด) | เขตพระนคร,407,449,856,412,444,30,13.566666666666666,14.966666666666667,28.533333333333335,13.733333333333333,14.8,โรงเรียนวัดราชบพิธ(ท่าปลายทางปากคลองตลาด) | เขตพระน...
บางยี่เรือ(ขาเข้า) | เขตธนบุรี,480,376,856,421,435,31,15.483870967741936,12.129032258064516,27.612903225806452,13.580645161290322,14.03225806451613,บางยี่เรือ(ขาเข้า) | เขตธนบุรี
สถานทูตจีน | เขตดินแดง,429,426,855,409,446,25,17.16,17.04,34.2,16.36,17.84,สถานทูตจีน | เขตดินแดง
ซอยนาคนิวาส 47 | เขตลาดพร้าว,458,396,854,419,435,30,15.266666666666667,13.2,28.466666666666665,13.966666666666667,14.5,ซอยนาคนิวาส 47 | เขตลาดพร้าว
ตรงข้ามศูนย์ฮอนด้ารามคำแหง | เขตบางกะปิ,454,400,854,416,438,32,14.1875,12.5,26.6875,13.0,13.6875,ตรงข้ามศูนย์ฮอนด้ารามคำแหง | เขตบางกะปิ
ซอยเจริญนคร 39 | เขตคลองสาน,449,404,853,439,414,30,14.966666666666667,13.466666666666667,28.433333333333334,14.633333333333333,13.8,ซอยเจริญนคร 39 | เขตคลองสาน
บางกระดี่(ถนนพระราม2ขาเข้า) | เขตบางขุนเทียน,666,186,852,414,438,30,22.2,6.2,28.4,13.8,14.6,บางกระดี่(ถนนพระราม2ขาเข้า) | เขตบางขุนเทียน
เทสโก้โลตัสบางแค | เขตบางแค,455,397,852,407,445,32,14.21875,12.40625,26.625,12.71875,13.90625,เทสโก้โลตัสบางแค | เขตบางแค
เดอะนายน์ พระราม 9 | เขตสวนหลวง,402,450,852,428,424,34,11.823529411764707,13.235294117647058,25.058823529411764,12.588235294117647,12.470588235294118,เดอะนายน์ พระราม 9 | เขตสวนหลวง
BTS เพลินจิต(ซอยนายเลิศ) | เขตปทุมวัน,507,344,851,448,403,28,18.107142857142858,12.285714285714286,30.392857142857142,16.0,14.392857142857142,BTS เพลินจิต(ซอยนายเลิศ) | เขตปทุมวัน
MRT สิรินธร | เขตบางพลัด,464,387,851,431,420,32,14.5,12.09375,26.59375,13.46875,13.125,MRT สิรินธร | เขตบางพลัด
พาราไดซ์พาร์ค | เขตประเวศ,473,376,849,407,442,28,16.892857142857142,13.428571428571429,30.321428571428573,14.535714285714286,15.785714285714286,พาราไดซ์พาร์ค | เขตประเวศ
ซอยเพชรเกษม 67 | เขตบางแค,460,389,849,427,422,31,14.838709677419354,12.548387096774194,27.387096774193548,13.774193548387096,13.612903225806452,ซอยเพชรเกษม 67 | เขตบางแค
วัดราชสิงขร | เขตบางคอแหลม,486,362,848,412,436,30,16.2,12.066666666666666,28.266666666666666,13.733333333333333,14.533333333333333,วัดราชสิงขร | เขตบางคอแหลม
ซอยเจริญนคร 17 | เขตคลองสาน,453,395,848,429,419,29,15.620689655172415,13.620689655172415,29.24137931034483,14.793103448275861,14.448275862068966,ซอยเจริญนคร 17 | เขตคลองสาน
พระราม 2 ซอย 66 | เขตบางขุนเทียน,481,366,847,408,439,31,15.516129032258064,11.806451612903226,27.322580645161292,13.161290322580646,14.161290322580646,พระราม 2 ซอย 66 | เขตบางขุนเทียน
ซอยอรุณอัมรินทร์ 28 | เขตบางกอกน้อย,460,386,846,408,438,31,14.838709677419354,12.451612903225806,27.29032258064516,13.161290322580646,14.129032258064516,ซอยอรุณอัมรินทร์ 28 | เขตบางกอกน้อย
ตรงข้ามวัดกก | เขตบางขุนเทียน,497,346,843,410,433,30,16.566666666666666,11.533333333333333,28.1,13.666666666666666,14.433333333333334,ตรงข้ามวัดกก | เขตบางขุนเทียน
ตรงข้ามคอนโดลุมพินีปิ่นเกล้า | เขตบางพลัด,536,306,842,421,421,13,41.23076923076923,23.53846153846154,64.76923076923077,32.38461538461539,32.38461538461539,ตรงข้ามคอนโดลุมพินีปิ่นเกล้า | เขตบางพลัด
ตลาดบางจาก | เขตพระโขนง,503,339,842,418,424,26,19.346153846153847,13.038461538461538,32.38461538461539,16.076923076923077,16.307692307692307,ตลาดบางจาก | เขตพระโขนง
ตลาดมิ่งขวัญ(ถนนสุทธิสารวินิจฉัยขาออก) | เขตพญาไท,442,399,841,419,422,32,13.8125,12.46875,26.28125,13.09375,13.1875,ตลาดมิ่งขวัญ(ถนนสุทธิสารวินิจฉัยขาออก) | เขตพญาไท
ซีพีทาวเวอร์ | เขตบางรัก,428,413,841,514,327,30,14.266666666666667,13.766666666666667,28.033333333333335,17.133333333333333,10.9,ซีพีทาวเวอร์ | เขตบางรัก
บริษัทไทยน้ำทิพย์รามคำแหง | เขตบางกะปิ,490,350,840,404,436,28,17.5,12.5,30.0,14.428571428571429,15.571428571428571,บริษัทไทยน้ำทิพย์รามคำแหง | เขตบางกะปิ
"แม็คโครลาดพร้าว,ตะวันนา2 | เขตบางกะปิ",544,295,839,417,422,32,17.0,9.21875,26.21875,13.03125,13.1875,"แม็คโครลาดพร้าว,ตะวันนา2 | เขตบางกะปิ"
เทพพากร | เขตบางพลัด,515,324,839,420,419,23,22.391304347826086,14.08695652173913,36.47826086956522,18.26086956521739,18.217391304347824,เทพพากร | เขตบางพลัด
ตลาดนัดรถไฟศรีนครินทร์ | เขตประเวศ,496,342,838,332,506,30,16.533333333333335,11.4,27.933333333333334,11.066666666666666,16.866666666666667,ตลาดนัดรถไฟศรีนครินทร์ | เขตประเวศ
"วัดภาษี,โรงเรียนวัดภาษี | เขตวัฒนา",480,357,837,400,437,16,30.0,22.3125,52.3125,25.0,27.3125,"วัดภาษี,โรงเรียนวัดภาษี | เขตวัฒนา"
"สำนักงานเขตธนบุรี,วัดเวฬุราชิน | เขตธนบุรี",429,407,836,437,399,30,14.3,13.566666666666666,27.866666666666667,14.566666666666666,13.3,"สำนักงานเขตธนบุรี,วัดเวฬุราชิน | เขตธนบุรี"
ตรงข้ามซีคอนบางแค | เขตภาษีเจริญ,401,434,835,439,396,35,11.457142857142857,12.4,23.857142857142858,12.542857142857143,11.314285714285715,ตรงข้ามซีคอนบางแค | เขตภาษีเจริญ
ตรงข้ามสถานทูตจีน | เขตห้วยขวาง,470,365,835,416,419,18,26.11111111111111,20.27777777777778,46.388888888888886,23.11111111111111,23.27777777777778,ตรงข้ามสถานทูตจีน | เขตห้วยขวาง
โรงแรมอเล็กซานเดอร์ | เขตบางกะปิ,505,330,835,412,423,32,15.78125,10.3125,26.09375,12.875,13.21875,โรงแรมอเล็กซานเดอร์ | เขตบางกะปิ
BTS ราชดำริ(ทางออก2) | เขตปทุมวัน,437,397,834,406,428,28,15.607142857142858,14.178571428571429,29.785714285714285,14.5,15.285714285714286,BTS ราชดำริ(ทางออก2) | เขตปทุมวัน
ตรงข้ามเทสโก้โลตัสพระราม 4 | เขตคลองเตย,461,373,834,392,442,32,14.40625,11.65625,26.0625,12.25,13.8125,ตรงข้ามเทสโก้โลตัสพระราม 4 | เขตคลองเตย
โรงพยาบาลการุณเวช(ถนนรามคำแหง) | เขตสะพานสูง,479,352,831,374,457,32,14.96875,11.0,25.96875,11.6875,14.28125,โรงพยาบาลการุณเวช(ถนนรามคำแหง) | เขตสะพานสูง
ตรงข้ามการไฟฟ้าย่อยคลองมอญ | เขตบางกอกน้อย,426,405,831,434,397,29,14.689655172413794,13.96551724137931,28.655172413793103,14.96551724137931,13.689655172413794,ตรงข้ามการไฟฟ้าย่อยคลองมอญ | เขตบางกอกน้อย
การไฟฟ้าย่อยบางกะปิ | เขตสวนหลวง,437,391,828,385,443,29,15.068965517241379,13.482758620689655,28.551724137931036,13.275862068965518,15.275862068965518,การไฟฟ้าย่อยบางกะปิ | เขตสวนหลวง
วัดตึก | เขตสัมพันธวงศ์,512,315,827,384,443,31,16.516129032258064,10.161290322580646,26.677419354838708,12.387096774193548,14.290322580645162,วัดตึก | เขตสัมพันธวงศ์
โรงพยาบาลปิยะเวช(ถนนพระราม 9 ขาออก) | เขตห้วยขวาง,404,423,827,414,413,33,12.242424242424242,12.818181818181818,25.060606060606062,12.545454545454545,12.515151515151516,โรงพยาบาลปิยะเวช(ถนนพระราม 9 ขาออก) | เขตห้วยขวาง
MRTบางซื่อ | เขตบางซื่อ,494,332,826,388,438,11,44.90909090909091,30.181818181818183,75.0909090909091,35.27272727272727,39.81818181818182,MRTบางซื่อ | เขตบางซื่อ
ซอยมัยลาภ(รามอินทราซอย16) | เขตบางเขน,457,369,826,420,406,29,15.758620689655173,12.724137931034482,28.482758620689655,14.482758620689655,14.0,ซอยมัยลาภ(รามอินทราซอย16) | เขตบางเขน
ซอยพหลโยธิน 18 | เขตจตุจักร,378,446,824,379,445,30,12.6,14.866666666666667,27.466666666666665,12.633333333333333,14.833333333333334,ซอยพหลโยธิน 18 | เขตจตุจักร
"ฉลองกรุง ซอย 33, ตรงข้ามตลาดหน้านิคมอุตสาหกรรมลาดกระบัง(ตลาดแย้มเจริญรัตน์) | เขตลาดกระบัง",473,351,824,411,413,31,15.258064516129032,11.32258064516129,26.580645161290324,13.258064516129032,13.32258064516129,"ฉลองกรุง ซอย 33, ตรงข้ามตลาดหน้านิคมอุตสาหกรรมลาดกร..."
แยกวัดสิงห์(ถนนกัลปพฤกษ์ขาออก) | เขตจอมทอง,522,300,822,385,437,28,18.642857142857142,10.714285714285714,29.357142857142858,13.75,15.607142857142858,แยกวัดสิงห์(ถนนกัลปพฤกษ์ขาออก) | เขตจอมทอง
"ซอยสุขุมวิท 12,ตรงข้ามโรบินสันสุขุมวิท | เขตคลองเตย",441,381,822,397,425,26,16.96153846153846,14.653846153846153,31.615384615384617,15.26923076923077,16.346153846153847,"ซอยสุขุมวิท 12,ตรงข้ามโรบินสันสุขุมวิท | เขตคลองเตย"
องค์การเภสัชกรรม | เขตราชเทวี,452,368,820,560,260,15,30.133333333333333,24.533333333333335,54.666666666666664,37.333333333333336,17.333333333333332,องค์การเภสัชกรรม | เขตราชเทวี
ตลาดลานทราย | เขตยานนาวา,441,378,819,379,440,29,15.206896551724139,13.03448275862069,28.24137931034483,13.068965517241379,15.172413793103448,ตลาดลานทราย | เขตยานนาวา
ตรงข้ามวัดศรีบุญเรือง | เขตบางกะปิ,482,336,818,421,397,30,16.066666666666666,11.2,27.266666666666666,14.033333333333333,13.233333333333333,ตรงข้ามวัดศรีบุญเรือง | เขตบางกะปิ
ซอยประชาอุทิศ 61 | เขตทุ่งครุ,490,327,817,396,421,30,16.333333333333332,10.9,27.233333333333334,13.2,14.033333333333333,ซอยประชาอุทิศ 61 | เขตทุ่งครุ
ระเบียบจามจุรี หอพักนานาชาติ | เขตปทุมวัน,366,450,816,379,437,30,12.2,15.0,27.2,12.633333333333333,14.566666666666666,ระเบียบจามจุรี หอพักนานาชาติ | เขตปทุมวัน
"สี่แยกบางโพ,โรงพยาบาลบางโพ | เขตบางซื่อ",439,375,814,412,402,23,19.08695652173913,16.304347826086957,35.391304347826086,17.91304347826087,17.47826086956522,"สี่แยกบางโพ,โรงพยาบาลบางโพ | เขตบางซื่อ"
"แฟลตทหารบก,ตรงข้ามกระทรวงการคลัง | เขตพญาไท",429,383,812,419,393,27,15.88888888888889,14.185185185185185,30.074074074074073,15.518518518518519,14.555555555555555,"แฟลตทหารบก,ตรงข้ามกระทรวงการคลัง | เขตพญาไท"
โรงเรียนกุนนทีรุทธารามวิทยาคม | เขตดินแดง,416,396,812,402,410,21,19.80952380952381,18.857142857142858,38.666666666666664,19.142857142857142,19.523809523809526,โรงเรียนกุนนทีรุทธารามวิทยาคม | เขตดินแดง
วัดกำแพง(ถนนพระราม2ขาเข้า) | เขตบางขุนเทียน,448,363,811,398,413,32,14.0,11.34375,25.34375,12.4375,12.90625,วัดกำแพง(ถนนพระราม2ขาเข้า) | เขตบางขุนเทียน
หน้าร้านสิริภัณฑ์ | เขตบางกอกใหญ่,462,348,810,419,391,33,14.0,10.545454545454545,24.545454545454547,12.696969696969697,11.848484848484848,หน้าร้านสิริภัณฑ์ | เขตบางกอกใหญ่
แยกลำสาลี(ถนนรามคำแหงขาเข้า) | เขตบางกะปิ,450,359,809,384,425,30,15.0,11.966666666666667,26.966666666666665,12.8,14.166666666666666,แยกลำสาลี(ถนนรามคำแหงขาเข้า) | เขตบางกะปิ
ตลาดคลองตัน | เขตสวนหลวง,419,389,808,392,416,30,13.966666666666667,12.966666666666667,26.933333333333334,13.066666666666666,13.866666666666667,ตลาดคลองตัน | เขตสวนหลวง
โรงพยาบาลแพทย์ปัญญา | เขตสวนหลวง,436,371,807,446,361,32,13.625,11.59375,25.21875,13.9375,11.28125,โรงพยาบาลแพทย์ปัญญา | เขตสวนหลวง
ซอยนานา | เขตวัฒนา,462,345,807,407,400,8,57.75,43.125,100.875,50.875,50.0,ซอยนานา | เขตวัฒนา
ฟิวเจอร์โฮมโปร | เขตบางคอแหลม,434,372,806,411,395,34,12.764705882352942,10.941176470588236,23.705882352941178,12.088235294117647,11.617647058823529,ฟิวเจอร์โฮมโปร | เขตบางคอแหลม
ซอยอินทามะระ 28/1 | เขตดินแดง,440,364,804,388,416,29,15.172413793103448,12.551724137931034,27.724137931034484,13.379310344827585,14.344827586206897,ซอยอินทามะระ 28/1 | เขตดินแดง
ประตูกรุงเทพ | เขตสายไหม,316,488,804,405,399,29,10.89655172413793,16.82758620689655,27.724137931034484,13.96551724137931,13.758620689655173,ประตูกรุงเทพ | เขตสายไหม
โรงแรมปริ้พาเลซ(โบ้เบ้2) | เขตป้อมปราบศัตรูพ่าย,359,444,803,378,425,32,11.21875,13.875,25.09375,11.8125,13.28125,โรงแรมปริ้พาเลซ(โบ้เบ้2) | เขตป้อมปราบศัตรูพ่าย
ตลาดกรุงธน(ขาออก) | เขตบางพลัด,467,333,800,405,395,30,15.566666666666666,11.1,26.666666666666668,13.5,13.166666666666666,ตลาดกรุงธน(ขาออก) | เขตบางพลัด
ซอยเลิศเหนือ-เลิศใต้ | เขตจอมทอง,472,327,799,386,413,28,16.857142857142858,11.678571428571429,28.535714285714285,13.785714285714286,14.75,ซอยเลิศเหนือ-เลิศใต้ | เขตจอมทอง
โรงเรียนปัญจทรัพย์ | เขตดินแดง,401,398,799,398,401,29,13.827586206896552,13.724137931034482,27.551724137931036,13.724137931034482,13.827586206896552,โรงเรียนปัญจทรัพย์ | เขตดินแดง
สำนักงานเขตจตุจักร | เขตจตุจักร,483,315,798,437,361,32,15.09375,9.84375,24.9375,13.65625,11.28125,สำนักงานเขตจตุจักร | เขตจตุจักร
เชฟออโตแอนส์วีดีโอ cdc2 | เขตบางกะปิ,467,330,797,370,427,31,15.064516129032258,10.64516129032258,25.70967741935484,11.935483870967742,13.774193548387096,เชฟออโตแอนส์วีดีโอ cdc2 | เขตบางกะปิ
SRT บางบำหรุ | เขตบางพลัด,397,400,797,417,380,35,11.342857142857143,11.428571428571429,22.771428571428572,11.914285714285715,10.857142857142858,SRT บางบำหรุ | เขตบางพลัด
MRT หลักสี่ (MRT สายสีแดง) | เขตหลักสี่,332,464,796,478,318,28,11.857142857142858,16.571428571428573,28.428571428571427,17.071428571428573,11.357142857142858,MRT หลักสี่ (MRT สายสีแดง) | เขตหลักสี่
โรงงานทอผ้า | เขตบางซื่อ,288,507,795,376,419,30,9.6,16.9,26.5,12.533333333333333,13.966666666666667,โรงงานทอผ้า | เขตบางซื่อ
ตรงข้ามโรงพยาบาลปิยะเวช | เขตห้วยขวาง,367,427,794,393,401,30,12.233333333333333,14.233333333333333,26.466666666666665,13.1,13.366666666666667,ตรงข้ามโรงพยาบาลปิยะเวช | เขตห้วยขวาง
แยกเดโช(ขาออก) | เขตบางรัก,423,371,794,378,416,30,14.1,12.366666666666667,26.466666666666665,12.6,13.866666666666667,แยกเดโช(ขาออก) | เขตบางรัก
ตรงข้ามคอนโดตลิ่งชัน | เขตตลิ่งชัน,399,394,793,407,386,32,12.46875,12.3125,24.78125,12.71875,12.0625,ตรงข้ามคอนโดตลิ่งชัน | เขตตลิ่งชัน
ซอยอรุณอัมรินทร์ 41 | เขตบางกอกน้อย,418,372,790,419,371,32,13.0625,11.625,24.6875,13.09375,11.59375,ซอยอรุณอัมรินทร์ 41 | เขตบางกอกน้อย
"ศูนย์ฟอร์ดบรมราชชนนี,ตรงข้ามโรงพยาบาลเจ้าพระยา | เขตบางพลัด",457,333,790,402,388,32,14.28125,10.40625,24.6875,12.5625,12.125,"ศูนย์ฟอร์ดบรมราชชนนี,ตรงข้ามโรงพยาบาลเจ้าพระยา | เข..."
บอสทาวเวอร์ | เขตคลองเตย,408,382,790,417,373,28,14.571428571428571,13.642857142857142,28.214285714285715,14.892857142857142,13.321428571428571,บอสทาวเวอร์ | เขตคลองเตย
ตลาดท่าพระรุ่งเรือง | เขตบางกอกใหญ่,430,360,790,387,403,29,14.827586206896552,12.413793103448276,27.24137931034483,13.344827586206897,13.89655172413793,ตลาดท่าพระรุ่งเรือง | เขตบางกอกใหญ่
อื้อเจือเหลียง | เขตบางรัก,439,351,790,449,341,30,14.633333333333333,11.7,26.333333333333332,14.966666666666667,11.366666666666667,อื้อเจือเหลียง | เขตบางรัก
BTSบางหว้า(ทางออก4) | เขตภาษีเจริญ,411,378,789,443,346,35,11.742857142857142,10.8,22.542857142857144,12.657142857142857,9.885714285714286,BTSบางหว้า(ทางออก4) | เขตภาษีเจริญ
สะพานเนาวจำเนียร(ขาเข้า) | เขตบางกอกใหญ่,421,368,789,389,400,30,14.033333333333333,12.266666666666667,26.3,12.966666666666667,13.333333333333334,สะพานเนาวจำเนียร(ขาเข้า) | เขตบางกอกใหญ่
"ตรงข้ามธนาคารกสิกรไทย,บิ๊กซีเอกมัย | เขตวัฒนา",447,341,788,358,430,28,15.964285714285714,12.178571428571429,28.142857142857142,12.785714285714286,15.357142857142858,"ตรงข้ามธนาคารกสิกรไทย,บิ๊กซีเอกมัย | เขตวัฒนา"
กม.7 รามอินทรา(ขาเข้า) | เขตคันนายาว,503,284,787,416,371,32,15.71875,8.875,24.59375,13.0,11.59375,กม.7 รามอินทรา(ขาเข้า) | เขตคันนายาว
แยกห้วยขวาง(ธนาคารกรุงไทยสาขาดินแดง) | เขตห้วยขวาง,447,339,786,378,408,26,17.192307692307693,13.038461538461538,30.23076923076923,14.538461538461538,15.692307692307692,แยกห้วยขวาง(ธนาคารกรุงไทยสาขาดินแดง) | เขตห้วยขวาง
ตรงข้ามวัดเศวตฉัตร | เขตคลองสาน,444,340,784,398,386,31,14.32258064516129,10.96774193548387,25.29032258064516,12.838709677419354,12.451612903225806,ตรงข้ามวัดเศวตฉัตร | เขตคลองสาน
"ตลาดเตาปูน,ซอยกรุงเทพ-นนทบุรี4 | เขตบางซื่อ",440,344,784,374,410,29,15.172413793103448,11.862068965517242,27.03448275862069,12.89655172413793,14.137931034482758,"ตลาดเตาปูน,ซอยกรุงเทพ-นนทบุรี4 | เขตบางซื่อ"
ตรงข้ามโรงพยาบาลสินแพทย์ | เขตคันนายาว,485,297,782,461,321,33,14.696969696969697,9.0,23.696969696969695,13.969696969696969,9.727272727272727,ตรงข้ามโรงพยาบาลสินแพทย์ | เขตคันนายาว
ตรงข้ามโรงแรมกู๊ดอินน์ | เขตราษฎร์บูรณะ,418,363,781,398,383,31,13.483870967741936,11.709677419354838,25.193548387096776,12.838709677419354,12.35483870967742,ตรงข้ามโรงแรมกู๊ดอินน์ | เขตราษฎร์บูรณะ
เซ็นทรัลชิดลม | เขตปทุมวัน,408,373,781,407,374,24,17.0,15.541666666666666,32.541666666666664,16.958333333333332,15.583333333333334,เซ็นทรัลชิดลม | เขตปทุมวัน
บิ๊กซีสุขาภิบาล 3 | เขตมีนบุรี,522,259,781,416,365,35,14.914285714285715,7.4,22.314285714285713,11.885714285714286,10.428571428571429,บิ๊กซีสุขาภิบาล 3 | เขตมีนบุรี
โรงเรียนอำนวยศิลป์ | เขตราชเทวี,356,424,780,489,291,33,10.787878787878787,12.848484848484848,23.636363636363637,14.818181818181818,8.818181818181818,โรงเรียนอำนวยศิลป์ | เขตราชเทวี
ตลาดนางลอย | เขตบางกอกใหญ่,404,376,780,400,380,29,13.931034482758621,12.96551724137931,26.896551724137932,13.793103448275861,13.10344827586207,ตลาดนางลอย | เขตบางกอกใหญ่
"ตรงข้ามตลาดโชคชัย 4,ซอยลาดพร้าว 58 | เขตวังทองหลาง",458,322,780,384,396,29,15.793103448275861,11.10344827586207,26.896551724137932,13.241379310344827,13.655172413793103,"ตรงข้ามตลาดโชคชัย 4,ซอยลาดพร้าว 58 | เขตวังทองหลาง"
"ท่าเรือวัดศรีบุญเรือง,วัดศรีบุญเรือง | เขตบางกะปิ",423,355,778,399,379,28,15.107142857142858,12.678571428571429,27.785714285714285,14.25,13.535714285714286,"ท่าเรือวัดศรีบุญเรือง,วัดศรีบุญเรือง | เขตบางกะปิ"
เวชธานี | เขตบางกะปิ,436,342,778,399,379,33,13.212121212121213,10.363636363636363,23.575757575757574,12.090909090909092,11.484848484848484,เวชธานี | เขตบางกะปิ
ตรงข้ามตลาดสำเหร่ | เขตธนบุรี,457,320,777,393,384,29,15.758620689655173,11.03448275862069,26.79310344827586,13.551724137931034,13.241379310344827,ตรงข้ามตลาดสำเหร่ | เขตธนบุรี
ท่าน้ำสะพานพระปิ่นเกล้า | เขตบางพลัด,311,466,777,433,344,23,13.521739130434783,20.26086956521739,33.78260869565217,18.82608695652174,14.956521739130435,ท่าน้ำสะพานพระปิ่นเกล้า | เขตบางพลัด
BTS อ่อนนุช | เขตวัฒนา,478,298,776,389,387,25,19.12,11.92,31.04,15.56,15.48,BTS อ่อนนุช | เขตวัฒนา
ทีวีซีคอนโดมิเนียม | เขตดินแดง,404,371,775,392,383,31,13.03225806451613,11.96774193548387,25.0,12.64516129032258,12.35483870967742,ทีวีซีคอนโดมิเนียม | เขตดินแดง
ซอยอินทามะระ 51 | เขตดินแดง,385,390,775,388,387,29,13.275862068965518,13.448275862068966,26.724137931034484,13.379310344827585,13.344827586206897,ซอยอินทามะระ 51 | เขตดินแดง
วัดศรีสุดาราม | เขตบางกอกน้อย,435,339,774,406,368,29,15.0,11.689655172413794,26.689655172413794,14.0,12.689655172413794,วัดศรีสุดาราม | เขตบางกอกน้อย
ตรงข้ามถนนวุฒากาศ | เขตจอมทอง,450,324,774,380,394,27,16.666666666666668,12.0,28.666666666666668,14.074074074074074,14.592592592592593,ตรงข้ามถนนวุฒากาศ | เขตจอมทอง
ท่าพระจันทร์(ตรงข้ามวัดมหาธาตุ) | เขตพระนคร,390,384,774,364,410,19,20.526315789473685,20.210526315789473,40.73684210526316,19.157894736842106,21.57894736842105,ท่าพระจันทร์(ตรงข้ามวัดมหาธาตุ) | เขตพระนคร
ตรงข้ามซอยอ่อนนุช 20 | เขตสวนหลวง,374,400,774,370,404,27,13.851851851851851,14.814814814814815,28.666666666666668,13.703703703703704,14.962962962962964,ตรงข้ามซอยอ่อนนุช 20 | เขตสวนหลวง
ตรงข้ามศาลาว่าการกรุงเทพมหานคร | เขตพระนคร,397,377,774,411,363,32,12.40625,11.78125,24.1875,12.84375,11.34375,ตรงข้ามศาลาว่าการกรุงเทพมหานคร | เขตพระนคร
"ตรงข้ามตลาดอ่อนนุช,การประปาพระโขนง | เขตคลองเตย",395,378,773,379,394,29,13.620689655172415,13.03448275862069,26.655172413793103,13.068965517241379,13.586206896551724,"ตรงข้ามตลาดอ่อนนุช,การประปาพระโขนง | เขตคลองเตย"
องค์การสะพานปลา | เขตสาทร,403,370,773,375,398,32,12.59375,11.5625,24.15625,11.71875,12.4375,องค์การสะพานปลา | เขตสาทร
ตรงข้ามซอยปลั่ง | เขตราษฎร์บูรณะ,393,380,773,361,412,18,21.833333333333332,21.11111111111111,42.94444444444444,20.055555555555557,22.88888888888889,ตรงข้ามซอยปลั่ง | เขตราษฎร์บูรณะ
MRT ศูนย์ประชุมสิริกิติ์ | เขตคลองเตย,414,358,772,391,381,31,13.35483870967742,11.548387096774194,24.903225806451612,12.612903225806452,12.290322580645162,MRT ศูนย์ประชุมสิริกิติ์ | เขตคลองเตย
ซอย5เจดีย์วุฒากาศ 18 | เขตธนบุรี,404,368,772,372,400,29,13.931034482758621,12.689655172413794,26.620689655172413,12.827586206896552,13.793103448275861,ซอย5เจดีย์วุฒากาศ 18 | เขตธนบุรี
ตรงข้ามตลาดดินแดง | เขตดินแดง,369,403,772,383,389,32,11.53125,12.59375,24.125,11.96875,12.15625,ตรงข้ามตลาดดินแดง | เขตดินแดง
วิทยาลัยเทคโนโลยีสยาม(สยามเทค) | เขตบางกอกใหญ่,419,353,772,394,378,30,13.966666666666667,11.766666666666667,25.733333333333334,13.133333333333333,12.6,วิทยาลัยเทคโนโลยีสยาม(สยามเทค) | เขตบางกอกใหญ่
แยกบรมราชชนนี (ขาเข้า) | เขตบางพลัด,446,326,772,396,376,31,14.387096774193548,10.516129032258064,24.903225806451612,12.774193548387096,12.129032258064516,แยกบรมราชชนนี (ขาเข้า) | เขตบางพลัด
ซอยเพชรเกษม 73/2 | เขตหนองแขม,488,282,770,392,378,31,15.741935483870968,9.096774193548388,24.838709677419356,12.64516129032258,12.193548387096774,ซอยเพชรเกษม 73/2 | เขตหนองแขม
สุเหร่าสามอิน | เขตวัฒนา,433,337,770,378,392,29,14.931034482758621,11.620689655172415,26.551724137931036,13.03448275862069,13.517241379310345,สุเหร่าสามอิน | เขตวัฒนา
ลุมพินีประทุมวัน | เขตสาทร,382,387,769,370,399,27,14.148148148148149,14.333333333333334,28.48148148148148,13.703703703703704,14.777777777777779,ลุมพินีประทุมวัน | เขตสาทร
เยาวราช | เขตสัมพันธวงศ์,389,380,769,369,400,27,14.407407407407407,14.074074074074074,28.48148148148148,13.666666666666666,14.814814814814815,เยาวราช | เขตสัมพันธวงศ์
"โรงไก่,ซอยปรีดีพนมยงค์ 45 | เขตวัฒนา",414,354,768,363,405,30,13.8,11.8,25.6,12.1,13.5,"โรงไก่,ซอยปรีดีพนมยงค์ 45 | เขตวัฒนา"
แยกเหม่งจ๋าย (ถนนประชาอุทิศขาเข้า) | เขตห้วยขวาง,380,387,767,375,392,29,13.10344827586207,13.344827586206897,26.448275862068964,12.931034482758621,13.517241379310345,แยกเหม่งจ๋าย (ถนนประชาอุทิศขาเข้า) | เขตห้วยขวาง
สะพาน 3 สะพาน 4 | เขตสาทร,346,421,767,374,393,28,12.357142857142858,15.035714285714286,27.392857142857142,13.357142857142858,14.035714285714286,สะพาน 3 สะพาน 4 | เขตสาทร
อาคารมั่นคง | เขตปทุมวัน,428,338,766,373,393,18,23.77777777777778,18.77777777777778,42.55555555555556,20.72222222222222,21.833333333333332,อาคารมั่นคง | เขตปทุมวัน
ร้านอาหารประทุมทอง | เขตบึงกุ่ม,392,372,764,389,375,31,12.64516129032258,12.0,24.64516129032258,12.548387096774194,12.096774193548388,ร้านอาหารประทุมทอง | เขตบึงกุ่ม
"วัดธรรมาภิรตาราม,ตรงข้ามวัดสะพานสูง | เขตดุสิต",412,352,764,378,386,27,15.25925925925926,13.037037037037036,28.296296296296298,14.0,14.296296296296296,"วัดธรรมาภิรตาราม,ตรงข้ามวัดสะพานสูง | เขตดุสิต"
"วงเวียนใหญ่,ตลาดวงเวียนใหญ่ | เขตคลองสาน",388,376,764,364,400,25,15.52,15.04,30.56,14.56,16.0,"วงเวียนใหญ่,ตลาดวงเวียนใหญ่ | เขตคลองสาน"
แยกบางแวก | เขตภาษีเจริญ,424,338,762,376,386,26,16.307692307692307,13.0,29.307692307692307,14.461538461538462,14.846153846153847,แยกบางแวก | เขตภาษีเจริญ
ตลาดพระโขนง(ซอยสุขอุทิศ1) | เขตวัฒนา,353,409,762,364,398,30,11.766666666666667,13.633333333333333,25.4,12.133333333333333,13.266666666666667,ตลาดพระโขนง(ซอยสุขอุทิศ1) | เขตวัฒนา
ตรงข้ามบริษัทไทยน้ำทิพย์รามคำแหง | เขตบางกะปิ,450,312,762,394,368,32,14.0625,9.75,23.8125,12.3125,11.5,ตรงข้ามบริษัทไทยน้ำทิพย์รามคำแหง | เขตบางกะปิ
"อาคารสินธร,ตรงข้ามสถานฑูตอเมริกา | เขตปทุมวัน",317,444,761,364,397,27,11.74074074074074,16.444444444444443,28.185185185185187,13.481481481481481,14.703703703703704,"อาคารสินธร,ตรงข้ามสถานฑูตอเมริกา | เขตปทุมวัน"
โรงเรียนนิลประพันธ์ | เขตตลิ่งชัน,378,382,760,401,359,35,10.8,10.914285714285715,21.714285714285715,11.457142857142857,10.257142857142858,โรงเรียนนิลประพันธ์ | เขตตลิ่งชัน
"พาร์คแลนด์,อินเด็กซ์ลิฟวิ่งมอร์ บางนา | เขตบางนา",396,363,759,379,380,30,13.2,12.1,25.3,12.633333333333333,12.666666666666666,"พาร์คแลนด์,อินเด็กซ์ลิฟวิ่งมอร์ บางนา | เขตบางนา"
"ตลาดพุทธ, | เขตทวีวัฒนา",522,237,759,418,341,31,16.838709677419356,7.645161290322581,24.483870967741936,13.483870967741936,11.0,"ตลาดพุทธ, | เขตทวีวัฒนา"
แยกเจริญผล | เขตปทุมวัน,384,375,759,365,394,27,14.222222222222221,13.88888888888889,28.11111111111111,13.518518518518519,14.592592592592593,แยกเจริญผล | เขตปทุมวัน
ซอยสาทร 1 | เขตสาทร,426,332,758,449,309,26,16.384615384615383,12.76923076923077,29.153846153846153,17.26923076923077,11.884615384615385,ซอยสาทร 1 | เขตสาทร
"ซอยพัฒนาการ 10,แยกคลองตัน | เขตสวนหลวง",401,357,758,359,399,26,15.423076923076923,13.73076923076923,29.153846153846153,13.807692307692308,15.346153846153847,"ซอยพัฒนาการ 10,แยกคลองตัน | เขตสวนหลวง"
ตรงข้ามกองสลาก | เขตพระนคร,366,391,757,353,404,30,12.2,13.033333333333333,25.233333333333334,11.766666666666667,13.466666666666667,ตรงข้ามกองสลาก | เขตพระนคร
การเคหะแห่งชาติบางขุนเทียน | เขตบางขุนเทียน,519,237,756,407,349,32,16.21875,7.40625,23.625,12.71875,10.90625,การเคหะแห่งชาติบางขุนเทียน | เขตบางขุนเทียน
ท่าปลอยรถสาย 62 | เขตยานนาวา,378,377,755,390,365,30,12.6,12.566666666666666,25.166666666666668,13.0,12.166666666666666,ท่าปลอยรถสาย 62 | เขตยานนาวา
BTS ชิดลม | เขตปทุมวัน,387,368,755,366,389,26,14.884615384615385,14.153846153846153,29.03846153846154,14.076923076923077,14.961538461538462,BTS ชิดลม | เขตปทุมวัน
ซอยเพชรเกษม 5/1 | เขตบางกอกใหญ่,425,330,755,376,379,30,14.166666666666666,11.0,25.166666666666668,12.533333333333333,12.633333333333333,ซอยเพชรเกษม 5/1 | เขตบางกอกใหญ่
ตรงข้ามหมู่บ้านปรีชา 3 | เขตสวนหลวง,449,306,755,389,366,32,14.03125,9.5625,23.59375,12.15625,11.4375,ตรงข้ามหมู่บ้านปรีชา 3 | เขตสวนหลวง
หมู่บ้านฝนทอง | เขตบางเขน,442,312,754,376,378,28,15.785714285714286,11.142857142857142,26.928571428571427,13.428571428571429,13.5,หมู่บ้านฝนทอง | เขตบางเขน
หอนาฬิกาห้วยขวาง | เขตดินแดง,405,349,754,377,377,29,13.96551724137931,12.03448275862069,26.0,13.0,13.0,หอนาฬิกาห้วยขวาง | เขตดินแดง
"ประกันสังคม,ซอยรัชดาภิเษก 6 | เขตธนบุรี",406,348,754,375,379,27,15.037037037037036,12.88888888888889,27.925925925925927,13.88888888888889,14.037037037037036,"ประกันสังคม,ซอยรัชดาภิเษก 6 | เขตธนบุรี"
มหาวิทยาลัยเทคโนโลยีพระจอมเกล้าธนบุรี | เขตทุ่งครุ,460,294,754,395,359,30,15.333333333333334,9.8,25.133333333333333,13.166666666666666,11.966666666666667,มหาวิทยาลัยเทคโนโลยีพระจอมเกล้าธนบุรี | เขตทุ่งครุ
สุขสวัสดิ์ กม.9(ลงทางด่วน) | เขตราษฎร์บูรณะ,538,216,754,405,349,33,16.303030303030305,6.545454545454546,22.848484848484848,12.272727272727273,10.575757575757576,สุขสวัสดิ์ กม.9(ลงทางด่วน) | เขตราษฎร์บูรณะ
ท่าโอเรียนเต็ล | เขตบางรัก,380,372,752,373,379,31,12.258064516129032,12.0,24.258064516129032,12.03225806451613,12.225806451612904,ท่าโอเรียนเต็ล | เขตบางรัก
มศว.ประสานมิตร | เขตห้วยขวาง,432,320,752,388,364,27,16.0,11.851851851851851,27.85185185185185,14.37037037037037,13.481481481481481,มศว.ประสานมิตร | เขตห้วยขวาง
"สำนักงานทรัพย์สินส่วนพระมหากษัตริย์,ตรงข้ามคุรุสภา | เขตดุสิต",425,326,751,469,282,29,14.655172413793103,11.241379310344827,25.896551724137932,16.17241379310345,9.724137931034482,"สำนักงานทรัพย์สินส่วนพระมหากษัตริย์,ตรงข้ามคุรุสภา ..."
"วัดเชิงหวาย,ซอยกรุงเทพ-นนทบุรี 21/1 | เขตบางซื่อ",294,457,751,350,401,29,10.137931034482758,15.758620689655173,25.896551724137932,12.068965517241379,13.827586206896552,"วัดเชิงหวาย,ซอยกรุงเทพ-นนทบุรี 21/1 | เขตบางซื่อ"
ราชพฤกษ์ 16 หมู่บ้านพฤกษ์ภิรมย์ | เขตตลิ่งชัน,363,387,750,377,373,33,11.0,11.727272727272727,22.727272727272727,11.424242424242424,11.303030303030303,ราชพฤกษ์ 16 หมู่บ้านพฤกษ์ภิรมย์ | เขตตลิ่งชัน
ตรงข้ามตลาดนางลิ้นจี่ | เขตสาทร,408,342,750,382,368,26,15.692307692307692,13.153846153846153,28.846153846153847,14.692307692307692,14.153846153846153,ตรงข้ามตลาดนางลิ้นจี่ | เขตสาทร
โรงเรียนสตรีวรนาถบางเขน | เขตจตุจักร,408,341,749,386,363,27,15.11111111111111,12.62962962962963,27.74074074074074,14.296296296296296,13.444444444444445,โรงเรียนสตรีวรนาถบางเขน | เขตจตุจักร
โชว์รูมรถนำเข้าถนนกาญจนาภิเษก | เขตบางแค,408,338,746,369,377,28,14.571428571428571,12.071428571428571,26.642857142857142,13.178571428571429,13.464285714285714,โชว์รูมรถนำเข้าถนนกาญจนาภิเษก | เขตบางแค
สถานีรถไฟหัวหมาก | เขตสวนหลวง,451,294,745,382,363,33,13.666666666666666,8.909090909090908,22.575757575757574,11.575757575757576,11.0,สถานีรถไฟหัวหมาก | เขตสวนหลวง
ซอยลาดพร้าว 34 | เขตจตุจักร,423,322,745,356,389,28,15.107142857142858,11.5,26.607142857142858,12.714285714285714,13.892857142857142,ซอยลาดพร้าว 34 | เขตจตุจักร
เกตเวย์เอกมัย | เขตคลองเตย,449,296,745,353,392,29,15.482758620689655,10.206896551724139,25.689655172413794,12.172413793103448,13.517241379310345,เกตเวย์เอกมัย | เขตคลองเตย
ซอยเอกมัย 14-12 | เขตวัฒนา,398,346,744,333,411,27,14.74074074074074,12.814814814814815,27.555555555555557,12.333333333333334,15.222222222222221,ซอยเอกมัย 14-12 | เขตวัฒนา
ตรงข้ามศูนย์พัฒนาเด็กก่อนวัยเรียน | เขตบางกะปิ,407,337,744,365,379,29,14.03448275862069,11.620689655172415,25.655172413793103,12.586206896551724,13.068965517241379,ตรงข้ามศูนย์พัฒนาเด็กก่อนวัยเรียน | เขตบางกะปิ
เจริญนคร ซอย 32 | เขตคลองสาน,404,339,743,375,368,29,13.931034482758621,11.689655172413794,25.620689655172413,12.931034482758621,12.689655172413794,เจริญนคร ซอย 32 | เขตคลองสาน
แยกบางนา(บางนา-ตราดขาเข้า) | เขตบางนา,358,384,742,362,380,31,11.548387096774194,12.387096774193548,23.93548387096774,11.67741935483871,12.258064516129032,แยกบางนา(บางนา-ตราดขาเข้า) | เขตบางนา
เดอะมอลล์รามคำแหง 2 | เขตบางกะปิ,429,312,741,391,350,29,14.793103448275861,10.758620689655173,25.551724137931036,13.482758620689655,12.068965517241379,เดอะมอลล์รามคำแหง 2 | เขตบางกะปิ
โรงเรียนพันจ่าทหารเรือ | เขตบางกอกใหญ่,403,336,739,371,368,30,13.433333333333334,11.2,24.633333333333333,12.366666666666667,12.266666666666667,โรงเรียนพันจ่าทหารเรือ | เขตบางกอกใหญ่
ตรงข้ามศูนย์กีฬากันอริ | เขตภาษีเจริญ,350,389,739,374,365,28,12.5,13.892857142857142,26.392857142857142,13.357142857142858,13.035714285714286,ตรงข้ามศูนย์กีฬากันอริ | เขตภาษีเจริญ
กรมการกงสุล | เขตหลักสี่,400,338,738,589,149,32,12.5,10.5625,23.0625,18.40625,4.65625,กรมการกงสุล | เขตหลักสี่
ลุมพินี เพลส รัชโยธิน | เขตจตุจักร,393,345,738,363,375,31,12.67741935483871,11.129032258064516,23.806451612903224,11.709677419354838,12.096774193548388,ลุมพินี เพลส รัชโยธิน | เขตจตุจักร
อนามัย 29 พุธเนตร (ซอน36/2) | เขตจอมทอง,387,350,737,385,352,27,14.333333333333334,12.962962962962964,27.296296296296298,14.25925925925926,13.037037037037036,อนามัย 29 พุธเนตร (ซอน36/2) | เขตจอมทอง
พระยายัง | เขตราชเทวี,366,370,736,336,400,21,17.428571428571427,17.61904761904762,35.04761904761905,16.0,19.047619047619047,พระยายัง | เขตราชเทวี
โบสถ์แม่พระฟาติมา | เขตดินแดง,381,355,736,371,365,26,14.653846153846153,13.653846153846153,28.307692307692307,14.26923076923077,14.038461538461538,โบสถ์แม่พระฟาติมา | เขตดินแดง
"สถานีตำรวจหัวหมาก,สนามกีฬาหัวหมาก | เขตบางกะปิ",442,294,736,377,359,26,17.0,11.307692307692308,28.307692307692307,14.5,13.807692307692308,"สถานีตำรวจหัวหมาก,สนามกีฬาหัวหมาก | เขตบางกะปิ"
โรงพยาบาลเทียนฟ้ามูลนิธิ | เขตสัมพันธวงศ์,357,379,736,370,366,33,10.818181818181818,11.484848484848484,22.303030303030305,11.212121212121213,11.090909090909092,โรงพยาบาลเทียนฟ้ามูลนิธิ | เขตสัมพันธวงศ์
ซอยจิณณวัตรตรงข้ามcdc | เขตลาดพร้าว,290,446,736,385,351,34,8.529411764705882,13.117647058823529,21.647058823529413,11.323529411764707,10.323529411764707,ซอยจิณณวัตรตรงข้ามcdc | เขตลาดพร้าว
องค์การโทรศัพท์ | เขตบางรัก,368,367,735,360,375,30,12.266666666666667,12.233333333333333,24.5,12.0,12.5,องค์การโทรศัพท์ | เขตบางรัก
การไฟฟ้าสถานีย่อยคลองจั่น | เขตบางกะปิ,410,325,735,373,362,32,12.8125,10.15625,22.96875,11.65625,11.3125,การไฟฟ้าสถานีย่อยคลองจั่น | เขตบางกะปิ
ซอยเพชรเกษม 77 | เขตหนองแขม,434,299,733,388,345,31,14.0,9.64516129032258,23.64516129032258,12.516129032258064,11.129032258064516,ซอยเพชรเกษม 77 | เขตหนองแขม
ซอยจรัญสนิทวงศ์ 73 | เขตบางพลัด,381,352,733,366,367,26,14.653846153846153,13.538461538461538,28.192307692307693,14.076923076923077,14.115384615384615,ซอยจรัญสนิทวงศ์ 73 | เขตบางพลัด
"ซอยลาดพร้าว 15,ตรงข้ามซอยลาดพร้าว 20 | เขตจตุจักร",423,307,730,353,377,31,13.64516129032258,9.903225806451612,23.548387096774192,11.387096774193548,12.161290322580646,"ซอยลาดพร้าว 15,ตรงข้ามซอยลาดพร้าว 20 | เขตจตุจักร"
แยกถนนพระราม 9 | เขตบางกะปิ,392,337,729,362,367,31,12.64516129032258,10.870967741935484,23.516129032258064,11.67741935483871,11.838709677419354,แยกถนนพระราม 9 | เขตบางกะปิ
ร้านส้มตำคุณแดง | เขตตลิ่งชัน,406,321,727,371,356,29,14.0,11.068965517241379,25.06896551724138,12.793103448275861,12.275862068965518,ร้านส้มตำคุณแดง | เขตตลิ่งชัน
ปั๊มคาลเท็กซ์กาญจนาภิเษก | เขตบางแค,301,426,727,392,335,29,10.379310344827585,14.689655172413794,25.06896551724138,13.517241379310345,11.551724137931034,ปั๊มคาลเท็กซ์กาญจนาภิเษก | เขตบางแค
เพชรรามา | เขตราชเทวี,420,307,727,359,368,28,15.0,10.964285714285714,25.964285714285715,12.821428571428571,13.142857142857142,เพชรรามา | เขตราชเทวี
BTSบางหว้า(ทางออก3) | เขตภาษีเจริญ,436,290,726,386,340,28,15.571428571428571,10.357142857142858,25.928571428571427,13.785714285714286,12.142857142857142,BTSบางหว้า(ทางออก3) | เขตภาษีเจริญ
ซอยสุขุมวิท 16 | เขตคลองเตย,375,351,726,352,374,26,14.423076923076923,13.5,27.923076923076923,13.538461538461538,14.384615384615385,ซอยสุขุมวิท 16 | เขตคลองเตย
สินสาธรทาวเวอร์ | เขตคลองสาน,393,333,726,434,292,32,12.28125,10.40625,22.6875,13.5625,9.125,สินสาธรทาวเวอร์ | เขตคลองสาน
ตรงข้ามโรงเรียนสาธิตวัดพระศรีมหาธาตุ | เขตบางเขน,395,331,726,381,345,30,13.166666666666666,11.033333333333333,24.2,12.7,11.5,ตรงข้ามโรงเรียนสาธิตวัดพระศรีมหาธาตุ | เขตบางเขน
เทสโก้โลตัสพระราม 4 | เขตคลองเตย,382,344,726,338,388,32,11.9375,10.75,22.6875,10.5625,12.125,เทสโก้โลตัสพระราม 4 | เขตคลองเตย
วิบูลย์บริหารธุรกิจ | เขตบางกอกใหญ่,330,396,726,383,343,29,11.379310344827585,13.655172413793103,25.03448275862069,13.206896551724139,11.827586206896552,วิบูลย์บริหารธุรกิจ | เขตบางกอกใหญ่
ซอยสุดสาคร | เขตบางกอกน้อย,383,342,725,371,354,29,13.206896551724139,11.793103448275861,25.0,12.793103448275861,12.206896551724139,ซอยสุดสาคร | เขตบางกอกน้อย
ตรงข้ามซอยลาดพร้าว 101 | เขตบางกะปิ,415,310,725,375,350,27,15.37037037037037,11.481481481481481,26.85185185185185,13.88888888888889,12.962962962962964,ตรงข้ามซอยลาดพร้าว 101 | เขตบางกะปิ
เคหะบางนา | เขตบางนา,429,296,725,373,352,30,14.3,9.866666666666667,24.166666666666668,12.433333333333334,11.733333333333333,เคหะบางนา | เขตบางนา
มหาวิทยาลัยเกษมบัณฑิต ร่มเกล้า | เขตมีนบุรี,402,322,724,388,336,32,12.5625,10.0625,22.625,12.125,10.5,มหาวิทยาลัยเกษมบัณฑิต ร่มเกล้า | เขตมีนบุรี
สะพานตากสิน(เจริญนคร15) | เขตคลองสาน,399,325,724,380,344,28,14.25,11.607142857142858,25.857142857142858,13.571428571428571,12.285714285714286,สะพานตากสิน(เจริญนคร15) | เขตคลองสาน
อาคารเศรษฐศาตร์มหาวิทยาลัยรามคำแหง | เขตบางกะปิ,414,309,723,361,362,29,14.275862068965518,10.655172413793103,24.93103448275862,12.448275862068966,12.482758620689655,อาคารเศรษฐศาตร์มหาวิทยาลัยรามคำแหง | เขตบางกะปิ
โรงพยาบาลกรุงเทพคริสเตียน | เขตบางรัก,345,377,722,380,342,34,10.147058823529411,11.088235294117647,21.235294117647058,11.176470588235293,10.058823529411764,โรงพยาบาลกรุงเทพคริสเตียน | เขตบางรัก
ตรงข้ามวัดราชนัดดาราม(มหาไชย) | เขตพระนคร,360,362,722,338,384,30,12.0,12.066666666666666,24.066666666666666,11.266666666666667,12.8,ตรงข้ามวัดราชนัดดาราม(มหาไชย) | เขตพระนคร
โรงเรียนต้นส้ม | เขตบางกอกน้อย,397,324,721,374,347,30,13.233333333333333,10.8,24.033333333333335,12.466666666666667,11.566666666666666,โรงเรียนต้นส้ม | เขตบางกอกน้อย
วิทยาลัยเทคโนโลยีพณิชยการสยาม | เขตบางพลัด,407,314,721,372,349,27,15.074074074074074,11.62962962962963,26.703703703703702,13.777777777777779,12.925925925925926,วิทยาลัยเทคโนโลยีพณิชยการสยาม | เขตบางพลัด
วัดคลองภูมิ | เขตยานนาวา,336,384,720,554,166,33,10.181818181818182,11.636363636363637,21.818181818181817,16.78787878787879,5.03030303030303,วัดคลองภูมิ | เขตยานนาวา
ซอยสาธุประดิษฐ์ 49 | เขตยานนาวา,410,308,718,356,362,32,12.8125,9.625,22.4375,11.125,11.3125,ซอยสาธุประดิษฐ์ 49 | เขตยานนาวา
แม็คโครสาทร | เขตสาทร,361,357,718,342,376,30,12.033333333333333,11.9,23.933333333333334,11.4,12.533333333333333,แม็คโครสาทร | เขตสาทร
โรงพยาบาลจุฬา | เขตปทุมวัน,376,341,717,373,344,28,13.428571428571429,12.178571428571429,25.607142857142858,13.321428571428571,12.285714285714286,โรงพยาบาลจุฬา | เขตปทุมวัน
ซอยพัฒนาการ 36 | เขตสวนหลวง,417,299,716,366,350,32,13.03125,9.34375,22.375,11.4375,10.9375,ซอยพัฒนาการ 36 | เขตสวนหลวง
โรงเรียนอัสสัมชัญ | เขตบางรัก,369,345,714,377,337,27,13.666666666666666,12.777777777777779,26.444444444444443,13.962962962962964,12.481481481481481,โรงเรียนอัสสัมชัญ | เขตบางรัก
อู่รถเมล์สาย 9 (กัลปพฤกษ์) | เขตบางแค,421,293,714,353,361,26,16.192307692307693,11.26923076923077,27.46153846153846,13.576923076923077,13.884615384615385,อู่รถเมล์สาย 9 (กัลปพฤกษ์) | เขตบางแค
ตรงข้ามโรงเรียนแสงทองโทรทัศน์ | เขตธนบุรี,419,295,714,358,356,29,14.448275862068966,10.172413793103448,24.620689655172413,12.344827586206897,12.275862068965518,ตรงข้ามโรงเรียนแสงทองโทรทัศน์ | เขตธนบุรี
ซอยเอกมัย 19 | เขตวัฒนา,417,296,713,340,373,27,15.444444444444445,10.962962962962964,26.40740740740741,12.592592592592593,13.814814814814815,ซอยเอกมัย 19 | เขตวัฒนา
หมู่บ้านอโนทัย | เขตบางคอแหลม,384,328,712,362,350,30,12.8,10.933333333333334,23.733333333333334,12.066666666666666,11.666666666666666,หมู่บ้านอโนทัย | เขตบางคอแหลม
โรงแรมแมนดาริน | เขตบางรัก,375,337,712,342,370,17,22.058823529411764,19.823529411764707,41.88235294117647,20.11764705882353,21.764705882352942,โรงแรมแมนดาริน | เขตบางรัก
วัดใต้ | เขตสวนหลวง,345,367,712,351,361,27,12.777777777777779,13.592592592592593,26.37037037037037,13.0,13.37037037037037,วัดใต้ | เขตสวนหลวง
แยกประมวญ | เขตบางรัก,397,314,711,344,367,26,15.26923076923077,12.076923076923077,27.346153846153847,13.23076923076923,14.115384615384615,แยกประมวญ | เขตบางรัก
เอวีต้าเอกมัย | เขตห้วยขวาง,396,315,711,351,360,31,12.774193548387096,10.161290322580646,22.93548387096774,11.32258064516129,11.612903225806452,เอวีต้าเอกมัย | เขตห้วยขวาง
แฮปปี้แลนด์ | เขตบางกะปิ,405,305,710,367,343,29,13.96551724137931,10.517241379310345,24.482758620689655,12.655172413793103,11.827586206896552,แฮปปี้แลนด์ | เขตบางกะปิ
"ตลาดบางซ่อน,ถนนกรุงเทพ-นนทบุรี 25 | เขตบางซื่อ",381,328,709,338,371,24,15.875,13.666666666666666,29.541666666666668,14.083333333333334,15.458333333333334,"ตลาดบางซ่อน,ถนนกรุงเทพ-นนทบุรี 25 | เขตบางซื่อ"
ตรงข้ามโรงพยาบาลธนบุรี 2 | เขตทวีวัฒนา,451,258,709,370,339,31,14.548387096774194,8.32258064516129,22.870967741935484,11.935483870967742,10.935483870967742,ตรงข้ามโรงพยาบาลธนบุรี 2 | เขตทวีวัฒนา
ซอยรางน้ำ | เขตราชเทวี,403,305,708,353,355,29,13.89655172413793,10.517241379310345,24.413793103448278,12.172413793103448,12.241379310344827,ซอยรางน้ำ | เขตราชเทวี
ฮีโน่มอเตอร์สเซลส์ | เขตหลักสี่,448,260,708,361,347,27,16.59259259259259,9.62962962962963,26.22222222222222,13.37037037037037,12.851851851851851,ฮีโน่มอเตอร์สเซลส์ | เขตหลักสี่
แยกเกษตร(พหลโยธิน34/2) | เขตจตุจักร,418,289,707,344,363,28,14.928571428571429,10.321428571428571,25.25,12.285714285714286,12.964285714285714,แยกเกษตร(พหลโยธิน34/2) | เขตจตุจักร
ตรงข้ามโรงเรียนบางกอกศึกษา | เขตวังทองหลาง,423,284,707,346,361,27,15.666666666666666,10.518518518518519,26.185185185185187,12.814814814814815,13.37037037037037,ตรงข้ามโรงเรียนบางกอกศึกษา | เขตวังทองหลาง
โรงพยาบาลหัวเฉียว | เขตป้อมปราบศัตรูพ่าย,398,309,707,371,336,29,13.724137931034482,10.655172413793103,24.379310344827587,12.793103448275861,11.586206896551724,โรงพยาบาลหัวเฉียว | เขตป้อมปราบศัตรูพ่าย
"แยกสะพานควาย,ซอยประดิพัทธ์ 20 | เขตพญาไท",383,323,706,345,361,30,12.766666666666667,10.766666666666667,23.533333333333335,11.5,12.033333333333333,"แยกสะพานควาย,ซอยประดิพัทธ์ 20 | เขตพญาไท"
สุเหร่าทางควาย | เขตประเวศ,434,271,705,368,337,32,13.5625,8.46875,22.03125,11.5,10.53125,สุเหร่าทางควาย | เขตประเวศ
มโนรมย์ | เขตคลองเตย,394,311,705,381,324,31,12.709677419354838,10.03225806451613,22.741935483870968,12.290322580645162,10.451612903225806,มโนรมย์ | เขตคลองเตย
"การไฟฟ้าบางเขน,กรมทหารราบที่11(ประตู1) | เขตบางเขน",411,293,704,383,321,29,14.172413793103448,10.10344827586207,24.275862068965516,13.206896551724139,11.068965517241379,"การไฟฟ้าบางเขน,กรมทหารราบที่11(ประตู1) | เขตบางเขน"
ราชวัตร | เขตดุสิต,348,353,701,353,348,27,12.88888888888889,13.074074074074074,25.962962962962962,13.074074074074074,12.88888888888889,ราชวัตร | เขตดุสิต
ซอยพัฒนาการ 20 | เขตสวนหลวง,364,337,701,343,358,27,13.481481481481481,12.481481481481481,25.962962962962962,12.703703703703704,13.25925925925926,ซอยพัฒนาการ 20 | เขตสวนหลวง
หมู่บ้านเอื้ออาทรบึงกุ่ม | เขตบึงกุ่ม,294,407,701,383,318,30,9.8,13.566666666666666,23.366666666666667,12.766666666666667,10.6,หมู่บ้านเอื้ออาทรบึงกุ่ม | เขตบึงกุ่ม
แยกบ้านแขก(ขาออก) | เขตคลองสาน,384,316,700,351,349,26,14.76923076923077,12.153846153846153,26.923076923076923,13.5,13.423076923076923,แยกบ้านแขก(ขาออก) | เขตคลองสาน
ท่าสะพานกรุงธน (ซังฮี้) | เขตบางพลัด,284,415,699,349,350,31,9.161290322580646,13.387096774193548,22.548387096774192,11.258064516129032,11.290322580645162,ท่าสะพานกรุงธน (ซังฮี้) | เขตบางพลัด
SRT คลองต้นไทร | เขตจอมทอง,390,308,698,342,356,29,13.448275862068966,10.620689655172415,24.06896551724138,11.793103448275861,12.275862068965518,SRT คลองต้นไทร | เขตจอมทอง
โรงเรียนสาธิตวัดพระศรีมหาธาตุ | เขตบางเขน,415,282,697,345,352,29,14.310344827586206,9.724137931034482,24.03448275862069,11.89655172413793,12.137931034482758,โรงเรียนสาธิตวัดพระศรีมหาธาตุ | เขตบางเขน
ท่าตลาดโบ๊เบ๊ | เขตป้อมปราบศัตรูพ่าย,261,436,697,351,346,33,7.909090909090909,13.212121212121213,21.12121212121212,10.636363636363637,10.484848484848484,ท่าตลาดโบ๊เบ๊ | เขตป้อมปราบศัตรูพ่าย
ตรงข้ามตึกจีเอ็มเอ็มแกรมมี่ | เขตวัฒนา,388,308,696,371,325,25,15.52,12.32,27.84,14.84,13.0,ตรงข้ามตึกจีเอ็มเอ็มแกรมมี่ | เขตวัฒนา
วัดตะพาน | เขตราชเทวี,372,324,696,352,344,29,12.827586206896552,11.172413793103448,24.0,12.137931034482758,11.862068965517242,วัดตะพาน | เขตราชเทวี
The Crystal | เขตลาดพร้าว,361,334,695,342,353,30,12.033333333333333,11.133333333333333,23.166666666666668,11.4,11.766666666666667,The Crystal | เขตลาดพร้าว
พรชัยเภสัช | เขตลาดกระบัง,403,292,695,359,336,27,14.925925925925926,10.814814814814815,25.74074074074074,13.296296296296296,12.444444444444445,พรชัยเภสัช | เขตลาดกระบัง
ซอยบุบผาสวรรค์ | เขตบางกอกน้อย,401,294,695,365,330,31,12.935483870967742,9.483870967741936,22.419354838709676,11.774193548387096,10.64516129032258,ซอยบุบผาสวรรค์ | เขตบางกอกน้อย
"แม็คโครบางกะบือ,ซอยสามเสน 25 | เขตดุสิต",420,274,694,364,330,29,14.482758620689655,9.448275862068966,23.93103448275862,12.551724137931034,11.379310344827585,"แม็คโครบางกะบือ,ซอยสามเสน 25 | เขตดุสิต"
แยกมิตรสัมพันธ์(ถนนเพชรบุรีขาเข้า) | เขตราชเทวี,373,321,694,352,342,26,14.346153846153847,12.346153846153847,26.692307692307693,13.538461538461538,13.153846153846153,แยกมิตรสัมพันธ์(ถนนเพชรบุรีขาเข้า) | เขตราชเทวี
ไอทีสแควร์ | เขตหลักสี่,389,305,694,392,302,33,11.787878787878787,9.242424242424242,21.03030303030303,11.878787878787879,9.151515151515152,ไอทีสแควร์ | เขตหลักสี่
ตรงข้ามชาญอิสสระทาวเวอร์ 2 | เขตห้วยขวาง,371,321,692,375,317,27,13.74074074074074,11.88888888888889,25.62962962962963,13.88888888888889,11.74074074074074,ตรงข้ามชาญอิสสระทาวเวอร์ 2 | เขตห้วยขวาง
โรงแรมสุโขทัย | เขตสาทร,306,386,692,359,333,26,11.76923076923077,14.846153846153847,26.615384615384617,13.807692307692308,12.807692307692308,โรงแรมสุโขทัย | เขตสาทร
ตลาดเทเวศร์ | เขตดุสิต,415,276,691,381,310,27,15.37037037037037,10.222222222222221,25.59259259259259,14.11111111111111,11.481481481481481,ตลาดเทเวศร์ | เขตดุสิต
ซอยอินทามะระ 39 | เขตดินแดง,404,286,690,354,336,30,13.466666666666667,9.533333333333333,23.0,11.8,11.2,ซอยอินทามะระ 39 | เขตดินแดง
ตรงข้ามสำนักงานที่ดินกรุงเทพมหานครสาขาพระโขนง | เขตประเวศ,288,402,690,362,328,35,8.228571428571428,11.485714285714286,19.714285714285715,10.342857142857143,9.371428571428572,ตรงข้ามสำนักงานที่ดินกรุงเทพมหานครสาขาพระโขนง | เขต...
โพธิ์ทอง(ใต้ทางด่วนด่านดาวคะนอง) | เขตจอมทอง,403,286,689,352,337,28,14.392857142857142,10.214285714285714,24.607142857142858,12.571428571428571,12.035714285714286,โพธิ์ทอง(ใต้ทางด่วนด่านดาวคะนอง) | เขตจอมทอง
"อาคารแปซิฟิคเฟลล์,สุขุมวิทซอย7 | เขตวัฒนา",309,380,689,346,343,26,11.884615384615385,14.615384615384615,26.5,13.307692307692308,13.192307692307692,"อาคารแปซิฟิคเฟลล์,สุขุมวิทซอย7 | เขตวัฒนา"
แยกกรุงเทพกรีฑา | เขตบางกะปิ,390,299,689,368,321,30,13.0,9.966666666666667,22.966666666666665,12.266666666666667,10.7,แยกกรุงเทพกรีฑา | เขตบางกะปิ
ตรงข้ามบิ๊กซีอ่อนนุช | เขตวัฒนา,313,376,689,338,351,29,10.793103448275861,12.96551724137931,23.75862068965517,11.655172413793103,12.10344827586207,ตรงข้ามบิ๊กซีอ่อนนุช | เขตวัฒนา
สวนลุมพินี(ฝั่งราชดำริป้าย2) | เขตปทุมวัน,380,308,688,416,272,31,12.258064516129032,9.935483870967742,22.193548387096776,13.419354838709678,8.774193548387096,สวนลุมพินี(ฝั่งราชดำริป้าย2) | เขตปทุมวัน
ราชพฤกษ์ 18 หมู่บ้านณุศาศิริ | เขตตลิ่งชัน,336,352,688,366,322,28,12.0,12.571428571428571,24.571428571428573,13.071428571428571,11.5,ราชพฤกษ์ 18 หมู่บ้านณุศาศิริ | เขตตลิ่งชัน
ตรงข้าม ARL มักกะสัน | เขตราชเทวี,425,262,687,326,361,27,15.74074074074074,9.703703703703704,25.444444444444443,12.074074074074074,13.37037037037037,ตรงข้าม ARL มักกะสัน | เขตราชเทวี
"อาคารชินวัตร3,บริษัทตรีเพชร | เขตจตุจักร",389,298,687,469,218,33,11.787878787878787,9.030303030303031,20.818181818181817,14.212121212121213,6.606060606060606,"อาคารชินวัตร3,บริษัทตรีเพชร | เขตจตุจักร"
ตลาดอมรพันธ์(ซอยอมรพันธ์) | เขตจตุจักร,428,259,687,373,314,32,13.375,8.09375,21.46875,11.65625,9.8125,ตลาดอมรพันธ์(ซอยอมรพันธ์) | เขตจตุจักร
บางปะแก้วตรงข้ามซอยสุขสวัสดิ์ | เขตจอมทอง,415,272,687,334,353,18,23.055555555555557,15.11111111111111,38.166666666666664,18.555555555555557,19.61111111111111,บางปะแก้วตรงข้ามซอยสุขสวัสดิ์ | เขตจอมทอง
วัดแก้วแจ่มฟ้า | เขตบางรัก,390,296,686,343,343,26,15.0,11.384615384615385,26.384615384615383,13.192307692307692,13.192307692307692,วัดแก้วแจ่มฟ้า | เขตบางรัก
ตรงข้ามเซียงกงสามย่าน | เขตปทุมวัน,366,319,685,336,349,29,12.620689655172415,11.0,23.620689655172413,11.586206896551724,12.03448275862069,ตรงข้ามเซียงกงสามย่าน | เขตปทุมวัน
ชุมชนแจงร้อน | เขตราษฎร์บูรณะ,322,362,684,352,332,31,10.387096774193548,11.67741935483871,22.06451612903226,11.35483870967742,10.709677419354838,ชุมชนแจงร้อน | เขตราษฎร์บูรณะ
ซอยวัดยาง | เขตบางกอกน้อย,374,308,682,368,314,29,12.89655172413793,10.620689655172415,23.517241379310345,12.689655172413794,10.827586206896552,ซอยวัดยาง | เขตบางกอกน้อย
ศุภาลัยสุวรรณภูมิ | เขตลาดกระบัง,403,279,682,345,337,27,14.925925925925926,10.333333333333334,25.25925925925926,12.777777777777779,12.481481481481481,ศุภาลัยสุวรรณภูมิ | เขตลาดกระบัง
เทสโก้โลตัสพัฒนาการ | เขตสวนหลวง,366,316,682,350,332,32,11.4375,9.875,21.3125,10.9375,10.375,เทสโก้โลตัสพัฒนาการ | เขตสวนหลวง
ซอยเอกมัย 10 | เขตวัฒนา,363,318,681,302,379,28,12.964285714285714,11.357142857142858,24.321428571428573,10.785714285714286,13.535714285714286,ซอยเอกมัย 10 | เขตวัฒนา
ซอยรามอินทรา 46 | เขตคันนายาว,384,297,681,336,345,30,12.8,9.9,22.7,11.2,11.5,ซอยรามอินทรา 46 | เขตคันนายาว
วิทยาลัยเทคโนโลยีจรัลสนิทวงศ์ | เขตบางกอกน้อย,401,280,681,357,324,32,12.53125,8.75,21.28125,11.15625,10.125,วิทยาลัยเทคโนโลยีจรัลสนิทวงศ์ | เขตบางกอกน้อย
เพนนินซูล่าพลาซ่า | เขตปทุมวัน,326,354,680,337,343,27,12.074074074074074,13.11111111111111,25.185185185185187,12.481481481481481,12.703703703703704,เพนนินซูล่าพลาซ่า | เขตปทุมวัน
โรงเรียนพิบูลย์อุปถัมภ์ | เขตห้วยขวาง,372,308,680,338,342,28,13.285714285714286,11.0,24.285714285714285,12.071428571428571,12.214285714285714,โรงเรียนพิบูลย์อุปถัมภ์ | เขตห้วยขวาง
ตลาดนวลจันทร์(ถนนประเสริฐมนูกิจขาเข้า) | เขตบึงกุ่ม,426,254,680,363,317,32,13.3125,7.9375,21.25,11.34375,9.90625,ตลาดนวลจันทร์(ถนนประเสริฐมนูกิจขาเข้า) | เขตบึงกุ่ม
ซอยราชวิถี 19 (วัดราชผาติการาม) | เขตดุสิต,389,290,679,361,318,32,12.15625,9.0625,21.21875,11.28125,9.9375,ซอยราชวิถี 19 (วัดราชผาติการาม) | เขตดุสิต
ตรงข้ามหมู่บ้านภาณุ | เขตตลิ่งชัน,427,251,678,371,307,31,13.774193548387096,8.096774193548388,21.870967741935484,11.96774193548387,9.903225806451612,ตรงข้ามหมู่บ้านภาณุ | เขตตลิ่งชัน
MRT เพชรบุรี | เขตห้วยขวาง,395,282,677,320,357,18,21.944444444444443,15.666666666666666,37.611111111111114,17.77777777777778,19.833333333333332,MRT เพชรบุรี | เขตห้วยขวาง
ตรงข้ามสถานทูตจีน | เขตดินแดง,387,290,677,348,329,15,25.8,19.333333333333332,45.13333333333333,23.2,21.933333333333334,ตรงข้ามสถานทูตจีน | เขตดินแดง
หมู่บ้านสุขสันต์ 2 | เขตบางแค,445,232,677,352,325,32,13.90625,7.25,21.15625,11.0,10.15625,หมู่บ้านสุขสันต์ 2 | เขตบางแค
ซอยเจริญนคร 76 | เขตธนบุรี,382,294,676,362,314,31,12.32258064516129,9.483870967741936,21.806451612903224,11.67741935483871,10.129032258064516,ซอยเจริญนคร 76 | เขตธนบุรี
ซอยสุขุมวิท 57 | เขตคลองเตย,386,290,676,313,363,15,25.733333333333334,19.333333333333332,45.06666666666667,20.866666666666667,24.2,ซอยสุขุมวิท 57 | เขตคลองเตย
แยกสารสิน | เขตปทุมวัน,345,331,676,426,250,30,11.5,11.033333333333333,22.533333333333335,14.2,8.333333333333334,แยกสารสิน | เขตปทุมวัน
MRT รัชดาภิเษก | เขตดินแดง,401,274,675,348,327,24,16.708333333333332,11.416666666666666,28.125,14.5,13.625,MRT รัชดาภิเษก | เขตดินแดง
สำนักงานเขตวังทองหลาง | เขตวังทองหลาง,392,283,675,335,340,27,14.518518518518519,10.481481481481481,25.0,12.407407407407407,12.592592592592593,สำนักงานเขตวังทองหลาง | เขตวังทองหลาง
"ตรงข้ามธนาคารกรุงไทย,โรงพยาบาลเซ็นทรัล | เขตบางเขน",291,383,674,344,330,31,9.387096774193548,12.35483870967742,21.741935483870968,11.096774193548388,10.64516129032258,"ตรงข้ามธนาคารกรุงไทย,โรงพยาบาลเซ็นทรัล | เขตบางเขน"
ตรงข้ามซอยเสริมสุข | เขตบางซื่อ,330,344,674,326,348,31,10.64516129032258,11.096774193548388,21.741935483870968,10.516129032258064,11.225806451612904,ตรงข้ามซอยเสริมสุข | เขตบางซื่อ
โรงเรียนสตรีวิทยา | เขตพระนคร,313,360,673,336,337,31,10.096774193548388,11.612903225806452,21.70967741935484,10.838709677419354,10.870967741935484,โรงเรียนสตรีวิทยา | เขตพระนคร
ร้านเจ้เล้ง | เขตดอนเมือง,424,248,672,345,327,30,14.133333333333333,8.266666666666667,22.4,11.5,10.9,ร้านเจ้เล้ง | เขตดอนเมือง
ท่ารถห้วยขวาง | เขตดินแดง,300,372,672,346,326,29,10.344827586206897,12.827586206896552,23.17241379310345,11.931034482758621,11.241379310344827,ท่ารถห้วยขวาง | เขตดินแดง
ตรงข้ามซอยกรุงเทพ-นนทบุรี 56 | เขตบางซื่อ,370,301,671,337,334,30,12.333333333333334,10.033333333333333,22.366666666666667,11.233333333333333,11.133333333333333,ตรงข้ามซอยกรุงเทพ-นนทบุรี 56 | เขตบางซื่อ
วัดสุทัศน์ | เขตพระนคร,325,344,669,331,338,27,12.037037037037036,12.74074074074074,24.77777777777778,12.25925925925926,12.518518518518519,วัดสุทัศน์ | เขตพระนคร
ตรงข้ามโรงพยาบาลมิชชั่น | เขตดุสิต,273,395,668,383,285,34,8.029411764705882,11.617647058823529,19.647058823529413,11.264705882352942,8.382352941176471,ตรงข้ามโรงพยาบาลมิชชั่น | เขตดุสิต
ตรงข้ามฟู้ดแลนด์ | เขตวังทองหลาง,341,327,668,353,315,31,11.0,10.548387096774194,21.548387096774192,11.387096774193548,10.161290322580646,ตรงข้ามฟู้ดแลนด์ | เขตวังทองหลาง
ตรงข้าม ธนาคารทหารไทย (สำนักงานใหญ่) | เขตจตุจักร,340,327,667,359,308,27,12.592592592592593,12.11111111111111,24.703703703703702,13.296296296296296,11.407407407407407,ตรงข้าม ธนาคารทหารไทย (สำนักงานใหญ่) | เขตจตุจักร
กองเรือเล็ก | เขตบางกอกน้อย,403,264,667,363,304,28,14.392857142857142,9.428571428571429,23.821428571428573,12.964285714285714,10.857142857142858,กองเรือเล็ก | เขตบางกอกน้อย
ป้อมพระสุเมรุ | เขตพระนคร,339,327,666,316,350,19,17.842105263157894,17.210526315789473,35.05263157894737,16.63157894736842,18.42105263157895,ป้อมพระสุเมรุ | เขตพระนคร
สวนลุมพินี(ฝั่งราชดำริป้าย1) | เขตปทุมวัน,383,283,666,354,312,27,14.185185185185185,10.481481481481481,24.666666666666668,13.11111111111111,11.555555555555555,สวนลุมพินี(ฝั่งราชดำริป้าย1) | เขตปทุมวัน
ตรงข้ามเทสโก้โลตัสบางแค | เขตบางแค,364,301,665,337,328,28,13.0,10.75,23.75,12.035714285714286,11.714285714285714,ตรงข้ามเทสโก้โลตัสบางแค | เขตบางแค
สวนลุมพินี(ตรงข้ามตึกอื้อจือเหลียง) | เขตปทุมวัน,339,325,664,309,355,30,11.3,10.833333333333334,22.133333333333333,10.3,11.833333333333334,สวนลุมพินี(ตรงข้ามตึกอื้อจือเหลียง) | เขตปทุมวัน
มหาวิทยาลัยเอเชียอาคเนย์ | เขตหนองแขม,404,259,663,332,331,31,13.03225806451613,8.35483870967742,21.387096774193548,10.709677419354838,10.67741935483871,มหาวิทยาลัยเอเชียอาคเนย์ | เขตหนองแขม
SRT ตลาดใหม่ดอนเมือง | เขตดอนเมือง,384,278,662,359,303,31,12.387096774193548,8.96774193548387,21.35483870967742,11.580645161290322,9.774193548387096,SRT ตลาดใหม่ดอนเมือง | เขตดอนเมือง
ตรงข้ามปั๊มคาลเท็กซ์กาญจนาภิเษก | เขตบางแค,439,223,662,346,316,28,15.678571428571429,7.964285714285714,23.642857142857142,12.357142857142858,11.285714285714286,ตรงข้ามปั๊มคาลเท็กซ์กาญจนาภิเษก | เขตบางแค
อนุสาวรีย์ประชาธิปไตย(ตรงข้ามศึกษาภัณฑ์) | เขตพระนคร,361,301,662,338,324,32,11.28125,9.40625,20.6875,10.5625,10.125,อนุสาวรีย์ประชาธิปไตย(ตรงข้ามศึกษาภัณฑ์) | เขตพระนคร
โรงพยาบาลบางไผ่ | เขตภาษีเจริญ,367,295,662,365,297,25,14.68,11.8,26.48,14.6,11.88,โรงพยาบาลบางไผ่ | เขตภาษีเจริญ
มหาวิทยาลัยเกษตรศาสตร์ | เขตจตุจักร,433,228,661,363,298,33,13.121212121212121,6.909090909090909,20.03030303030303,11.0,9.030303030303031,มหาวิทยาลัยเกษตรศาสตร์ | เขตจตุจักร
ซอยลาดกระบัง 14 | เขตลาดกระบัง,359,302,661,348,313,30,11.966666666666667,10.066666666666666,22.033333333333335,11.6,10.433333333333334,ซอยลาดกระบัง 14 | เขตลาดกระบัง
โรงพยาบาลธนบุรี 2 | เขตทวีวัฒนา,317,343,660,345,315,29,10.931034482758621,11.827586206896552,22.75862068965517,11.89655172413793,10.862068965517242,โรงพยาบาลธนบุรี 2 | เขตทวีวัฒนา
ARL ราชปรารภ | เขตราชเทวี,340,320,660,337,323,29,11.724137931034482,11.03448275862069,22.75862068965517,11.620689655172415,11.137931034482758,ARL ราชปรารภ | เขตราชเทวี
บิ๊กซีรัชดาภิเษก | เขตดินแดง,346,314,660,359,301,20,17.3,15.7,33.0,17.95,15.05,บิ๊กซีรัชดาภิเษก | เขตดินแดง
ตรงข้ามสถานีลาดกระบัง | เขตลาดกระบัง,422,237,659,370,289,32,13.1875,7.40625,20.59375,11.5625,9.03125,ตรงข้ามสถานีลาดกระบัง | เขตลาดกระบัง
ท่าวัดบางนานอก (ข้ามฟาก) | เขตบางนา,259,400,659,277,382,30,8.633333333333333,13.333333333333334,21.966666666666665,9.233333333333333,12.733333333333333,ท่าวัดบางนานอก (ข้ามฟาก) | เขตบางนา
วัดศรีนวลธรรมวิมล | เขตหนองแขม,324,335,659,488,171,34,9.529411764705882,9.852941176470589,19.38235294117647,14.352941176470589,5.029411764705882,วัดศรีนวลธรรมวิมล | เขตหนองแขม
มเหสักข์ | เขตบางรัก,326,332,658,341,317,26,12.538461538461538,12.76923076923077,25.307692307692307,13.115384615384615,12.192307692307692,มเหสักข์ | เขตบางรัก
แยกพัฒนาการ(ถนนศรีนครินทร์ขาออก) | เขตสวนหลวง,334,324,658,351,307,32,10.4375,10.125,20.5625,10.96875,9.59375,แยกพัฒนาการ(ถนนศรีนครินทร์ขาออก) | เขตสวนหลวง
โรงเรียนโพธิสาร(ซอยวัดมะกอก) | เขตตลิ่งชัน,431,227,658,356,302,31,13.903225806451612,7.32258064516129,21.225806451612904,11.483870967741936,9.741935483870968,โรงเรียนโพธิสาร(ซอยวัดมะกอก) | เขตตลิ่งชัน
ซอยเอกชัย 46 | เขตบางบอน,380,278,658,318,340,27,14.074074074074074,10.296296296296296,24.37037037037037,11.777777777777779,12.592592592592593,ซอยเอกชัย 46 | เขตบางบอน
หมู่บ้านเศรษฐกิจ | เขตบางแค,442,215,657,345,312,25,17.68,8.6,26.28,13.8,12.48,หมู่บ้านเศรษฐกิจ | เขตบางแค
ตรงข้าม 13 เหรียญรีสอร์ท | เขตบางนา,345,312,657,344,313,28,12.321428571428571,11.142857142857142,23.464285714285715,12.285714285714286,11.178571428571429,ตรงข้าม 13 เหรียญรีสอร์ท | เขตบางนา
ลาดปลาเค้า(ถนนประเสริฐมนูกิจขาเข้า) | เขตลาดพร้าว,366,290,656,327,329,25,14.64,11.6,26.24,13.08,13.16,ลาดปลาเค้า(ถนนประเสริฐมนูกิจขาเข้า) | เขตลาดพร้าว
ตรงข้ามซอยอ่อนนุช 46 | เขตสวนหลวง,266,390,656,342,314,31,8.580645161290322,12.580645161290322,21.161290322580644,11.03225806451613,10.129032258064516,ตรงข้ามซอยอ่อนนุช 46 | เขตสวนหลวง
ดีดีทาวเวอร์ | เขตดินแดง,353,303,656,338,318,26,13.576923076923077,11.653846153846153,25.23076923076923,13.0,12.23076923076923,ดีดีทาวเวอร์ | เขตดินแดง
วัดใหม่ช่องลม | เขตห้วยขวาง,313,343,656,328,328,25,12.52,13.72,26.24,13.12,13.12,วัดใหม่ช่องลม | เขตห้วยขวาง
ซอยอินทามะระ 55 | เขตดินแดง,380,275,655,329,326,29,13.10344827586207,9.482758620689655,22.586206896551722,11.344827586206897,11.241379310344827,ซอยอินทามะระ 55 | เขตดินแดง
แยกซังฮี้ | เขตดุสิต,434,221,655,360,295,28,15.5,7.892857142857143,23.392857142857142,12.857142857142858,10.535714285714286,แยกซังฮี้ | เขตดุสิต
สโมรสตำรวจThaiPBS | เขตหลักสี่,386,268,654,381,273,33,11.696969696969697,8.121212121212121,19.818181818181817,11.545454545454545,8.272727272727273,สโมรสตำรวจThaiPBS | เขตหลักสี่
คลองลาว(พัฒนาการ 35) | เขตสวนหลวง,335,319,654,358,296,29,11.551724137931034,11.0,22.551724137931036,12.344827586206897,10.206896551724139,คลองลาว(พัฒนาการ 35) | เขตสวนหลวง
"แยก อ.ส.ม.ท.,พระราม 9 ซอย 5 | เขตห้วยขวาง",357,295,652,334,318,26,13.73076923076923,11.346153846153847,25.076923076923077,12.846153846153847,12.23076923076923,"แยก อ.ส.ม.ท.,พระราม 9 ซอย 5 | เขตห้วยขวาง"
โรงเรียนประภามนตรี | เขตบางนา,356,296,652,327,325,27,13.185185185185185,10.962962962962964,24.14814814814815,12.11111111111111,12.037037037037036,โรงเรียนประภามนตรี | เขตบางนา
"ตรงข้ามฟู้ดแลนด์,เพอร์เฟคเพลส | เขตบางกะปิ",376,276,652,335,317,27,13.925925925925926,10.222222222222221,24.14814814814815,12.407407407407407,11.74074074074074,"ตรงข้ามฟู้ดแลนด์,เพอร์เฟคเพลส | เขตบางกะปิ"
โรงแรมมารวย | เขตจตุจักร,370,281,651,316,335,27,13.703703703703704,10.407407407407407,24.11111111111111,11.703703703703704,12.407407407407407,โรงแรมมารวย | เขตจตุจักร
องค์การสวนยาง | เขตบางกอกน้อย,352,297,649,368,281,27,13.037037037037036,11.0,24.037037037037038,13.62962962962963,10.407407407407407,องค์การสวนยาง | เขตบางกอกน้อย
แยกกล้วยน้ำไทตรงข้ามไปรษณีย์กล้วยน้ำไท | เขตคลองเตย,283,366,649,328,321,29,9.758620689655173,12.620689655172415,22.379310344827587,11.310344827586206,11.068965517241379,แยกกล้วยน้ำไทตรงข้ามไปรษณีย์กล้วยน้ำไท | เขตคลองเตย
บิ๊กซีเอ็กซ์ตร้าเพชรเกษม | เขตหนองแขม,272,376,648,307,341,33,8.242424242424242,11.393939393939394,19.636363636363637,9.303030303030303,10.333333333333334,บิ๊กซีเอ็กซ์ตร้าเพชรเกษม | เขตหนองแขม
BTS ปุณณวิถี(ทางออก 4) | เขตพระโขนง,335,313,648,331,317,26,12.884615384615385,12.038461538461538,24.923076923076923,12.73076923076923,12.192307692307692,BTS ปุณณวิถี(ทางออก 4) | เขตพระโขนง
ตรงข้ามสถานีตำรวจหัวหมาก | เขตบางกะปิ,374,274,648,320,328,29,12.89655172413793,9.448275862068966,22.344827586206897,11.03448275862069,11.310344827586206,ตรงข้ามสถานีตำรวจหัวหมาก | เขตบางกะปิ
เซ็นทรัลปิ่นเกล้า | เขตบางพลัด,393,255,648,294,354,4,98.25,63.75,162.0,73.5,88.5,เซ็นทรัลปิ่นเกล้า | เขตบางพลัด
"กรมสวัสดิการและคุ้มครองแรงงาน กองตรวจความปลอดภัย,ซอยฉิมพลี 2 | เขตตลิ่งชัน",373,274,647,346,301,28,13.321428571428571,9.785714285714286,23.107142857142858,12.357142857142858,10.75,"กรมสวัสดิการและคุ้มครองแรงงาน กองตรวจความปลอดภัย,ซอ..."
รร.กรุงเทพการบัญชี | เขตราชเทวี,349,298,647,326,321,27,12.925925925925926,11.037037037037036,23.962962962962962,12.074074074074074,11.88888888888889,รร.กรุงเทพการบัญชี | เขตราชเทวี
ซอยเทียนทะเล 11 | เขตบางขุนเทียน,381,265,646,295,351,26,14.653846153846153,10.192307692307692,24.846153846153847,11.346153846153847,13.5,ซอยเทียนทะเล 11 | เขตบางขุนเทียน
ตรงข้ามซอยวัดหลวง | เขตบางซื่อ,388,257,645,317,328,27,14.37037037037037,9.518518518518519,23.88888888888889,11.74074074074074,12.148148148148149,ตรงข้ามซอยวัดหลวง | เขตบางซื่อ
ตรงข้ามซอยลาดกระบัง 46 | เขตลาดกระบัง,363,281,644,327,317,27,13.444444444444445,10.407407407407407,23.85185185185185,12.11111111111111,11.74074074074074,ตรงข้ามซอยลาดกระบัง 46 | เขตลาดกระบัง
หมู่บ้านนวลลดา | เขตบึงกุ่ม,331,312,643,344,299,28,11.821428571428571,11.142857142857142,22.964285714285715,12.285714285714286,10.678571428571429,หมู่บ้านนวลลดา | เขตบึงกุ่ม
ตรงข้ามประกันสังคม | เขตบางซื่อ,320,323,643,332,311,29,11.03448275862069,11.137931034482758,22.17241379310345,11.448275862068966,10.724137931034482,ตรงข้ามประกันสังคม | เขตบางซื่อ
โรงเรียนพร้อม | เขตลาดกระบัง,421,221,642,334,308,31,13.580645161290322,7.129032258064516,20.70967741935484,10.774193548387096,9.935483870967742,โรงเรียนพร้อม | เขตลาดกระบัง
คลองถม(ฝั่งเสือป่า) | เขตป้อมปราบศัตรูพ่าย,313,329,642,316,326,30,10.433333333333334,10.966666666666667,21.4,10.533333333333333,10.866666666666667,คลองถม(ฝั่งเสือป่า) | เขตป้อมปราบศัตรูพ่าย
BTS เอกมัย | เขตวัฒนา,330,311,641,319,322,21,15.714285714285714,14.80952380952381,30.523809523809526,15.19047619047619,15.333333333333334,BTS เอกมัย | เขตวัฒนา
ซอยเอกชัย 25/1 | เขตจอมทอง,365,276,641,326,315,27,13.518518518518519,10.222222222222221,23.74074074074074,12.074074074074074,11.666666666666666,ซอยเอกชัย 25/1 | เขตจอมทอง
"ข้างตลาดเตาปูน,แยกเตาปูน | เขตบางซื่อ",300,340,640,324,316,26,11.538461538461538,13.076923076923077,24.615384615384617,12.461538461538462,12.153846153846153,"ข้างตลาดเตาปูน,แยกเตาปูน | เขตบางซื่อ"
ตรงข้ามโรงเรียนเซนต์จอห์น | เขตจตุจักร,329,311,640,302,338,30,10.966666666666667,10.366666666666667,21.333333333333332,10.066666666666666,11.266666666666667,ตรงข้ามโรงเรียนเซนต์จอห์น | เขตจตุจักร
สินดำรงค์ | เขตพระนคร,322,318,640,337,303,29,11.10344827586207,10.96551724137931,22.06896551724138,11.620689655172415,10.448275862068966,สินดำรงค์ | เขตพระนคร
ซอยจรัญสนิทวงค์ 4 | เขตบางกอกใหญ่,399,241,640,319,321,23,17.347826086956523,10.478260869565217,27.82608695652174,13.869565217391305,13.956521739130435,ซอยจรัญสนิทวงค์ 4 | เขตบางกอกใหญ่
วัดใหม่อมตรส | เขตพระนคร,353,285,638,330,308,28,12.607142857142858,10.178571428571429,22.785714285714285,11.785714285714286,11.0,วัดใหม่อมตรส | เขตพระนคร
ซอยเสริมสุข | เขตบางซื่อ,330,308,638,331,307,29,11.379310344827585,10.620689655172415,22.0,11.413793103448276,10.586206896551724,ซอยเสริมสุข | เขตบางซื่อ
ศูนย์การค้านครหลวง | เขตบางกอกน้อย,348,290,638,344,294,29,12.0,10.0,22.0,11.862068965517242,10.137931034482758,ศูนย์การค้านครหลวง | เขตบางกอกน้อย
ตรงข้ามมหาวิทยาลัยรามคำแหง | เขตบางกะปิ,363,274,637,340,297,27,13.444444444444445,10.148148148148149,23.59259259259259,12.592592592592593,11.0,ตรงข้ามมหาวิทยาลัยรามคำแหง | เขตบางกะปิ
ซอยเอกชัย 83/6 | เขตบางบอน,399,238,637,207,430,13,30.692307692307693,18.307692307692307,49.0,15.923076923076923,33.07692307692308,ซอยเอกชัย 83/6 | เขตบางบอน
"แยกอุรุพงษ์,โคลีเซี่ยม | เขตราชเทวี",319,317,636,331,305,26,12.26923076923077,12.192307692307692,24.46153846153846,12.73076923076923,11.73076923076923,"แยกอุรุพงษ์,โคลีเซี่ยม | เขตราชเทวี"
ตรงข้ามโรบินสันลาดหญ้า | เขตคลองสาน,346,290,636,328,308,27,12.814814814814815,10.74074074074074,23.555555555555557,12.148148148148149,11.407407407407407,ตรงข้ามโรบินสันลาดหญ้า | เขตคลองสาน
สำนักงานเขตบางพลัด | เขตบางพลัด,377,259,636,324,312,27,13.962962962962964,9.592592592592593,23.555555555555557,12.0,11.555555555555555,สำนักงานเขตบางพลัด | เขตบางพลัด
ซอยเอกชัย 40 | เขตบางบอน,361,275,636,332,304,25,14.44,11.0,25.44,13.28,12.16,ซอยเอกชัย 40 | เขตบางบอน
วัดพระศรีมหาธาตุ | เขตบางเขน,371,264,635,335,300,30,12.366666666666667,8.8,21.166666666666668,11.166666666666666,10.0,วัดพระศรีมหาธาตุ | เขตบางเขน
รร.โพธิสารพิทยากร | เขตตลิ่งชัน,443,192,635,448,187,32,13.84375,6.0,19.84375,14.0,5.84375,รร.โพธิสารพิทยากร | เขตตลิ่งชัน
บิ๊กซีซุปเปอร์เซ็นเตอร์ราษฎร์บูรณะ | เขตราษฎร์บูรณะ,333,301,634,367,267,29,11.482758620689655,10.379310344827585,21.862068965517242,12.655172413793103,9.206896551724139,บิ๊กซีซุปเปอร์เซ็นเตอร์ราษฎร์บูรณะ | เขตราษฎร์บูรณะ
แยกสุขุมวิท-อโศก(ซอยคาวบอย) | เขตวัฒนา,393,241,634,299,335,17,23.11764705882353,14.176470588235293,37.294117647058826,17.58823529411765,19.705882352941178,แยกสุขุมวิท-อโศก(ซอยคาวบอย) | เขตวัฒนา
ซอยสายหยุด | เขตบางเขน,356,277,633,322,311,29,12.275862068965518,9.551724137931034,21.82758620689655,11.10344827586207,10.724137931034482,ซอยสายหยุด | เขตบางเขน
วัดรางบัว | เขตภาษีเจริญ,359,274,633,335,298,31,11.580645161290322,8.838709677419354,20.419354838709676,10.806451612903226,9.612903225806452,วัดรางบัว | เขตภาษีเจริญ
สำเพ็ง | เขตสัมพันธวงศ์,346,285,631,304,327,23,15.043478260869565,12.391304347826088,27.434782608695652,13.217391304347826,14.217391304347826,สำเพ็ง | เขตสัมพันธวงศ์
BTS โพธิ์นิมิตร | เขตธนบุรี,302,328,630,324,306,28,10.785714285714286,11.714285714285714,22.5,11.571428571428571,10.928571428571429,BTS โพธิ์นิมิตร | เขตธนบุรี
ตลาดบางขุนนนท์ | เขตบางกอกน้อย,338,292,630,331,299,26,13.0,11.23076923076923,24.23076923076923,12.73076923076923,11.5,ตลาดบางขุนนนท์ | เขตบางกอกน้อย
วัดวิเศษการ | เขตบางกอกน้อย,352,278,630,345,285,32,11.0,8.6875,19.6875,10.78125,8.90625,วัดวิเศษการ | เขตบางกอกน้อย
จุฬาลงกรณ์ 9 | เขตปทุมวัน,336,293,629,307,322,24,14.0,12.208333333333334,26.208333333333332,12.791666666666666,13.416666666666666,จุฬาลงกรณ์ 9 | เขตปทุมวัน
แฟลต 7 | เขตดินแดง,325,304,629,372,257,28,11.607142857142858,10.857142857142858,22.464285714285715,13.285714285714286,9.178571428571429,แฟลต 7 | เขตดินแดง
เชิงสะพานกรุงเทพ | เขตบางคอแหลม,370,258,628,332,296,28,13.214285714285714,9.214285714285714,22.428571428571427,11.857142857142858,10.571428571428571,เชิงสะพานกรุงเทพ | เขตบางคอแหลม
ตรงข้ามหมู่บ้านธรากร | เขตมีนบุรี,415,213,628,334,294,33,12.575757575757576,6.454545454545454,19.03030303030303,10.121212121212121,8.909090909090908,ตรงข้ามหมู่บ้านธรากร | เขตมีนบุรี
หัวกระบือ | เขตบางขุนเทียน,367,261,628,338,290,33,11.121212121212121,7.909090909090909,19.03030303030303,10.242424242424242,8.787878787878787,หัวกระบือ | เขตบางขุนเทียน
ซอยแอนเน็กซ์ | เขตสายไหม,388,239,627,338,289,32,12.125,7.46875,19.59375,10.5625,9.03125,ซอยแอนเน็กซ์ | เขตสายไหม
ศูนย์ฝึกรักษาดินแดน | เขตดินแดง,296,330,626,381,245,29,10.206896551724139,11.379310344827585,21.586206896551722,13.137931034482758,8.448275862068966,ศูนย์ฝึกรักษาดินแดน | เขตดินแดง
"พระราม 2 ซอย 100,ตรงข้ามวัดพรหมรังษี | เขตบางขุนเทียน",463,163,626,309,317,31,14.935483870967742,5.258064516129032,20.193548387096776,9.96774193548387,10.225806451612904,"พระราม 2 ซอย 100,ตรงข้ามวัดพรหมรังษี | เขตบางขุนเที..."
แยกกิ่งแก้ว(มาร์เก็ตแลนด์) | เขตลาดกระบัง,374,251,625,325,300,30,12.466666666666667,8.366666666666667,20.833333333333332,10.833333333333334,10.0,แยกกิ่งแก้ว(มาร์เก็ตแลนด์) | เขตลาดกระบัง
"ซอยนวมินทร์ 80,ตรงข้ามเคหะนวมินทร์ | เขตบึงกุ่ม",361,264,625,321,304,31,11.64516129032258,8.516129032258064,20.161290322580644,10.35483870967742,9.806451612903226,"ซอยนวมินทร์ 80,ตรงข้ามเคหะนวมินทร์ | เขตบึงกุ่ม"
ใต้สะพานแขวน | เขตบางคอแหลม,329,295,624,310,314,32,10.28125,9.21875,19.5,9.6875,9.8125,ใต้สะพานแขวน | เขตบางคอแหลม
SRT สามเสน | เขตดุสิต,307,317,624,326,298,25,12.28,12.68,24.96,13.04,11.92,SRT สามเสน | เขตดุสิต
แยกเดโช(ขาเข้า) | เขตบางรัก,337,287,624,323,301,31,10.870967741935484,9.258064516129032,20.129032258064516,10.419354838709678,9.709677419354838,แยกเดโช(ขาเข้า) | เขตบางรัก
"จัสโก้แจ้งวัฒนะ,ตรงข้ามมหาวิทยาลัยราชภัฏพระนคร | เขตบางเขน",374,250,624,316,308,28,13.357142857142858,8.928571428571429,22.285714285714285,11.285714285714286,11.0,"จัสโก้แจ้งวัฒนะ,ตรงข้ามมหาวิทยาลัยราชภัฏพระนคร | เข..."
ท่าวัดกัลยาณมิตร (ข้ามฟาก) | เขตธนบุรี,312,311,623,317,306,26,12.0,11.961538461538462,23.96153846153846,12.192307692307692,11.76923076923077,ท่าวัดกัลยาณมิตร (ข้ามฟาก) | เขตธนบุรี
ตรงข้ามหมู่บ้านเศรษฐกิจ | เขตบางแค,385,238,623,341,282,31,12.419354838709678,7.67741935483871,20.096774193548388,11.0,9.096774193548388,ตรงข้ามหมู่บ้านเศรษฐกิจ | เขตบางแค
โรงปูน | เขตยานนาวา,304,318,622,341,281,33,9.212121212121213,9.636363636363637,18.848484848484848,10.333333333333334,8.515151515151516,โรงปูน | เขตยานนาวา
สนามหลวง(ตรงข้ามม.ธรรมศาสตร์) | เขตพระนคร,302,320,622,279,343,28,10.785714285714286,11.428571428571429,22.214285714285715,9.964285714285714,12.25,สนามหลวง(ตรงข้ามม.ธรรมศาสตร์) | เขตพระนคร
ซอยลาดพร้าว 22 | เขตจตุจักร,400,222,622,304,318,26,15.384615384615385,8.538461538461538,23.923076923076923,11.692307692307692,12.23076923076923,ซอยลาดพร้าว 22 | เขตจตุจักร
BTSกรุงธนบุรี(ทางออก3) | เขตคลองสาน,367,254,621,327,294,27,13.592592592592593,9.407407407407407,23.0,12.11111111111111,10.88888888888889,BTSกรุงธนบุรี(ทางออก3) | เขตคลองสาน
ตรงข้ามสุขสมาน | เขตลาดกระบัง,368,252,620,316,304,29,12.689655172413794,8.689655172413794,21.379310344827587,10.89655172413793,10.482758620689655,ตรงข้ามสุขสมาน | เขตลาดกระบัง
ตรงข้ามโรงพยาบาลกลาง(ฝั่งเสือป่า) | เขตป้อมปราบศัตรูพ่าย,305,315,620,392,228,32,9.53125,9.84375,19.375,12.25,7.125,ตรงข้ามโรงพยาบาลกลาง(ฝั่งเสือป่า) | เขตป้อมปราบศัตร...
ตรงข้ามมหาวิทยาลัยราชภัฏจันทรเกษม | เขตจตุจักร,338,282,620,344,276,31,10.903225806451612,9.096774193548388,20.0,11.096774193548388,8.903225806451612,ตรงข้ามมหาวิทยาลัยราชภัฏจันทรเกษม | เขตจตุจักร
ท่าจอดสาย91รร.อัสสัมชัญธนบุรี | เขตบางแค,324,296,620,392,228,31,10.451612903225806,9.548387096774194,20.0,12.64516129032258,7.354838709677419,ท่าจอดสาย91รร.อัสสัมชัญธนบุรี | เขตบางแค
วัดเจ้าอาม | เขตบางกอกน้อย,349,270,619,347,272,28,12.464285714285714,9.642857142857142,22.107142857142858,12.392857142857142,9.714285714285714,วัดเจ้าอาม | เขตบางกอกน้อย
บ่อนไก่ | เขตปทุมวัน,324,294,618,312,306,22,14.727272727272727,13.363636363636363,28.09090909090909,14.181818181818182,13.909090909090908,บ่อนไก่ | เขตปทุมวัน
สน.ตลิ่งชัน | เขตตลิ่งชัน,394,224,618,353,265,33,11.93939393939394,6.787878787878788,18.727272727272727,10.696969696969697,8.030303030303031,สน.ตลิ่งชัน | เขตตลิ่งชัน
ตรงข้ามเทคนิควิมล | เขตบางซื่อ,311,307,618,314,304,29,10.724137931034482,10.586206896551724,21.310344827586206,10.827586206896552,10.482758620689655,ตรงข้ามเทคนิควิมล | เขตบางซื่อ
วัดโพธิ์เรียง | เขตบางกอกน้อย,347,270,617,306,311,29,11.96551724137931,9.310344827586206,21.275862068965516,10.551724137931034,10.724137931034482,วัดโพธิ์เรียง | เขตบางกอกน้อย
สถานีตำรวจลุมพินี | เขตปทุมวัน,312,305,617,308,309,28,11.142857142857142,10.892857142857142,22.035714285714285,11.0,11.035714285714286,สถานีตำรวจลุมพินี | เขตปทุมวัน
ซอยสุขุมวิท 49 | เขตคลองเตย,384,233,617,271,346,24,16.0,9.708333333333334,25.708333333333332,11.291666666666666,14.416666666666666,ซอยสุขุมวิท 49 | เขตคลองเตย
สำนักงานเขตจอมทอง | เขตจอมทอง,339,278,617,337,280,29,11.689655172413794,9.586206896551724,21.275862068965516,11.620689655172415,9.655172413793103,สำนักงานเขตจอมทอง | เขตจอมทอง
กรมที่ดิน | เขตพระนคร,340,277,617,334,283,30,11.333333333333334,9.233333333333333,20.566666666666666,11.133333333333333,9.433333333333334,กรมที่ดิน | เขตพระนคร
ซอยสุขุมวิท 28(ซอยบรรณสาร) | เขตคลองเตย,304,312,616,288,328,24,12.666666666666666,13.0,25.666666666666668,12.0,13.666666666666666,ซอยสุขุมวิท 28(ซอยบรรณสาร) | เขตคลองเตย
พุทธมณฑลสาย 1 ซอย 7 | เขตภาษีเจริญ,306,310,616,313,303,25,12.24,12.4,24.64,12.52,12.12,พุทธมณฑลสาย 1 ซอย 7 | เขตภาษีเจริญ
ซอยจรัญสนิทวงศ์ 89/1 | เขตบางพลัด,372,244,616,338,278,28,13.285714285714286,8.714285714285714,22.0,12.071428571428571,9.928571428571429,ซอยจรัญสนิทวงศ์ 89/1 | เขตบางพลัด
ศาลเจ้าแม่งู | เขตบางขุนเทียน,314,302,616,303,313,26,12.076923076923077,11.615384615384615,23.692307692307693,11.653846153846153,12.038461538461538,ศาลเจ้าแม่งู | เขตบางขุนเทียน
ตรงข้ามซอยอ่อนนุช 30 | เขตสวนหลวง,359,256,615,306,309,27,13.296296296296296,9.481481481481481,22.77777777777778,11.333333333333334,11.444444444444445,ตรงข้ามซอยอ่อนนุช 30 | เขตสวนหลวง
ศาลขุนด่านเจ้าพ่อเสือ | เขตภาษีเจริญ,313,302,615,314,301,27,11.592592592592593,11.185185185185185,22.77777777777778,11.62962962962963,11.148148148148149,ศาลขุนด่านเจ้าพ่อเสือ | เขตภาษีเจริญ
อุรุพงษ์ | เขตราชเทวี,337,278,615,312,303,26,12.961538461538462,10.692307692307692,23.653846153846153,12.0,11.653846153846153,อุรุพงษ์ | เขตราชเทวี
ซอยลาดพร้าว 28 | เขตจตุจักร,312,302,614,308,306,28,11.142857142857142,10.785714285714286,21.928571428571427,11.0,10.928571428571429,ซอยลาดพร้าว 28 | เขตจตุจักร
ตรงข้ามมหาวิทยาลัยเกษตรศาสตร์ ประตู 1 | เขตจตุจักร,347,267,614,340,274,34,10.205882352941176,7.852941176470588,18.058823529411764,10.0,8.058823529411764,ตรงข้ามมหาวิทยาลัยเกษตรศาสตร์ ประตู 1 | เขตจตุจักร
ท่ารถไฟ | เขตบางกอกน้อย,288,326,614,353,261,16,18.0,20.375,38.375,22.0625,16.3125,ท่ารถไฟ | เขตบางกอกน้อย
ซอยสาธุประดิษฐ์ 45 | เขตยานนาวา,299,314,613,302,311,29,10.310344827586206,10.827586206896552,21.137931034482758,10.413793103448276,10.724137931034482,ซอยสาธุประดิษฐ์ 45 | เขตยานนาวา
แฟลตดินแดง(ป้าย1) | เขตดินแดง,332,280,612,314,298,27,12.296296296296296,10.37037037037037,22.666666666666668,11.62962962962963,11.037037037037036,แฟลตดินแดง(ป้าย1) | เขตดินแดง
ท้องฟ้าจำลอง | เขตคลองเตย,364,248,612,277,335,25,14.56,9.92,24.48,11.08,13.4,ท้องฟ้าจำลอง | เขตคลองเตย
หนังสือพิมพ์เดลินิวส์ | เขตหลักสี่,302,310,612,324,288,32,9.4375,9.6875,19.125,10.125,9.0,หนังสือพิมพ์เดลินิวส์ | เขตหลักสี่
แยกเย็นอากาศ | เขตสาทร,279,332,611,310,301,25,11.16,13.28,24.44,12.4,12.04,แยกเย็นอากาศ | เขตสาทร
ตรงข้ามร้านก๋วยเตี๋ยวเย็นตาโฟฟ้าผ่า | เขตจตุจักร,302,309,611,313,298,25,12.08,12.36,24.44,12.52,11.92,ตรงข้ามร้านก๋วยเตี๋ยวเย็นตาโฟฟ้าผ่า | เขตจตุจักร
ซอยหมู่บ้านปริญสิริ | เขตบึงกุ่ม,366,244,610,304,306,27,13.555555555555555,9.037037037037036,22.59259259259259,11.25925925925926,11.333333333333334,ซอยหมู่บ้านปริญสิริ | เขตบึงกุ่ม
"โรงแรมแม่น้ำรามาดาพลาซา,พนาสิริ | เขตบางคอแหลม",281,328,609,318,291,29,9.689655172413794,11.310344827586206,21.0,10.96551724137931,10.03448275862069,"โรงแรมแม่น้ำรามาดาพลาซา,พนาสิริ | เขตบางคอแหลม"
บริษัทอิตาเลียน-ไทย | เขตห้วยขวาง,312,296,608,343,265,27,11.555555555555555,10.962962962962964,22.51851851851852,12.703703703703704,9.814814814814815,บริษัทอิตาเลียน-ไทย | เขตห้วยขวาง
ซอยจรัญสนิทวงค์ 1 | เขตบางกอกใหญ่,317,291,608,292,316,27,11.74074074074074,10.777777777777779,22.51851851851852,10.814814814814815,11.703703703703704,ซอยจรัญสนิทวงค์ 1 | เขตบางกอกใหญ่
ท่าประตูน้ำ | เขตราชเทวี,284,324,608,295,313,22,12.909090909090908,14.727272727272727,27.636363636363637,13.409090909090908,14.227272727272727,ท่าประตูน้ำ | เขตราชเทวี
ศุภาลัยพริมารีวา | เขตยานนาวา,248,360,608,316,292,31,8.0,11.612903225806452,19.612903225806452,10.193548387096774,9.419354838709678,ศุภาลัยพริมารีวา | เขตยานนาวา
ซอยเจริญนคร 51 | เขตคลองสาน,334,273,607,299,308,27,12.37037037037037,10.11111111111111,22.48148148148148,11.074074074074074,11.407407407407407,ซอยเจริญนคร 51 | เขตคลองสาน
ตลาดคลองเตย(ถนนสุนทรโกษาขาออก) | เขตคลองเตย,310,297,607,303,304,26,11.923076923076923,11.423076923076923,23.346153846153847,11.653846153846153,11.692307692307692,ตลาดคลองเตย(ถนนสุนทรโกษาขาออก) | เขตคลองเตย
ซอยบางนา-ตราด 19 | เขตบางนา,327,279,606,313,293,23,14.217391304347826,12.130434782608695,26.347826086956523,13.608695652173912,12.73913043478261,ซอยบางนา-ตราด 19 | เขตบางนา
โรงเรียนพิบูลเวศม์(ซอยปรีดีพนมยงค์ 13) | เขตวัฒนา,385,221,606,300,306,25,15.4,8.84,24.24,12.0,12.24,โรงเรียนพิบูลเวศม์(ซอยปรีดีพนมยงค์ 13) | เขตวัฒนา
ตรงข้ามการไฟฟ้านครหลวงเขตบางกะปิ | เขตสวนหลวง,261,344,605,300,305,27,9.666666666666666,12.74074074074074,22.40740740740741,11.11111111111111,11.296296296296296,ตรงข้ามการไฟฟ้านครหลวงเขตบางกะปิ | เขตสวนหลวง
ซอยเอกชัย 76 | เขตบางบอน,376,229,605,286,319,26,14.461538461538462,8.807692307692308,23.26923076923077,11.0,12.26923076923077,ซอยเอกชัย 76 | เขตบางบอน
"โรงแรมเดอม็อค,ตรงข้ามวัดตรีทศเทพ | เขตพระนคร",314,291,605,301,304,26,12.076923076923077,11.192307692307692,23.26923076923077,11.576923076923077,11.692307692307692,"โรงแรมเดอม็อค,ตรงข้ามวัดตรีทศเทพ | เขตพระนคร"
สำนักงานเขตตลิ่งชัน | เขตตลิ่งชัน,311,293,604,254,350,24,12.958333333333334,12.208333333333334,25.166666666666668,10.583333333333334,14.583333333333334,สำนักงานเขตตลิ่งชัน | เขตตลิ่งชัน
ตรงข้าม มทร.พระนครศูนย์เทเวศร์ | เขตดุสิต,348,256,604,326,278,29,12.0,8.827586206896552,20.82758620689655,11.241379310344827,9.586206896551724,ตรงข้าม มทร.พระนครศูนย์เทเวศร์ | เขตดุสิต
ฟอร์จูนทาวน์ | เขตห้วยขวาง,272,332,604,286,318,22,12.363636363636363,15.090909090909092,27.454545454545453,13.0,14.454545454545455,ฟอร์จูนทาวน์ | เขตห้วยขวาง
ซอยเจริญนคร 21-23 | เขตคลองสาน,329,275,604,309,295,29,11.344827586206897,9.482758620689655,20.82758620689655,10.655172413793103,10.172413793103448,ซอยเจริญนคร 21-23 | เขตคลองสาน
"วัดราชนัดดา,ลานพลับพลามหาเจษฎาบดินทร์ | เขตพระนคร",355,248,603,295,308,27,13.148148148148149,9.185185185185185,22.333333333333332,10.925925925925926,11.407407407407407,"วัดราชนัดดา,ลานพลับพลามหาเจษฎาบดินทร์ | เขตพระนคร"
มหาวิทยาลัยเกษตรศาสตร์(ฝั่งพหลโยธิน) | เขตจตุจักร,221,382,603,320,283,23,9.608695652173912,16.608695652173914,26.217391304347824,13.91304347826087,12.304347826086957,มหาวิทยาลัยเกษตรศาสตร์(ฝั่งพหลโยธิน) | เขตจตุจักร
ตรงข้ามหมู่บ้านพฤษชาติ | เขตสะพานสูง,359,244,603,341,262,28,12.821428571428571,8.714285714285714,21.535714285714285,12.178571428571429,9.357142857142858,ตรงข้ามหมู่บ้านพฤษชาติ | เขตสะพานสูง
พระราชวังพญาไท | เขตราชเทวี,294,308,602,436,166,24,12.25,12.833333333333334,25.083333333333332,18.166666666666668,6.916666666666667,พระราชวังพญาไท | เขตราชเทวี
จุฬาลงกรณ์มหาวิทยาลัย (คณะพาณิชยศาสตร์และการบัญชี) | เขตปทุมวัน,331,270,601,294,307,23,14.391304347826088,11.73913043478261,26.130434782608695,12.782608695652174,13.347826086956522,จุฬาลงกรณ์มหาวิทยาลัย (คณะพาณิชยศาสตร์และการบัญชี) ...
วัดเครือวัลย์วรวิหาร | เขตบางกอกใหญ่,314,287,601,301,300,27,11.62962962962963,10.62962962962963,22.25925925925926,11.148148148148149,11.11111111111111,วัดเครือวัลย์วรวิหาร | เขตบางกอกใหญ่
โรงเรียนศึกษานารี | เขตคลองสาน,330,271,601,295,306,19,17.36842105263158,14.263157894736842,31.63157894736842,15.526315789473685,16.105263157894736,โรงเรียนศึกษานารี | เขตคลองสาน
โรงเรียนสตรีวรนาถเทเวศร์ | เขตพระนคร,307,294,601,338,263,23,13.347826086956522,12.782608695652174,26.130434782608695,14.695652173913043,11.434782608695652,โรงเรียนสตรีวรนาถเทเวศร์ | เขตพระนคร
โรงแรมดิเอมเมอรัล | เขตห้วยขวาง,328,273,601,285,316,17,19.294117647058822,16.058823529411764,35.35294117647059,16.764705882352942,18.58823529411765,โรงแรมดิเอมเมอรัล | เขตห้วยขวาง
ซอยรามคำแหง 68 | เขตบางกะปิ,389,212,601,298,303,30,12.966666666666667,7.066666666666666,20.033333333333335,9.933333333333334,10.1,ซอยรามคำแหง 68 | เขตบางกะปิ
ซอยสมเด็จเจ้าพระยา 13 | เขตคลองสาน,325,274,599,371,228,29,11.206896551724139,9.448275862068966,20.655172413793103,12.793103448275861,7.862068965517241,ซอยสมเด็จเจ้าพระยา 13 | เขตคลองสาน
ซอยโพธิ์แก้ว 1 | เขตบึงกุ่ม,291,308,599,317,282,29,10.03448275862069,10.620689655172415,20.655172413793103,10.931034482758621,9.724137931034482,ซอยโพธิ์แก้ว 1 | เขตบึงกุ่ม
ราชพฤกษ์ ซอย 18 | เขตตลิ่งชัน,322,277,599,334,265,24,13.416666666666666,11.541666666666666,24.958333333333332,13.916666666666666,11.041666666666666,ราชพฤกษ์ ซอย 18 | เขตตลิ่งชัน
วัดนวลนรดิศ | เขตภาษีเจริญ,351,248,599,337,262,26,13.5,9.538461538461538,23.03846153846154,12.961538461538462,10.076923076923077,วัดนวลนรดิศ | เขตภาษีเจริญ
ตรงข้ามโรงเรียนกุลศิริ | เขตคลองสาน,292,306,598,301,297,28,10.428571428571429,10.928571428571429,21.357142857142858,10.75,10.607142857142858,ตรงข้ามโรงเรียนกุลศิริ | เขตคลองสาน
"บริษัทวาโก้,ธนาคารไทยพาณิชย์ | เขตบางคอแหลม",301,296,597,327,270,25,12.04,11.84,23.88,13.08,10.8,"บริษัทวาโก้,ธนาคารไทยพาณิชย์ | เขตบางคอแหลม"
สาทร-คอนแวนต์ | เขตบางรัก,299,298,597,309,288,21,14.238095238095237,14.19047619047619,28.428571428571427,14.714285714285714,13.714285714285714,สาทร-คอนแวนต์ | เขตบางรัก
สวนอาหารเรือนปั้นหยา | เขตลาดพร้าว,296,301,597,293,304,26,11.384615384615385,11.576923076923077,22.96153846153846,11.26923076923077,11.692307692307692,สวนอาหารเรือนปั้นหยา | เขตลาดพร้าว
ตลาดบางคอแหลม | เขตบางคอแหลม,346,250,596,301,295,25,13.84,10.0,23.84,12.04,11.8,ตลาดบางคอแหลม | เขตบางคอแหลม
MRT ศูนย์วัฒนธรรมแห่งประเทศไทย | เขตดินแดง,329,266,595,308,287,28,11.75,9.5,21.25,11.0,10.25,MRT ศูนย์วัฒนธรรมแห่งประเทศไทย | เขตดินแดง
ซอยลาดพร้าว 81 อู่ ส.ซื่อตรงเซอร์วิส | เขตวังทองหลาง,335,260,595,297,298,26,12.884615384615385,10.0,22.884615384615383,11.423076923076923,11.461538461538462,ซอยลาดพร้าว 81 อู่ ส.ซื่อตรงเซอร์วิส | เขตวังทองหลาง
วัดม่วง | เขตบางแค,335,260,595,319,276,27,12.407407407407407,9.62962962962963,22.037037037037038,11.814814814814815,10.222222222222221,วัดม่วง | เขตบางแค
ซอยราษฎร์บูรณะ 27 | เขตราษฎร์บูรณะ,301,294,595,468,127,35,8.6,8.4,17.0,13.371428571428572,3.6285714285714286,ซอยราษฎร์บูรณะ 27 | เขตราษฎร์บูรณะ
ตรงข้ามกองปราบปราม | เขตจตุจักร,333,261,594,312,282,29,11.482758620689655,9.0,20.482758620689655,10.758620689655173,9.724137931034482,ตรงข้ามกองปราบปราม | เขตจตุจักร
วิทยาลัยแพทยศาสตร์พระมงกุฎเกล้า | เขตราชเทวี,321,273,594,326,268,30,10.7,9.1,19.8,10.866666666666667,8.933333333333334,วิทยาลัยแพทยศาสตร์พระมงกุฎเกล้า | เขตราชเทวี
"พุทธมณฑลสาย 2 ซอย15,หมู่บ้านมหามงคล | เขตบางแค",333,260,593,294,299,26,12.807692307692308,10.0,22.807692307692307,11.307692307692308,11.5,"พุทธมณฑลสาย 2 ซอย15,หมู่บ้านมหามงคล | เขตบางแค"
ซอยอ่อนนุช 20-22 | เขตสวนหลวง,307,286,593,292,301,28,10.964285714285714,10.214285714285714,21.178571428571427,10.428571428571429,10.75,ซอยอ่อนนุช 20-22 | เขตสวนหลวง
BTS วงเวียนใหญ่(ทางออก3) | เขตคลองสาน,277,316,593,295,298,26,10.653846153846153,12.153846153846153,22.807692307692307,11.346153846153847,11.461538461538462,BTS วงเวียนใหญ่(ทางออก3) | เขตคลองสาน
วิทยาลัยพยาบาลตำรวจ | เขตปทุมวัน,316,276,592,354,238,31,10.193548387096774,8.903225806451612,19.096774193548388,11.419354838709678,7.67741935483871,วิทยาลัยพยาบาลตำรวจ | เขตปทุมวัน
ประชาสงเคราะห์2 | เขตดินแดง,323,269,592,314,278,28,11.535714285714286,9.607142857142858,21.142857142857142,11.214285714285714,9.928571428571429,ประชาสงเคราะห์2 | เขตดินแดง
บางซ่อน | เขตบางซื่อ,288,304,592,298,294,28,10.285714285714286,10.857142857142858,21.142857142857142,10.642857142857142,10.5,บางซ่อน | เขตบางซื่อ
ซอยวัดพุทธบูชา | เขตจอมทอง,389,203,592,315,277,29,13.413793103448276,7.0,20.413793103448278,10.862068965517242,9.551724137931034,ซอยวัดพุทธบูชา | เขตจอมทอง
ซอยเพชรเกษม 102/3 | เขตบางแค,327,264,591,313,278,30,10.9,8.8,19.7,10.433333333333334,9.266666666666667,ซอยเพชรเกษม 102/3 | เขตบางแค
ตลาด กม.4 | เขตบางเขน,323,268,591,311,280,30,10.766666666666667,8.933333333333334,19.7,10.366666666666667,9.333333333333334,ตลาด กม.4 | เขตบางเขน
ตรงข้ามเอสพลานาดรัชดาภิเษก | เขตห้วยขวาง,338,253,591,310,281,25,13.52,10.12,23.64,12.4,11.24,ตรงข้ามเอสพลานาดรัชดาภิเษก | เขตห้วยขวาง
ฟิวส์สาทร-ตากสิน | เขตคลองสาน,343,248,591,308,283,28,12.25,8.857142857142858,21.107142857142858,11.0,10.107142857142858,ฟิวส์สาทร-ตากสิน | เขตคลองสาน
กรมบังคับคดี | เขตบางกอกน้อย,300,290,590,387,203,31,9.67741935483871,9.35483870967742,19.032258064516128,12.483870967741936,6.548387096774194,กรมบังคับคดี | เขตบางกอกน้อย
ท่าเรือคลองเตย(ฝ่ายการช่าง) | เขตคลองเตย,284,306,590,314,276,32,8.875,9.5625,18.4375,9.8125,8.625,ท่าเรือคลองเตย(ฝ่ายการช่าง) | เขตคลองเตย
แยกสวนหลวง(อ่อนนุช 58) | เขตสวนหลวง,342,248,590,296,294,26,13.153846153846153,9.538461538461538,22.692307692307693,11.384615384615385,11.307692307692308,แยกสวนหลวง(อ่อนนุช 58) | เขตสวนหลวง
"ซอยลาดพร้าว 130/1,ตรงข้ามวิสุทธานี | เขตบางกะปิ",312,278,590,293,297,26,12.0,10.692307692307692,22.692307692307693,11.26923076923077,11.423076923076923,"ซอยลาดพร้าว 130/1,ตรงข้ามวิสุทธานี | เขตบางกะปิ"
แยกสุขสมาน | เขตลาดกระบัง,379,211,590,316,274,27,14.037037037037036,7.814814814814815,21.85185185185185,11.703703703703704,10.148148148148149,แยกสุขสมาน | เขตลาดกระบัง
แยกวุฒากาศ | เขตจอมทอง,309,281,590,319,271,25,12.36,11.24,23.6,12.76,10.84,แยกวุฒากาศ | เขตจอมทอง
วัดลาดบัวขาว | เขตบางคอแหลม,309,280,589,301,288,26,11.884615384615385,10.76923076923077,22.653846153846153,11.576923076923077,11.076923076923077,วัดลาดบัวขาว | เขตบางคอแหลม
สำนักงานสถิติแห่งชาติ | เขตป้อมปราบศัตรูพ่าย,354,235,589,314,275,28,12.642857142857142,8.392857142857142,21.035714285714285,11.214285714285714,9.821428571428571,สำนักงานสถิติแห่งชาติ | เขตป้อมปราบศัตรูพ่าย
โรงเหล้าตะวันแดง(พัฒนาการซอย7) | เขตสวนหลวง,313,276,589,283,306,28,11.178571428571429,9.857142857142858,21.035714285714285,10.107142857142858,10.928571428571429,โรงเหล้าตะวันแดง(พัฒนาการซอย7) | เขตสวนหลวง
โรบินสันสีลม(ตรงข้ามรพ.จุฬา) | เขตบางรัก,330,258,588,341,247,11,30.0,23.454545454545453,53.45454545454545,31.0,22.454545454545453,โรบินสันสีลม(ตรงข้ามรพ.จุฬา) | เขตบางรัก
ซอยลาดพร้าว 20 | เขตจตุจักร,298,290,588,299,289,29,10.275862068965518,10.0,20.275862068965516,10.310344827586206,9.96551724137931,ซอยลาดพร้าว 20 | เขตจตุจักร
ซอยสีลม 19 | เขตบางรัก,306,281,587,324,263,27,11.333333333333334,10.407407407407407,21.74074074074074,12.0,9.74074074074074,ซอยสีลม 19 | เขตบางรัก
ตลาดหัวตะเข้(ขาออก) | เขตลาดกระบัง,351,236,587,312,275,26,13.5,9.076923076923077,22.576923076923077,12.0,10.576923076923077,ตลาดหัวตะเข้(ขาออก) | เขตลาดกระบัง
สะพานวันชาติ | เขตพระนคร,284,303,587,285,302,25,11.36,12.12,23.48,11.4,12.08,สะพานวันชาติ | เขตพระนคร
ตรงข้ามวงแหวนเซ็นเตอร์ | เขตบางแค,411,176,587,318,269,30,13.7,5.866666666666666,19.566666666666666,10.6,8.966666666666667,ตรงข้ามวงแหวนเซ็นเตอร์ | เขตบางแค
วัดพรหมวงศาราม | เขตดินแดง,290,295,585,303,282,27,10.74074074074074,10.925925925925926,21.666666666666668,11.222222222222221,10.444444444444445,วัดพรหมวงศาราม | เขตดินแดง
ตรงข้ามแยกลำลูกกา | เขตดอนเมือง,414,171,585,334,251,31,13.35483870967742,5.516129032258065,18.870967741935484,10.774193548387096,8.096774193548388,ตรงข้ามแยกลำลูกกา | เขตดอนเมือง
ตรงข้ามโรงเรียนสตรีวรนาถบางเขน | เขตจตุจักร,275,310,585,286,299,28,9.821428571428571,11.071428571428571,20.892857142857142,10.214285714285714,10.678571428571429,ตรงข้ามโรงเรียนสตรีวรนาถบางเขน | เขตจตุจักร
ท่าปล่อยรถ สะพานพุทธ | เขตพระนคร,258,327,585,314,271,30,8.6,10.9,19.5,10.466666666666667,9.033333333333333,ท่าปล่อยรถ สะพานพุทธ | เขตพระนคร
ท่าวัดกลาง | เขตบางกะปิ,293,292,585,305,280,27,10.851851851851851,10.814814814814815,21.666666666666668,11.296296296296296,10.37037037037037,ท่าวัดกลาง | เขตบางกะปิ
ซอยศรีสวัสศิริ 2 | เขตลาดกระบัง,362,222,584,317,267,28,12.928571428571429,7.928571428571429,20.857142857142858,11.321428571428571,9.535714285714286,ซอยศรีสวัสศิริ 2 | เขตลาดกระบัง
"ตึกเอสซีบี,ซอยรัชดาภิเษก 46 | เขตจตุจักร",241,343,584,384,200,31,7.774193548387097,11.064516129032258,18.838709677419356,12.387096774193548,6.451612903225806,"ตึกเอสซีบี,ซอยรัชดาภิเษก 46 | เขตจตุจักร"
โรงพยาบาลแพทย์ปัญญา(ซอยรามคำแหง5) | เขตสวนหลวง,355,229,584,299,285,28,12.678571428571429,8.178571428571429,20.857142857142858,10.678571428571429,10.178571428571429,โรงพยาบาลแพทย์ปัญญา(ซอยรามคำแหง5) | เขตสวนหลวง
แม็คโครบางบอน | เขตบางบอน,334,249,583,295,288,29,11.517241379310345,8.586206896551724,20.103448275862068,10.172413793103448,9.931034482758621,แม็คโครบางบอน | เขตบางบอน
ตรงข้ามซอยอิสรภาพ 37 | เขตบางกอกน้อย,320,263,583,297,286,28,11.428571428571429,9.392857142857142,20.821428571428573,10.607142857142858,10.214285714285714,ตรงข้ามซอยอิสรภาพ 37 | เขตบางกอกน้อย
หมู่บ้านหรรษา | เขตหนองแขม,392,191,583,333,250,34,11.529411764705882,5.617647058823529,17.147058823529413,9.794117647058824,7.352941176470588,หมู่บ้านหรรษา | เขตหนองแขม
ตรงข้ามโรงเรียนบดินทรเดชา(สิงห์สิงหเสนี 2) | เขตบึงกุ่ม,291,291,582,270,312,30,9.7,9.7,19.4,9.0,10.4,ตรงข้ามโรงเรียนบดินทรเดชา(สิงห์สิงหเสนี 2) | เขตบึง...
ตรงข้ามโรงพยาบาลพญาไทนวมินทร์(เปาโลเดิม) | เขตบึงกุ่ม,320,261,581,322,259,28,11.428571428571429,9.321428571428571,20.75,11.5,9.25,ตรงข้ามโรงพยาบาลพญาไทนวมินทร์(เปาโลเดิม) | เขตบึงกุ...
วัดสีสุก | เขตจอมทอง,322,258,580,306,274,24,13.416666666666666,10.75,24.166666666666668,12.75,11.416666666666666,วัดสีสุก | เขตจอมทอง
"ซอยรามคำแหง 83/2,โรงแรมแอนดา | เขตบางกะปิ",304,276,580,293,287,27,11.25925925925926,10.222222222222221,21.48148148148148,10.851851851851851,10.62962962962963,"ซอยรามคำแหง 83/2,โรงแรมแอนดา | เขตบางกะปิ"
สภาทนายความ | เขตพระนคร,301,279,580,304,276,26,11.576923076923077,10.73076923076923,22.307692307692307,11.692307692307692,10.615384615384615,สภาทนายความ | เขตพระนคร
ศรีบูรพา 16(การ์เด้น) | เขตบางกะปิ,311,268,579,278,301,26,11.961538461538462,10.307692307692308,22.26923076923077,10.692307692307692,11.576923076923077,ศรีบูรพา 16(การ์เด้น) | เขตบางกะปิ
แฟลตดินแดง(ป้าย2) | เขตดินแดง,318,261,579,306,273,27,11.777777777777779,9.666666666666666,21.444444444444443,11.333333333333334,10.11111111111111,แฟลตดินแดง(ป้าย2) | เขตดินแดง
บริษัทแอมเวย์(เก่า) | เขตบางกะปิ,303,276,579,296,283,28,10.821428571428571,9.857142857142858,20.678571428571427,10.571428571428571,10.107142857142858,บริษัทแอมเวย์(เก่า) | เขตบางกะปิ
ตรงข้ามหมู่บ้านสัมมากร | เขตสะพานสูง,370,209,579,328,251,31,11.935483870967742,6.741935483870968,18.677419354838708,10.580645161290322,8.096774193548388,ตรงข้ามหมู่บ้านสัมมากร | เขตสะพานสูง
BTS อุดมสุข(ทางออก 4) | เขตบางนา,231,347,578,311,267,29,7.9655172413793105,11.96551724137931,19.93103448275862,10.724137931034482,9.206896551724139,BTS อุดมสุข(ทางออก 4) | เขตบางนา
ท่าเรือสะพานตากสิน - เพชรเกษม | เขตภาษีเจริญ,252,326,578,307,271,29,8.689655172413794,11.241379310344827,19.93103448275862,10.586206896551724,9.344827586206897,ท่าเรือสะพานตากสิน - เพชรเกษม | เขตภาษีเจริญ
ตรงข้ามเฉลิมกรุง | เขตพระนคร,289,289,578,296,282,27,10.703703703703704,10.703703703703704,21.40740740740741,10.962962962962964,10.444444444444445,ตรงข้ามเฉลิมกรุง | เขตพระนคร
ตรงข้ามการไฟฟ้าคลองเตย | เขตคลองเตย,313,264,577,301,276,24,13.041666666666666,11.0,24.041666666666668,12.541666666666666,11.5,ตรงข้ามการไฟฟ้าคลองเตย | เขตคลองเตย
ตรงข้ามเรือนจำกลางคลองเปรม(ซอยศรีจั่น) | เขตจตุจักร,345,232,577,331,246,32,10.78125,7.25,18.03125,10.34375,7.6875,ตรงข้ามเรือนจำกลางคลองเปรม(ซอยศรีจั่น) | เขตจตุจักร
ไทเสรี(ตรงข้ามเจริญนคร52) | เขตธนบุรี,286,291,577,298,279,31,9.225806451612904,9.387096774193548,18.612903225806452,9.612903225806452,9.0,ไทเสรี(ตรงข้ามเจริญนคร52) | เขตธนบุรี
ตลาดวรจักร | เขตป้อมปราบศัตรูพ่าย,298,278,576,309,267,28,10.642857142857142,9.928571428571429,20.571428571428573,11.035714285714286,9.535714285714286,ตลาดวรจักร | เขตป้อมปราบศัตรูพ่าย
ซอยรามคำแหง 20(หมู่บ้านเสรี)ตรงข้ามบิ๊กซีราม | เขตบางกะปิ,316,260,576,308,268,30,10.533333333333333,8.666666666666666,19.2,10.266666666666667,8.933333333333334,ซอยรามคำแหง 20(หมู่บ้านเสรี)ตรงข้ามบิ๊กซีราม | เขตบ...
บิ๊กซีรามอินทรา | เขตบางเขน,326,249,575,298,277,30,10.866666666666667,8.3,19.166666666666668,9.933333333333334,9.233333333333333,บิ๊กซีรามอินทรา | เขตบางเขน
ตรงข้ามแยกแม็คอ่อนนุช-สุขาภิบาล 2 | เขตประเวศ,323,252,575,310,265,31,10.419354838709678,8.129032258064516,18.548387096774192,10.0,8.548387096774194,ตรงข้ามแยกแม็คอ่อนนุช-สุขาภิบาล 2 | เขตประเวศ
หมู่บ้านสวนธนบุรีรมย์ | เขตทุ่งครุ,359,215,574,297,277,27,13.296296296296296,7.962962962962963,21.25925925925926,11.0,10.25925925925926,หมู่บ้านสวนธนบุรีรมย์ | เขตทุ่งครุ
MRT สุขุมวิท | เขตวัฒนา,343,231,574,271,303,20,17.15,11.55,28.7,13.55,15.15,MRT สุขุมวิท | เขตวัฒนา
ตรงข้ามเพชรเกษม 42 | เขตภาษีเจริญ,322,251,573,301,272,28,11.5,8.964285714285714,20.464285714285715,10.75,9.714285714285714,ตรงข้ามเพชรเกษม 42 | เขตภาษีเจริญ
ตรงข้ามโรงพยาบาลเกษมราษฏร์บางแค | เขตบางแค,350,223,573,313,260,28,12.5,7.964285714285714,20.464285714285715,11.178571428571429,9.285714285714286,ตรงข้ามโรงพยาบาลเกษมราษฏร์บางแค | เขตบางแค
โรงเรียนหอวัง | เขตจตุจักร,385,187,572,331,241,31,12.419354838709678,6.032258064516129,18.451612903225808,10.67741935483871,7.774193548387097,โรงเรียนหอวัง | เขตจตุจักร
ศูนย์วัฒนธรรมแห่งประเทศไทย | เขตห้วยขวาง,276,296,572,306,266,29,9.517241379310345,10.206896551724139,19.724137931034484,10.551724137931034,9.172413793103448,ศูนย์วัฒนธรรมแห่งประเทศไทย | เขตห้วยขวาง
"ศูนย์การค้าหนองแขม,คอนโดเทลหนองแขม | เขตหนองแขม",343,228,571,296,275,27,12.703703703703704,8.444444444444445,21.14814814814815,10.962962962962964,10.185185185185185,"ศูนย์การค้าหนองแขม,คอนโดเทลหนองแขม | เขตหนองแขม"
สำนักงานเขตดอนเมือง | เขตดอนเมือง,300,271,571,309,262,26,11.538461538461538,10.423076923076923,21.96153846153846,11.884615384615385,10.076923076923077,สำนักงานเขตดอนเมือง | เขตดอนเมือง
ท่าพรานนก (วังหลัง) | เขตบางกอกน้อย,340,230,570,350,220,19,17.894736842105264,12.105263157894736,30.0,18.42105263157895,11.578947368421053,ท่าพรานนก (วังหลัง) | เขตบางกอกน้อย
BTS สถานีหมอชิต | เขตจตุจักร,279,291,570,301,269,29,9.620689655172415,10.03448275862069,19.655172413793103,10.379310344827585,9.275862068965518,BTS สถานีหมอชิต | เขตจตุจักร
ธนาคารกรุงศรีอยุธยา(ถนนกาญจนาภิเษก) | เขตตลิ่งชัน,288,282,570,164,406,30,9.6,9.4,19.0,5.466666666666667,13.533333333333333,ธนาคารกรุงศรีอยุธยา(ถนนกาญจนาภิเษก) | เขตตลิ่งชัน
วิทยาลัยธัชชรินทร์วิทยา | เขตจตุจักร,337,231,568,309,259,28,12.035714285714286,8.25,20.285714285714285,11.035714285714286,9.25,วิทยาลัยธัชชรินทร์วิทยา | เขตจตุจักร
สำนักงานเคหะดินแดง | เขตดินแดง,308,260,568,283,285,18,17.11111111111111,14.444444444444445,31.555555555555557,15.722222222222221,15.833333333333334,สำนักงานเคหะดินแดง | เขตดินแดง
แยกบางขุนพรม(มูลนิธิพัฒนาคนพิการไทย) | เขตพระนคร,277,291,568,281,287,26,10.653846153846153,11.192307692307692,21.846153846153847,10.807692307692308,11.038461538461538,แยกบางขุนพรม(มูลนิธิพัฒนาคนพิการไทย) | เขตพระนคร
โรงพยาบาลกลาง(ฝั่งถนนหลวง) | เขตป้อมปราบศัตรูพ่าย,331,237,568,320,248,28,11.821428571428571,8.464285714285714,20.285714285714285,11.428571428571429,8.857142857142858,โรงพยาบาลกลาง(ฝั่งถนนหลวง) | เขตป้อมปราบศัตรูพ่าย
ตรงข้ามอาคารTPI | เขตสาทร,300,268,568,333,235,27,11.11111111111111,9.925925925925926,21.037037037037038,12.333333333333334,8.703703703703704,ตรงข้ามอาคารTPI | เขตสาทร
แยกสุทธิสาร(ถนนสุทธิสารวินิจฉัยขาออก) | เขตดินแดง,307,261,568,304,264,27,11.37037037037037,9.666666666666666,21.037037037037038,11.25925925925926,9.777777777777779,แยกสุทธิสาร(ถนนสุทธิสารวินิจฉัยขาออก) | เขตดินแดง
ตรงข้ามวัดไผ่ตัน | เขตพญาไท,327,240,567,282,285,27,12.11111111111111,8.88888888888889,21.0,10.444444444444445,10.555555555555555,ตรงข้ามวัดไผ่ตัน | เขตพญาไท
"สำนักงานเขตยานนาวา,BRT นราราม 3 | เขตยานนาวา",294,273,567,287,280,26,11.307692307692308,10.5,21.807692307692307,11.038461538461538,10.76923076923077,"สำนักงานเขตยานนาวา,BRT นราราม 3 | เขตยานนาวา"
คุรุสภา | เขตดุสิต,219,348,567,308,259,30,7.3,11.6,18.9,10.266666666666667,8.633333333333333,คุรุสภา | เขตดุสิต
สำนักเขตบางซื่อ | เขตบางซื่อ,274,293,567,295,272,30,9.133333333333333,9.766666666666667,18.9,9.833333333333334,9.066666666666666,สำนักเขตบางซื่อ | เขตบางซื่อ
ซอยรัชดาภิเษก 14 | เขตดินแดง,315,251,566,262,304,10,31.5,25.1,56.6,26.2,30.4,ซอยรัชดาภิเษก 14 | เขตดินแดง
MRT หัวลำโพง | เขตปทุมวัน,295,271,566,264,302,20,14.75,13.55,28.3,13.2,15.1,MRT หัวลำโพง | เขตปทุมวัน
SRT บ้านทับช้าง | เขตสะพานสูง,258,308,566,350,216,27,9.555555555555555,11.407407407407407,20.962962962962962,12.962962962962964,8.0,SRT บ้านทับช้าง | เขตสะพานสูง
ธนาคารออมสินสาขารามคำแหง 2 | เขตประเวศ,341,225,566,278,288,21,16.238095238095237,10.714285714285714,26.952380952380953,13.238095238095237,13.714285714285714,ธนาคารออมสินสาขารามคำแหง 2 | เขตประเวศ
BTS พระโขนง | เขตวัฒนา,389,177,566,277,289,23,16.91304347826087,7.695652173913044,24.608695652173914,12.043478260869565,12.565217391304348,BTS พระโขนง | เขตวัฒนา
ซอยเอกชัย 24 | เขตจอมทอง,313,253,566,292,274,29,10.793103448275861,8.724137931034482,19.517241379310345,10.068965517241379,9.448275862068966,ซอยเอกชัย 24 | เขตจอมทอง
ซอยสหเอเชีย | เขตบางบอน,327,238,565,303,262,28,11.678571428571429,8.5,20.178571428571427,10.821428571428571,9.357142857142858,ซอยสหเอเชีย | เขตบางบอน
ร้านหมูสะเต๊ะ | เขตตลิ่งชัน,312,253,565,295,270,28,11.142857142857142,9.035714285714286,20.178571428571427,10.535714285714286,9.642857142857142,ร้านหมูสะเต๊ะ | เขตตลิ่งชัน
ซอยเพชรเกษม 42 | เขตภาษีเจริญ,324,241,565,290,275,26,12.461538461538462,9.26923076923077,21.73076923076923,11.153846153846153,10.576923076923077,ซอยเพชรเกษม 42 | เขตภาษีเจริญ
ซอยเพชรเกษม 114 | เขตหนองแขม,381,183,564,286,278,30,12.7,6.1,18.8,9.533333333333333,9.266666666666667,ซอยเพชรเกษม 114 | เขตหนองแขม
วิทยาลัยเทคนิคมีนบุรี | เขตมีนบุรี,202,362,564,327,237,28,7.214285714285714,12.928571428571429,20.142857142857142,11.678571428571429,8.464285714285714,วิทยาลัยเทคนิคมีนบุรี | เขตมีนบุรี
ตรงข้ามสำนักงานเขตบางบอน | เขตบางบอน,338,225,563,287,276,28,12.071428571428571,8.035714285714286,20.107142857142858,10.25,9.857142857142858,ตรงข้ามสำนักงานเขตบางบอน | เขตบางบอน
บิ๊กซีรัชดาภิเษก | เขตห้วยขวาง,268,295,563,283,280,14,19.142857142857142,21.071428571428573,40.214285714285715,20.214285714285715,20.0,บิ๊กซีรัชดาภิเษก | เขตห้วยขวาง
สนามกีฬาแห่งชาติ | เขตปทุมวัน,280,283,563,291,272,27,10.37037037037037,10.481481481481481,20.85185185185185,10.777777777777779,10.074074074074074,สนามกีฬาแห่งชาติ | เขตปทุมวัน
พรานนกสัตวแพทย์ | เขตบางกอกน้อย,304,259,563,295,268,27,11.25925925925926,9.592592592592593,20.85185185185185,10.925925925925926,9.925925925925926,พรานนกสัตวแพทย์ | เขตบางกอกน้อย
รร.พิบูลประชาสรรค์ | เขตดินแดง,246,317,563,358,205,28,8.785714285714286,11.321428571428571,20.107142857142858,12.785714285714286,7.321428571428571,รร.พิบูลประชาสรรค์ | เขตดินแดง
โรงแรมมณเฑียร | เขตบางคอแหลม,335,227,562,279,283,11,30.454545454545453,20.636363636363637,51.09090909090909,25.363636363636363,25.727272727272727,โรงแรมมณเฑียร | เขตบางคอแหลม
ท่าสี่พระยา | เขตบางรัก,251,311,562,306,256,29,8.655172413793103,10.724137931034482,19.379310344827587,10.551724137931034,8.827586206896552,ท่าสี่พระยา | เขตบางรัก
ตลาดขวัญพัฒนา | เขตดินแดง,254,308,562,284,278,26,9.76923076923077,11.846153846153847,21.615384615384617,10.923076923076923,10.692307692307692,ตลาดขวัญพัฒนา | เขตดินแดง
ซอยสวนหลวง | เขตสวนหลวง,324,238,562,295,267,24,13.5,9.916666666666666,23.416666666666668,12.291666666666666,11.125,ซอยสวนหลวง | เขตสวนหลวง
ซอยสุขุมวิท 31 | เขตวัฒนา,293,269,562,249,313,6,48.833333333333336,44.833333333333336,93.66666666666667,41.5,52.166666666666664,ซอยสุขุมวิท 31 | เขตวัฒนา
ซอยสาธุประดิษฐ์ 43 | เขตยานนาวา,233,327,560,297,263,27,8.62962962962963,12.11111111111111,20.74074074074074,11.0,9.74074074074074,ซอยสาธุประดิษฐ์ 43 | เขตยานนาวา
"ไก่ย่างน้อมจิตต์,ตรงข้ามซอยอนามัย | เขตสวนหลวง",310,250,560,290,270,30,10.333333333333334,8.333333333333334,18.666666666666668,9.666666666666666,9.0,"ไก่ย่างน้อมจิตต์,ตรงข้ามซอยอนามัย | เขตสวนหลวง"
แยกเพชรเกษม 69 | เขตบางแค,372,187,559,288,271,28,13.285714285714286,6.678571428571429,19.964285714285715,10.285714285714286,9.678571428571429,แยกเพชรเกษม 69 | เขตบางแค
ซอยเสรีไทย 4 | เขตบึงกุ่ม,309,249,558,291,267,29,10.655172413793103,8.586206896551724,19.24137931034483,10.03448275862069,9.206896551724139,ซอยเสรีไทย 4 | เขตบึงกุ่ม
รร.เตรียมอุดมศึกษา | เขตปทุมวัน,274,284,558,271,287,26,10.538461538461538,10.923076923076923,21.46153846153846,10.423076923076923,11.038461538461538,รร.เตรียมอุดมศึกษา | เขตปทุมวัน
ตรงข้ามซอยรางน้ำ | เขตราชเทวี,300,258,558,292,266,25,12.0,10.32,22.32,11.68,10.64,ตรงข้ามซอยรางน้ำ | เขตราชเทวี
ซอยบ้านเอื้ออาทร 7 | เขตบางกะปิ,289,269,558,295,263,28,10.321428571428571,9.607142857142858,19.928571428571427,10.535714285714286,9.392857142857142,ซอยบ้านเอื้ออาทร 7 | เขตบางกะปิ
วัดบางเสาธง | เขตบางกอกน้อย,342,216,558,300,258,30,11.4,7.2,18.6,10.0,8.6,วัดบางเสาธง | เขตบางกอกน้อย
"ซอยราชครู,ตรงข้ามซอยพหลโยธิน 5 | เขตพญาไท",307,251,558,319,239,28,10.964285714285714,8.964285714285714,19.928571428571427,11.392857142857142,8.535714285714286,"ซอยราชครู,ตรงข้ามซอยพหลโยธิน 5 | เขตพญาไท"
อู่พระราม9 | เขตห้วยขวาง,263,295,558,291,267,27,9.74074074074074,10.925925925925926,20.666666666666668,10.777777777777779,9.88888888888889,อู่พระราม9 | เขตห้วยขวาง
หมู่บ้านรินทร์ทอง | เขตมีนบุรี,333,225,558,294,264,29,11.482758620689655,7.758620689655173,19.24137931034483,10.137931034482758,9.10344827586207,หมู่บ้านรินทร์ทอง | เขตมีนบุรี
วัดรวกสุทธาราม | เขตบางกอกน้อย,284,274,558,296,262,27,10.518518518518519,10.148148148148149,20.666666666666668,10.962962962962964,9.703703703703704,วัดรวกสุทธาราม | เขตบางกอกน้อย
สถานีกาชาด11วิเศษนิยม | เขตภาษีเจริญ,332,225,557,311,246,22,15.090909090909092,10.227272727272727,25.318181818181817,14.136363636363637,11.181818181818182,สถานีกาชาด11วิเศษนิยม | เขตภาษีเจริญ
โรงพยาบาลกล้วยน้ำไท(ถนนพระราม4ขาออก) | เขตคลองเตย,219,338,557,323,234,30,7.3,11.266666666666667,18.566666666666666,10.766666666666667,7.8,โรงพยาบาลกล้วยน้ำไท(ถนนพระราม4ขาออก) | เขตคลองเตย
บ้านบาตร | เขตป้อมปราบศัตรูพ่าย,229,328,557,253,304,30,7.633333333333334,10.933333333333334,18.566666666666666,8.433333333333334,10.133333333333333,บ้านบาตร | เขตป้อมปราบศัตรูพ่าย
ธนาคารกรุงเทพตรงข้ามหัวปลา | เขตยานนาวา,263,293,556,380,176,33,7.96969696969697,8.878787878787879,16.848484848484848,11.515151515151516,5.333333333333333,ธนาคารกรุงเทพตรงข้ามหัวปลา | เขตยานนาวา
บริษัทมหานคร | เขตจตุจักร,331,225,556,334,222,31,10.67741935483871,7.258064516129032,17.93548387096774,10.774193548387096,7.161290322580645,บริษัทมหานคร | เขตจตุจักร
"สวนรื่นฤดี,ตรงข้ามกองอำนวยการรักษาความมั่นคงในราชอาณาจักร | เขตดุสิต",268,288,556,288,268,27,9.925925925925926,10.666666666666666,20.59259259259259,10.666666666666666,9.925925925925926,"สวนรื่นฤดี,ตรงข้ามกองอำนวยการรักษาความมั่นคงในราชอา..."
"ร้านอาหารบ้านสุโขทัย,ซอยสุโขทัย 9 | เขตดุสิต",297,258,555,287,268,27,11.0,9.555555555555555,20.555555555555557,10.62962962962963,9.925925925925926,"ร้านอาหารบ้านสุโขทัย,ซอยสุโขทัย 9 | เขตดุสิต"
ตรงข้ามศูนย์ประชุมแห่งชาติสิริกิติ์ | เขตคลองเตย,268,287,555,280,275,25,10.72,11.48,22.2,11.2,11.0,ตรงข้ามศูนย์ประชุมแห่งชาติสิริกิติ์ | เขตคลองเตย
โรงพยาบาลพระราม 2 | เขตบางขุนเทียน,278,277,555,313,242,32,8.6875,8.65625,17.34375,9.78125,7.5625,โรงพยาบาลพระราม 2 | เขตบางขุนเทียน
บริษัทซินเน็ค | เขตลาดพร้าว,305,249,554,314,240,30,10.166666666666666,8.3,18.466666666666665,10.466666666666667,8.0,บริษัทซินเน็ค | เขตลาดพร้าว
"แยกลำลูกกา,ตลาดลำลูกกา | เขตสายไหม",321,233,554,301,253,27,11.88888888888889,8.62962962962963,20.51851851851852,11.148148148148149,9.37037037037037,"แยกลำลูกกา,ตลาดลำลูกกา | เขตสายไหม"
ซอยเอกชัย 35/2 | เขตจอมทอง,311,243,554,287,267,28,11.107142857142858,8.678571428571429,19.785714285714285,10.25,9.535714285714286,ซอยเอกชัย 35/2 | เขตจอมทอง
ประชาราษฎร์สาย 1 ซอย 15 | เขตบางซื่อ,326,228,554,284,270,27,12.074074074074074,8.444444444444445,20.51851851851852,10.518518518518519,10.0,ประชาราษฎร์สาย 1 ซอย 15 | เขตบางซื่อ
ตลาดยิ่งเจริญ | เขตสายไหม,349,205,554,263,291,4,87.25,51.25,138.5,65.75,72.75,ตลาดยิ่งเจริญ | เขตสายไหม
MRT ไฟฉาย | เขตบางกอกน้อย,248,306,554,318,236,31,8.0,9.870967741935484,17.870967741935484,10.258064516129032,7.612903225806452,MRT ไฟฉาย | เขตบางกอกน้อย
สวนเจ้าเชตุ | เขตพระนคร,281,272,553,281,272,26,10.807692307692308,10.461538461538462,21.26923076923077,10.807692307692308,10.461538461538462,สวนเจ้าเชตุ | เขตพระนคร
ตรงข้ามโรงเรียนเซนต์คาเบรียล | เขตดุสิต,311,241,552,293,259,29,10.724137931034482,8.310344827586206,19.03448275862069,10.10344827586207,8.931034482758621,ตรงข้ามโรงเรียนเซนต์คาเบรียล | เขตดุสิต
BTS ราชเทวี(ทางออก3) | เขตราชเทวี,292,260,552,290,262,27,10.814814814814815,9.62962962962963,20.444444444444443,10.74074074074074,9.703703703703704,BTS ราชเทวี(ทางออก3) | เขตราชเทวี
"ศรีบูรพา 22,ครัวประมง | เขตบึงกุ่ม",327,225,552,290,262,24,13.625,9.375,23.0,12.083333333333334,10.916666666666666,"ศรีบูรพา 22,ครัวประมง | เขตบึงกุ่ม"
BRT นราราม3 | เขตยานนาวา,307,245,552,295,257,33,9.303030303030303,7.424242424242424,16.727272727272727,8.93939393939394,7.787878787878788,BRT นราราม3 | เขตยานนาวา
ซอยเจริญนคร 63 | เขตธนบุรี,315,236,551,279,272,26,12.115384615384615,9.076923076923077,21.192307692307693,10.73076923076923,10.461538461538462,ซอยเจริญนคร 63 | เขตธนบุรี
การประปาวัดยายร่ม | เขตจอมทอง,361,190,551,298,253,27,13.37037037037037,7.037037037037037,20.40740740740741,11.037037037037036,9.37037037037037,การประปาวัดยายร่ม | เขตจอมทอง
ชุมชนบ้านครัว | เขตราชเทวี,264,287,551,285,266,27,9.777777777777779,10.62962962962963,20.40740740740741,10.555555555555555,9.851851851851851,ชุมชนบ้านครัว | เขตราชเทวี
พระราม 3 ซอย 73 | เขตยานนาวา,283,267,550,368,182,33,8.575757575757576,8.090909090909092,16.666666666666668,11.151515151515152,5.515151515151516,พระราม 3 ซอย 73 | เขตยานนาวา
วัดประดู่ | เขตบางซื่อ,304,246,550,270,280,26,11.692307692307692,9.461538461538462,21.153846153846153,10.384615384615385,10.76923076923077,วัดประดู่ | เขตบางซื่อ
"ไทวัสดุนวมินทร์,ตรงข้ามโลตัสสุขาภิบาล1 | เขตบึงกุ่ม",361,189,550,301,249,27,13.37037037037037,7.0,20.37037037037037,11.148148148148149,9.222222222222221,"ไทวัสดุนวมินทร์,ตรงข้ามโลตัสสุขาภิบาล1 | เขตบึงกุ่ม"
ตรงข้ามซอยเทียนทะเล 16 | เขตบางขุนเทียน,278,272,550,295,255,33,8.424242424242424,8.242424242424242,16.666666666666668,8.93939393939394,7.7272727272727275,ตรงข้ามซอยเทียนทะเล 16 | เขตบางขุนเทียน
สำนักงานเลขาธิการ | เขตพญาไท,285,264,549,290,259,28,10.178571428571429,9.428571428571429,19.607142857142858,10.357142857142858,9.25,สำนักงานเลขาธิการ | เขตพญาไท
พระนครฮอนด้าเกษตรตัดใหม่ | เขตลาดพร้าว,298,251,549,291,258,27,11.037037037037036,9.296296296296296,20.333333333333332,10.777777777777779,9.555555555555555,พระนครฮอนด้าเกษตรตัดใหม่ | เขตลาดพร้าว
ตรงข้ามโรงเรียนกิ่งเพชร | เขตราชเทวี,280,269,549,274,275,25,11.2,10.76,21.96,10.96,11.0,ตรงข้ามโรงเรียนกิ่งเพชร | เขตราชเทวี
ชาญอิสสระทาวเวอร์2เพชรบุรีตัดใหม่ | เขตห้วยขวาง,288,261,549,285,264,26,11.076923076923077,10.038461538461538,21.115384615384617,10.961538461538462,10.153846153846153,ชาญอิสสระทาวเวอร์2เพชรบุรีตัดใหม่ | เขตห้วยขวาง
ตรงข้ามสวนสันติภาพ | เขตราชเทวี,297,252,549,290,259,25,11.88,10.08,21.96,11.6,10.36,ตรงข้ามสวนสันติภาพ | เขตราชเทวี
MRT สามย่าน | เขตปทุมวัน,289,260,549,262,287,7,41.285714285714285,37.142857142857146,78.42857142857143,37.42857142857143,41.0,MRT สามย่าน | เขตปทุมวัน
ท่าสะพานคลองตัน | เขตห้วยขวาง,275,271,546,278,268,27,10.185185185185185,10.037037037037036,20.22222222222222,10.296296296296296,9.925925925925926,ท่าสะพานคลองตัน | เขตห้วยขวาง
"ตรงข้ามโรงพยาบาลศรีวิชัย,วัดรวก | เขตบางกอกน้อย",305,241,546,291,255,26,11.73076923076923,9.26923076923077,21.0,11.192307692307692,9.807692307692308,"ตรงข้ามโรงพยาบาลศรีวิชัย,วัดรวก | เขตบางกอกน้อย"
ศูนย์การค้าวรรัตน์ | เขตสาทร,295,251,546,261,285,21,14.047619047619047,11.952380952380953,26.0,12.428571428571429,13.571428571428571,ศูนย์การค้าวรรัตน์ | เขตสาทร
ซอยประชาสงเคราะห์ 23 | เขตดินแดง,272,273,545,308,237,29,9.379310344827585,9.413793103448276,18.79310344827586,10.620689655172415,8.172413793103448,ซอยประชาสงเคราะห์ 23 | เขตดินแดง
SRT หลักสี่ | เขตหลักสี่,298,247,545,301,244,25,11.92,9.88,21.8,12.04,9.76,SRT หลักสี่ | เขตหลักสี่
ตรงข้ามซอยสายหยุด | เขตบางเขน,353,192,545,302,243,26,13.576923076923077,7.384615384615385,20.96153846153846,11.615384615384615,9.346153846153847,ตรงข้ามซอยสายหยุด | เขตบางเขน
TOTสำนักงานใหญ่ | เขตหลักสี่,342,202,544,306,238,26,13.153846153846153,7.769230769230769,20.923076923076923,11.76923076923077,9.153846153846153,TOTสำนักงานใหญ่ | เขตหลักสี่
สถาบันรับเลี้ยงเด็กบ้านลูกแก้ว | เขตบางกะปิ,296,248,544,286,258,28,10.571428571428571,8.857142857142858,19.428571428571427,10.214285714285714,9.214285714285714,สถาบันรับเลี้ยงเด็กบ้านลูกแก้ว | เขตบางกะปิ
BTS ทองหล่อ(ทางออก 1) | เขตวัฒนา,307,236,543,249,294,20,15.35,11.8,27.15,12.45,14.7,BTS ทองหล่อ(ทางออก 1) | เขตวัฒนา
SRT ชุมทางตลิ่งชัน | เขตตลิ่งชัน,285,258,543,291,252,29,9.827586206896552,8.89655172413793,18.724137931034484,10.03448275862069,8.689655172413794,SRT ชุมทางตลิ่งชัน | เขตตลิ่งชัน
ไปรษณีย์สำเหร่ | เขตธนบุรี,301,242,543,286,257,24,12.541666666666666,10.083333333333334,22.625,11.916666666666666,10.708333333333334,ไปรษณีย์สำเหร่ | เขตธนบุรี
สุกี้เรือนเพชร | เขตห้วยขวาง,270,273,543,263,280,26,10.384615384615385,10.5,20.884615384615383,10.115384615384615,10.76923076923077,สุกี้เรือนเพชร | เขตห้วยขวาง
ตรงข้ามวัดปากบึง เคหะร่มเกล้า | เขตลาดกระบัง,311,232,543,293,250,25,12.44,9.28,21.72,11.72,10.0,ตรงข้ามวัดปากบึง เคหะร่มเกล้า | เขตลาดกระบัง
ท่ารถไฟคลองสาน (ข้ามฟาก) | เขตคลองสาน,252,290,542,290,252,29,8.689655172413794,10.0,18.689655172413794,10.0,8.689655172413794,ท่ารถไฟคลองสาน (ข้ามฟาก) | เขตคลองสาน
ตรงข้ามวัดรางบัว | เขตภาษีเจริญ,272,270,542,311,231,29,9.379310344827585,9.310344827586206,18.689655172413794,10.724137931034482,7.9655172413793105,ตรงข้ามวัดรางบัว | เขตภาษีเจริญ
วชิรธรรมสาธิต(สุขุมวิท 101/1) | เขตพระโขนง,272,270,542,274,268,20,13.6,13.5,27.1,13.7,13.4,วชิรธรรมสาธิต(สุขุมวิท 101/1) | เขตพระโขนง
เจริญผล | เขตปทุมวัน,280,261,541,287,254,25,11.2,10.44,21.64,11.48,10.16,เจริญผล | เขตปทุมวัน
"ซอยเพชรเกษม 106,หมู่บ้านศรีเพชร | เขตหนองแขม",374,167,541,283,258,26,14.384615384615385,6.423076923076923,20.807692307692307,10.884615384615385,9.923076923076923,"ซอยเพชรเกษม 106,หมู่บ้านศรีเพชร | เขตหนองแขม"
บริษัทเอสซีจีแลนด์สเคป | เขตลาดกระบัง,410,131,541,311,230,33,12.424242424242424,3.9696969696969697,16.393939393939394,9.424242424242424,6.96969696969697,บริษัทเอสซีจีแลนด์สเคป | เขตลาดกระบัง
ตรงข้ามวัดแขก | เขตบางรัก,296,245,541,268,273,29,10.206896551724139,8.448275862068966,18.655172413793103,9.241379310344827,9.413793103448276,ตรงข้ามวัดแขก | เขตบางรัก
บริษัทกรุนด์ฟอส | เขตบางรัก,268,272,540,320,220,30,8.933333333333334,9.066666666666666,18.0,10.666666666666666,7.333333333333333,บริษัทกรุนด์ฟอส | เขตบางรัก
ทุ่งวัดดอน | เขตสาทร,296,244,540,240,300,6,49.333333333333336,40.666666666666664,90.0,40.0,50.0,ทุ่งวัดดอน | เขตสาทร
วงเวียนใหญ่(ธนบุรีศึกษา) | เขตธนบุรี,314,225,539,272,267,26,12.076923076923077,8.653846153846153,20.73076923076923,10.461538461538462,10.26923076923077,วงเวียนใหญ่(ธนบุรีศึกษา) | เขตธนบุรี
วัดเสาหิน | เขตบางซื่อ,294,245,539,273,266,26,11.307692307692308,9.423076923076923,20.73076923076923,10.5,10.23076923076923,วัดเสาหิน | เขตบางซื่อ
ซอยอินทามะระ 4 | เขตพญาไท,309,229,538,267,271,28,11.035714285714286,8.178571428571429,19.214285714285715,9.535714285714286,9.678571428571429,ซอยอินทามะระ 4 | เขตพญาไท
ราชพฤกษ์ ซอย 9 | เขตตลิ่งชัน,321,217,538,278,260,27,11.88888888888889,8.037037037037036,19.925925925925927,10.296296296296296,9.62962962962963,ราชพฤกษ์ ซอย 9 | เขตตลิ่งชัน
ซอยสุขุมวิท 56 | เขตพระโขนง,298,240,538,265,273,24,12.416666666666666,10.0,22.416666666666668,11.041666666666666,11.375,ซอยสุขุมวิท 56 | เขตพระโขนง
โรงแรมแฮปปี้อิน | เขตบางกอกน้อย,318,219,537,277,260,26,12.23076923076923,8.423076923076923,20.653846153846153,10.653846153846153,10.0,โรงแรมแฮปปี้อิน | เขตบางกอกน้อย
ตรงข้ามจันทร์พริ้ง | เขตจอมทอง,334,202,536,293,243,29,11.517241379310345,6.9655172413793105,18.482758620689655,10.10344827586207,8.379310344827585,ตรงข้ามจันทร์พริ้ง | เขตจอมทอง
วัดกระทุ่มเสือปลา | เขตประเวศ,329,207,536,284,252,28,11.75,7.392857142857143,19.142857142857142,10.142857142857142,9.0,วัดกระทุ่มเสือปลา | เขตประเวศ
หมู่บ้านธรากร | เขตมีนบุรี,339,197,536,291,245,28,12.107142857142858,7.035714285714286,19.142857142857142,10.392857142857142,8.75,หมู่บ้านธรากร | เขตมีนบุรี
ศึกษาวิทยา | เขตบางรัก,300,235,535,279,256,19,15.789473684210526,12.368421052631579,28.157894736842106,14.68421052631579,13.473684210526315,ศึกษาวิทยา | เขตบางรัก
ปั๊มแก๊สวีทูแก๊ส | เขตบึงกุ่ม,302,232,534,261,273,26,11.615384615384615,8.923076923076923,20.53846153846154,10.038461538461538,10.5,ปั๊มแก๊สวีทูแก๊ส | เขตบึงกุ่ม
"ตลาดคลองตัน,ตรงข้ามโรงเรียนเขียนแบบก่อสร้างและเครื่องกล | เขตสวนหลวง",243,291,534,273,261,23,10.565217391304348,12.652173913043478,23.217391304347824,11.869565217391305,11.347826086956522,"ตลาดคลองตัน,ตรงข้ามโรงเรียนเขียนแบบก่อสร้างและเครื่..."
"โรงเรียนสตรีศรีสุริโยทัย,กรมอู่ทหารเรือ | เขตสาทร",340,193,533,282,251,22,15.454545454545455,8.772727272727273,24.227272727272727,12.818181818181818,11.409090909090908,"โรงเรียนสตรีศรีสุริโยทัย,กรมอู่ทหารเรือ | เขตสาทร"
MRT สนามไชย | เขตพระนคร,232,301,533,279,254,25,9.28,12.04,21.32,11.16,10.16,MRT สนามไชย | เขตพระนคร
ซอยเอกชัย 10 | เขตจอมทอง,332,201,533,268,265,26,12.76923076923077,7.730769230769231,20.5,10.307692307692308,10.192307692307692,ซอยเอกชัย 10 | เขตจอมทอง
มัสยิดดิลฟัลลาห์ | เขตบางกอกใหญ่,273,260,533,269,264,27,10.11111111111111,9.62962962962963,19.74074074074074,9.962962962962964,9.777777777777779,มัสยิดดิลฟัลลาห์ | เขตบางกอกใหญ่
"ตึกชิโนทัย,ตรงข้ามตลาดอโศก | เขตวัฒนา",293,240,533,250,283,22,13.318181818181818,10.909090909090908,24.227272727272727,11.363636363636363,12.863636363636363,"ตึกชิโนทัย,ตรงข้ามตลาดอโศก | เขตวัฒนา"
"คลองตัน,ซอยพัฒนาการ 1 | เขตสวนหลวง",288,245,533,274,259,26,11.076923076923077,9.423076923076923,20.5,10.538461538461538,9.961538461538462,"คลองตัน,ซอยพัฒนาการ 1 | เขตสวนหลวง"
ชินเขตน์ 2 | เขตหลักสี่,309,224,533,275,258,25,12.36,8.96,21.32,11.0,10.32,ชินเขตน์ 2 | เขตหลักสี่
ตรงข้ามตลาดพุทธ | เขตทวีวัฒนา,305,227,532,288,244,30,10.166666666666666,7.566666666666666,17.733333333333334,9.6,8.133333333333333,ตรงข้ามตลาดพุทธ | เขตทวีวัฒนา
"ศรีเอี่ยม,ตรงข้ามเคหะบางนา | เขตบางนา",304,228,532,289,243,26,11.692307692307692,8.76923076923077,20.46153846153846,11.115384615384615,9.346153846153847,"ศรีเอี่ยม,ตรงข้ามเคหะบางนา | เขตบางนา"
ตลาดสุคนธสวัสดิ์(ขาเข้า) | เขตลาดพร้าว,318,214,532,267,265,28,11.357142857142858,7.642857142857143,19.0,9.535714285714286,9.464285714285714,ตลาดสุคนธสวัสดิ์(ขาเข้า) | เขตลาดพร้าว
ไทยพาณิชย์ | เขตคันนายาว,315,216,531,296,235,26,12.115384615384615,8.307692307692308,20.423076923076923,11.384615384615385,9.038461538461538,ไทยพาณิชย์ | เขตคันนายาว
วัดสามพระยา | เขตพระนคร,277,254,531,271,260,25,11.08,10.16,21.24,10.84,10.4,วัดสามพระยา | เขตพระนคร
บริษัทกรีนแอปเปิ้ลกราฟฟิคพริ้นติ้งจำกัด | เขตบางพลัด,325,206,531,275,256,29,11.206896551724139,7.103448275862069,18.310344827586206,9.482758620689655,8.827586206896552,บริษัทกรีนแอปเปิ้ลกราฟฟิคพริ้นติ้งจำกัด | เขตบางพลัด
ตรงข้ามบริษัท กรีนสปอร์ต | เขตบางกะปิ,264,267,531,277,254,29,9.10344827586207,9.206896551724139,18.310344827586206,9.551724137931034,8.758620689655173,ตรงข้ามบริษัท กรีนสปอร์ต | เขตบางกะปิ
ทีโอทีลาดหญ้า | เขตคลองสาน,271,260,531,273,258,27,10.037037037037036,9.62962962962963,19.666666666666668,10.11111111111111,9.555555555555555,ทีโอทีลาดหญ้า | เขตคลองสาน
BTSสนามเป้า(ทางออก4) | เขตพญาไท,299,232,531,262,269,20,14.95,11.6,26.55,13.1,13.45,BTSสนามเป้า(ทางออก4) | เขตพญาไท
สถานีตำรวจบางกอกน้อย | เขตบางกอกน้อย,307,223,530,275,255,26,11.807692307692308,8.576923076923077,20.384615384615383,10.576923076923077,9.807692307692308,สถานีตำรวจบางกอกน้อย | เขตบางกอกน้อย
ถนนตกพระราม 3 ซอย 1 | เขตบางคอแหลม,280,250,530,281,249,27,10.37037037037037,9.25925925925926,19.62962962962963,10.407407407407407,9.222222222222221,ถนนตกพระราม 3 ซอย 1 | เขตบางคอแหลม
ธนาคารไทยพาณิชย์แจ้งวัฒนะ | เขตหลักสี่,280,250,530,286,244,26,10.76923076923077,9.615384615384615,20.384615384615383,11.0,9.384615384615385,ธนาคารไทยพาณิชย์แจ้งวัฒนะ | เขตหลักสี่
บางกระดี่ | เขตบางขุนเทียน,262,267,529,272,257,27,9.703703703703704,9.88888888888889,19.59259259259259,10.074074074074074,9.518518518518519,บางกระดี่ | เขตบางขุนเทียน
โรงแรมดิเอมเมอรัล | เขตดินแดง,287,242,529,246,283,15,19.133333333333333,16.133333333333333,35.266666666666666,16.4,18.866666666666667,โรงแรมดิเอมเมอรัล | เขตดินแดง
"ซอยเพชรเกษม 116/3,ตรงข้ามหมู่บ้านหรรษา | เขตหนองแขม",314,215,529,285,244,25,12.56,8.6,21.16,11.4,9.76,"ซอยเพชรเกษม 116/3,ตรงข้ามหมู่บ้านหรรษา | เขตหนองแขม"
"วัดอินทร์,แยกบางขุนพรม(มูลนิธิพัฒนาคนพิการไทย) | เขตพระนคร",289,239,528,284,244,26,11.115384615384615,9.192307692307692,20.307692307692307,10.923076923076923,9.384615384615385,"วัดอินทร์,แยกบางขุนพรม(มูลนิธิพัฒนาคนพิการไทย) | เข..."
MRT สุทธิสาร | เขตห้วยขวาง,304,224,528,253,275,16,19.0,14.0,33.0,15.8125,17.1875,MRT สุทธิสาร | เขตห้วยขวาง
ซอยเอกชัย 30 | เขตจอมทอง,315,212,527,281,246,27,11.666666666666666,7.851851851851852,19.51851851851852,10.407407407407407,9.11111111111111,ซอยเอกชัย 30 | เขตจอมทอง
MRT วงศ์สว่าง | เขตบางซื่อ,233,294,527,271,256,26,8.961538461538462,11.307692307692308,20.26923076923077,10.423076923076923,9.846153846153847,MRT วงศ์สว่าง | เขตบางซื่อ
คลองถม(ฝั่งเจริญกรุง) | เขตสัมพันธวงศ์,274,253,527,253,274,22,12.454545454545455,11.5,23.954545454545453,11.5,12.454545454545455,คลองถม(ฝั่งเจริญกรุง) | เขตสัมพันธวงศ์
ตรงข้ามไบเทคบางนา | เขตบางนา,307,220,527,268,259,26,11.807692307692308,8.461538461538462,20.26923076923077,10.307692307692308,9.961538461538462,ตรงข้ามไบเทคบางนา | เขตบางนา
วัดเศวตฉัตร | เขตคลองสาน,237,289,526,280,246,30,7.9,9.633333333333333,17.533333333333335,9.333333333333334,8.2,วัดเศวตฉัตร | เขตคลองสาน
"ตรงข้ามวัดสระเกศ,ภูเขาทอง | เขตป้อมปราบศัตรูพ่าย",275,251,526,257,269,24,11.458333333333334,10.458333333333334,21.916666666666668,10.708333333333334,11.208333333333334,"ตรงข้ามวัดสระเกศ,ภูเขาทอง | เขตป้อมปราบศัตรูพ่าย"
โรงพยาบาลเสรีรักษ์ | เขตมีนบุรี,257,269,526,286,240,29,8.862068965517242,9.275862068965518,18.137931034482758,9.862068965517242,8.275862068965518,โรงพยาบาลเสรีรักษ์ | เขตมีนบุรี
ตรงข้ามสำนักงานเขตพระนคร | เขตพระนคร,282,242,524,272,252,28,10.071428571428571,8.642857142857142,18.714285714285715,9.714285714285714,9.0,ตรงข้ามสำนักงานเขตพระนคร | เขตพระนคร
ท่ารถแฮปปี้แลนด์ (95 95ก 143) | เขตบางกะปิ,248,276,524,266,258,26,9.538461538461538,10.615384615384615,20.153846153846153,10.23076923076923,9.923076923076923,ท่ารถแฮปปี้แลนด์ (95 95ก 143) | เขตบางกะปิ
กรมทหารเรือ(อรุณอัมรินทร์) | เขตบางกอกน้อย,272,252,524,298,226,29,9.379310344827585,8.689655172413794,18.06896551724138,10.275862068965518,7.793103448275862,กรมทหารเรือ(อรุณอัมรินทร์) | เขตบางกอกน้อย
โรงเรียนสามเสน | เขตพญาไท,303,221,524,290,234,26,11.653846153846153,8.5,20.153846153846153,11.153846153846153,9.0,โรงเรียนสามเสน | เขตพญาไท
ชินเขตน์ 1 | เขตหลักสี่,302,220,522,269,253,28,10.785714285714286,7.857142857142857,18.642857142857142,9.607142857142858,9.035714285714286,ชินเขตน์ 1 | เขตหลักสี่
บริษัทคาสเซ่อร์พีค | เขตบางแค,295,227,522,272,250,26,11.346153846153847,8.73076923076923,20.076923076923077,10.461538461538462,9.615384615384615,บริษัทคาสเซ่อร์พีค | เขตบางแค
โฮมโปร พระราม 2 | เขตบางขุนเทียน,284,238,522,259,263,26,10.923076923076923,9.153846153846153,20.076923076923077,9.961538461538462,10.115384615384615,โฮมโปร พระราม 2 | เขตบางขุนเทียน
วัดบวร | เขตพระนคร,273,249,522,249,273,22,12.409090909090908,11.318181818181818,23.727272727272727,11.318181818181818,12.409090909090908,วัดบวร | เขตพระนคร
วัดนาคนิมิตร | เขตจอมทอง,289,233,522,261,261,27,10.703703703703704,8.62962962962963,19.333333333333332,9.666666666666666,9.666666666666666,วัดนาคนิมิตร | เขตจอมทอง
ไปรษณีย์ ตลิ่งชัน | เขตตลิ่งชัน,342,180,522,291,231,30,11.4,6.0,17.4,9.7,7.7,ไปรษณีย์ ตลิ่งชัน | เขตตลิ่งชัน
พณิชยการสุโขทัย | เขตดุสิต,252,269,521,266,255,26,9.692307692307692,10.346153846153847,20.03846153846154,10.23076923076923,9.807692307692308,พณิชยการสุโขทัย | เขตดุสิต
นิคมรถไฟ กม.11 | เขตจตุจักร,309,212,521,278,243,25,12.36,8.48,20.84,11.12,9.72,นิคมรถไฟ กม.11 | เขตจตุจักร
"BTS แบริ่ง,ลาซาล | เขตบางนา",272,249,521,276,245,26,10.461538461538462,9.576923076923077,20.03846153846154,10.615384615384615,9.423076923076923,"BTS แบริ่ง,ลาซาล | เขตบางนา"
โรงเรียนยุวฑูต | เขตบึงกุ่ม,308,213,521,279,242,27,11.407407407407407,7.888888888888889,19.296296296296298,10.333333333333334,8.962962962962964,โรงเรียนยุวฑูต | เขตบึงกุ่ม
ตรงข้ามซอยอ่อนนุช 42 | เขตสวนหลวง,302,218,520,274,246,25,12.08,8.72,20.8,10.96,9.84,ตรงข้ามซอยอ่อนนุช 42 | เขตสวนหลวง
BTS พหลโยธิน 24 | เขตจตุจักร,324,196,520,275,245,26,12.461538461538462,7.538461538461538,20.0,10.576923076923077,9.423076923076923,BTS พหลโยธิน 24 | เขตจตุจักร
ตรงข้ามตลาดนางเลิ้ง | เขตป้อมปราบศัตรูพ่าย,272,248,520,284,236,28,9.714285714285714,8.857142857142858,18.571428571428573,10.142857142857142,8.428571428571429,ตรงข้ามตลาดนางเลิ้ง | เขตป้อมปราบศัตรูพ่าย
อาคารศรีอยุธยา | เขตราชเทวี,235,285,520,278,242,29,8.10344827586207,9.827586206896552,17.93103448275862,9.586206896551724,8.344827586206897,อาคารศรีอยุธยา | เขตราชเทวี
SRT การเคหะ | เขตบางบอน,255,264,519,254,265,26,9.807692307692308,10.153846153846153,19.96153846153846,9.76923076923077,10.192307692307692,SRT การเคหะ | เขตบางบอน
ไทยรัฐ | เขตจตุจักร,299,220,519,308,211,27,11.074074074074074,8.148148148148149,19.22222222222222,11.407407407407407,7.814814814814815,ไทยรัฐ | เขตจตุจักร
ปากคลองตลาด(คลองหลอด) | เขตพระนคร,277,242,519,282,237,30,9.233333333333333,8.066666666666666,17.3,9.4,7.9,ปากคลองตลาด(คลองหลอด) | เขตพระนคร
ซอยลาดพร้าว 107 | เขตบางกะปิ,279,239,518,271,247,27,10.333333333333334,8.851851851851851,19.185185185185187,10.037037037037036,9.148148148148149,ซอยลาดพร้าว 107 | เขตบางกะปิ
ตรงข้ามโรงเรียนเทพสัมฤทธิ์ | เขตบางซื่อ,243,275,518,266,252,28,8.678571428571429,9.821428571428571,18.5,9.5,9.0,ตรงข้ามโรงเรียนเทพสัมฤทธิ์ | เขตบางซื่อ
สถานีดับเพลิงสุทธิสาร | เขตดินแดง,307,210,517,269,248,26,11.807692307692308,8.076923076923077,19.884615384615383,10.346153846153847,9.538461538461538,สถานีดับเพลิงสุทธิสาร | เขตดินแดง
หมู่บ้านสราญวงศ์(ซ.25/3) | เขตลาดกระบัง,246,271,517,292,225,29,8.482758620689655,9.344827586206897,17.82758620689655,10.068965517241379,7.758620689655173,หมู่บ้านสราญวงศ์(ซ.25/3) | เขตลาดกระบัง
สุขาภิบาล 5 ซอย 41 | เขตสายไหม,294,222,516,268,248,28,10.5,7.928571428571429,18.428571428571427,9.571428571428571,8.857142857142858,สุขาภิบาล 5 ซอย 41 | เขตสายไหม
แยกเกษตรตัดใหม่ | เขตจตุจักร,331,185,516,270,246,30,11.033333333333333,6.166666666666667,17.2,9.0,8.2,แยกเกษตรตัดใหม่ | เขตจตุจักร
"ซอยบัวสุวรรณ,ธนาคารกรุงเทพ | เขตจตุจักร",291,225,516,303,213,26,11.192307692307692,8.653846153846153,19.846153846153847,11.653846153846153,8.192307692307692,"ซอยบัวสุวรรณ,ธนาคารกรุงเทพ | เขตจตุจักร"
วัดระฆังโฆสิตาราม | เขตบางกอกน้อย,256,260,516,258,258,27,9.481481481481481,9.62962962962963,19.11111111111111,9.555555555555555,9.555555555555555,วัดระฆังโฆสิตาราม | เขตบางกอกน้อย
"ตรงข้ามเรือนจำกลางคลองเปรม,การไฟฟ้า | เขตจตุจักร",272,243,515,319,196,29,9.379310344827585,8.379310344827585,17.75862068965517,11.0,6.758620689655173,"ตรงข้ามเรือนจำกลางคลองเปรม,การไฟฟ้า | เขตจตุจักร"
"บุคคโล,สมาคมสร้างคุณค่า | เขตธนบุรี",291,224,515,252,263,25,11.64,8.96,20.6,10.08,10.52,"บุคคโล,สมาคมสร้างคุณค่า | เขตธนบุรี"
สถานีตำรวจโชคชัย | เขตวังทองหลาง,267,248,515,264,251,19,14.052631578947368,13.052631578947368,27.105263157894736,13.894736842105264,13.210526315789474,สถานีตำรวจโชคชัย | เขตวังทองหลาง
"ซอยนวมินทร์ 83,ตรงข้ามสันติอโศก | เขตบึงกุ่ม",322,193,515,280,235,25,12.88,7.72,20.6,11.2,9.4,"ซอยนวมินทร์ 83,ตรงข้ามสันติอโศก | เขตบึงกุ่ม"
เอสซีจีออโต้แก๊ซจำกัด | เขตสายไหม,199,315,514,292,222,30,6.633333333333334,10.5,17.133333333333333,9.733333333333333,7.4,เอสซีจีออโต้แก๊ซจำกัด | เขตสายไหม
ไปรษณีย์อ่อนนุช | เขตสวนหลวง,293,221,514,275,239,27,10.851851851851851,8.185185185185185,19.037037037037038,10.185185185185185,8.851851851851851,ไปรษณีย์อ่อนนุช | เขตสวนหลวง
ซอยประชาสงเคราะห์ 21 | เขตดินแดง,275,239,514,263,251,28,9.821428571428571,8.535714285714286,18.357142857142858,9.392857142857142,8.964285714285714,ซอยประชาสงเคราะห์ 21 | เขตดินแดง
หมู่บ้านแหลมทอง | เขตสวนหลวง,337,177,514,289,225,26,12.961538461538462,6.8076923076923075,19.76923076923077,11.115384615384615,8.653846153846153,หมู่บ้านแหลมทอง | เขตสวนหลวง
ซอยสุขุมวิท 57 | เขตวัฒนา,286,228,514,237,277,13,22.0,17.53846153846154,39.53846153846154,18.23076923076923,21.307692307692307,ซอยสุขุมวิท 57 | เขตวัฒนา
หมู่บ้านสุภาศิริ | เขตลาดกระบัง,298,216,514,264,250,27,11.037037037037036,8.0,19.037037037037038,9.777777777777779,9.25925925925926,หมู่บ้านสุภาศิริ | เขตลาดกระบัง
"เพลินจิตเซ็นเตอร์,ซอยนานา | เขตคลองเตย",288,225,513,273,240,24,12.0,9.375,21.375,11.375,10.0,"เพลินจิตเซ็นเตอร์,ซอยนานา | เขตคลองเตย"
วัดอินทร์บรรจง | เขตบางคอแหลม,277,236,513,267,246,23,12.043478260869565,10.26086956521739,22.304347826086957,11.608695652173912,10.695652173913043,วัดอินทร์บรรจง | เขตบางคอแหลม
BTSพระโขนง(ทางออก3) | เขตวัฒนา,303,210,513,242,271,11,27.545454545454547,19.09090909090909,46.63636363636363,22.0,24.636363636363637,BTSพระโขนง(ทางออก3) | เขตวัฒนา
โรงแรมตรัง | เขตพระนคร,270,242,512,260,252,28,9.642857142857142,8.642857142857142,18.285714285714285,9.285714285714286,9.0,โรงแรมตรัง | เขตพระนคร
วัดอินทาราม | เขตธนบุรี,273,239,512,277,235,29,9.413793103448276,8.241379310344827,17.655172413793103,9.551724137931034,8.10344827586207,วัดอินทาราม | เขตธนบุรี
SRT รางสะแก | เขตบางบอน,288,223,511,256,255,26,11.076923076923077,8.576923076923077,19.653846153846153,9.846153846153847,9.807692307692308,SRT รางสะแก | เขตบางบอน
"แยกเพลินจิต,โรงแรมเซ็นเตอร์พ้อยท์ | เขตปทุมวัน",278,233,511,275,236,20,13.9,11.65,25.55,13.75,11.8,"แยกเพลินจิต,โรงแรมเซ็นเตอร์พ้อยท์ | เขตปทุมวัน"
"ซอยลาดพร้าว 79,ตรงข้ามแมงป่อง | เขตวังทองหลาง",274,237,511,282,229,31,8.838709677419354,7.645161290322581,16.483870967741936,9.096774193548388,7.387096774193548,"ซอยลาดพร้าว 79,ตรงข้ามแมงป่อง | เขตวังทองหลาง"
"ซอยพหลโยธิน 5,ซอยราชครู | เขตพญาไท",289,222,511,269,242,24,12.041666666666666,9.25,21.291666666666668,11.208333333333334,10.083333333333334,"ซอยพหลโยธิน 5,ซอยราชครู | เขตพญาไท"
มิตรแท้ประกันภัย | เขตบางรัก,265,246,511,271,240,26,10.192307692307692,9.461538461538462,19.653846153846153,10.423076923076923,9.23076923076923,มิตรแท้ประกันภัย | เขตบางรัก
วัดปริวาส | เขตยานนาวา,300,210,510,264,246,29,10.344827586206897,7.241379310344827,17.586206896551722,9.10344827586207,8.482758620689655,วัดปริวาส | เขตยานนาวา
ซอยสุขสัตน์วิเวศร์ 3 | เขตวังทองหลาง,272,238,510,245,265,11,24.727272727272727,21.636363636363637,46.36363636363637,22.272727272727273,24.09090909090909,ซอยสุขสัตน์วิเวศร์ 3 | เขตวังทองหลาง
"ซอยสุขุมวิท 27,ตรงข้ามสายน้ำผึ้ง | เขตวัฒนา",268,242,510,239,271,15,17.866666666666667,16.133333333333333,34.0,15.933333333333334,18.066666666666666,"ซอยสุขุมวิท 27,ตรงข้ามสายน้ำผึ้ง | เขตวัฒนา"
"โชร์รูมมิตซู,ตรงข้ามซอยหทัยราษฎร์ 29 | เขตคลองสามวา",246,264,510,280,230,27,9.11111111111111,9.777777777777779,18.88888888888889,10.37037037037037,8.518518518518519,"โชร์รูมมิตซู,ตรงข้ามซอยหทัยราษฎร์ 29 | เขตคลองสามวา"
ตรงข้ามมหาวิทยาลัยเกษมบัณฑิตพัฒนาการ | เขตสวนหลวง,290,220,510,290,220,29,10.0,7.586206896551724,17.586206896551722,10.0,7.586206896551724,ตรงข้ามมหาวิทยาลัยเกษมบัณฑิตพัฒนาการ | เขตสวนหลวง
เรือนจำกลางคลองเปรม (ลาดยาว) | เขตจตุจักร,303,206,509,301,208,27,11.222222222222221,7.62962962962963,18.85185185185185,11.148148148148149,7.703703703703703,เรือนจำกลางคลองเปรม (ลาดยาว) | เขตจตุจักร
ไปรษณีย์ (ตรงข้ามวัดบวร) | เขตพระนคร,275,233,508,262,246,24,11.458333333333334,9.708333333333334,21.166666666666668,10.916666666666666,10.25,ไปรษณีย์ (ตรงข้ามวัดบวร) | เขตพระนคร
ท่าปล่อยรถ ศูนย์ราชการแจ้งวัฒนะ | เขตหลักสี่,264,244,508,353,155,34,7.764705882352941,7.176470588235294,14.941176470588236,10.382352941176471,4.5588235294117645,ท่าปล่อยรถ ศูนย์ราชการแจ้งวัฒนะ | เขตหลักสี่
ซอยสุขสัตน์วิเวศร์ 3 | เขตบางกะปิ,263,245,508,258,250,18,14.61111111111111,13.61111111111111,28.22222222222222,14.333333333333334,13.88888888888889,ซอยสุขสัตน์วิเวศร์ 3 | เขตบางกะปิ
แยกบางนา(ลงทางด่วน) | เขตบางนา,227,281,508,255,253,26,8.73076923076923,10.807692307692308,19.53846153846154,9.807692307692308,9.73076923076923,แยกบางนา(ลงทางด่วน) | เขตบางนา
บริษัท มิสทีน | เขตสะพานสูง,287,220,507,289,218,26,11.038461538461538,8.461538461538462,19.5,11.115384615384615,8.384615384615385,บริษัท มิสทีน | เขตสะพานสูง
คลองจั่นวิลล่า 4 | เขตสะพานสูง,341,166,507,287,220,32,10.65625,5.1875,15.84375,8.96875,6.875,คลองจั่นวิลล่า 4 | เขตสะพานสูง
ตรงข้ามตลาดพัฒนาการ | เขตประเวศ,279,228,507,260,247,28,9.964285714285714,8.142857142857142,18.107142857142858,9.285714285714286,8.821428571428571,ตรงข้ามตลาดพัฒนาการ | เขตประเวศ
ซอยสุขุมวิท 20 | เขตคลองเตย,229,278,507,254,253,23,9.956521739130435,12.08695652173913,22.043478260869566,11.043478260869565,11.0,ซอยสุขุมวิท 20 | เขตคลองเตย
ซอยศรีนครินทร์ 54(อุดมสุข1) | เขตบางนา,286,221,507,247,260,24,11.916666666666666,9.208333333333334,21.125,10.291666666666666,10.833333333333334,ซอยศรีนครินทร์ 54(อุดมสุข1) | เขตบางนา
"ธนาคารกสิกรไทยสาขาดาวคะนอง,ตรงข้ามบิ๊กซืดาวคะนอง | เขตธนบุรี",280,227,507,273,234,23,12.173913043478262,9.869565217391305,22.043478260869566,11.869565217391305,10.173913043478262,"ธนาคารกสิกรไทยสาขาดาวคะนอง,ตรงข้ามบิ๊กซืดาวคะนอง | ..."
แยกสาธุประดิษฐ์ | เขตยานนาวา,278,228,506,267,239,28,9.928571428571429,8.142857142857142,18.071428571428573,9.535714285714286,8.535714285714286,แยกสาธุประดิษฐ์ | เขตยานนาวา
MRT เพชรบุรี | เขตราชเทวี,298,208,506,240,266,11,27.09090909090909,18.90909090909091,46.0,21.818181818181817,24.181818181818183,MRT เพชรบุรี | เขตราชเทวี
"ซอยโพธิ์ปั้น,ที่ทำการไปรษณีย์ดินแดง | เขตดินแดง",281,224,505,245,260,22,12.772727272727273,10.181818181818182,22.954545454545453,11.136363636363637,11.818181818181818,"ซอยโพธิ์ปั้น,ที่ทำการไปรษณีย์ดินแดง | เขตดินแดง"
ตรงข้ามซอยแจ่มจันทร์ | เขตวัฒนา,281,224,505,263,242,23,12.217391304347826,9.73913043478261,21.956521739130434,11.434782608695652,10.521739130434783,ตรงข้ามซอยแจ่มจันทร์ | เขตวัฒนา
วัดคลองใหม่ | เขตยานนาวา,254,251,505,303,202,27,9.407407407407407,9.296296296296296,18.703703703703702,11.222222222222221,7.481481481481482,วัดคลองใหม่ | เขตยานนาวา
หมู่บ้านเพชรเกษม 2 ซอย 1 | เขตบางแค,312,191,503,249,254,30,10.4,6.366666666666666,16.766666666666666,8.3,8.466666666666667,หมู่บ้านเพชรเกษม 2 ซอย 1 | เขตบางแค
โรงเรียนอำนวยศิลป์ธนบุรี | เขตบางแค,240,263,503,267,236,26,9.23076923076923,10.115384615384615,19.346153846153847,10.26923076923077,9.076923076923077,โรงเรียนอำนวยศิลป์ธนบุรี | เขตบางแค
BTS บางหว้า | เขตภาษีเจริญ,201,302,503,293,210,32,6.28125,9.4375,15.71875,9.15625,6.5625,BTS บางหว้า | เขตภาษีเจริญ
หมู่บ้านปูนซีเมนต์ 2 | เขตจตุจักร,330,173,503,272,231,29,11.379310344827585,5.9655172413793105,17.344827586206897,9.379310344827585,7.9655172413793105,หมู่บ้านปูนซีเมนต์ 2 | เขตจตุจักร
BTS อารีย์ | เขตพญาไท,246,256,502,298,204,29,8.482758620689655,8.827586206896552,17.310344827586206,10.275862068965518,7.0344827586206895,BTS อารีย์ | เขตพญาไท
SRT มักกะสัน | เขตราชเทวี,222,280,502,257,245,25,8.88,11.2,20.08,10.28,9.8,SRT มักกะสัน | เขตราชเทวี
"กระทรวงการคลัง,กรมบัญชีกลาง,สำนักงานเศรษฐกิจการคลังไทย | เขตพญาไท",226,276,502,310,192,23,9.826086956521738,12.0,21.82608695652174,13.478260869565217,8.347826086956522,"กระทรวงการคลัง,กรมบัญชีกลาง,สำนักงานเศรษฐกิจการคลัง..."
วัดไตรมิตร | เขตสัมพันธวงศ์,193,308,501,244,257,26,7.423076923076923,11.846153846153847,19.26923076923077,9.384615384615385,9.884615384615385,วัดไตรมิตร | เขตสัมพันธวงศ์
"ดีสแควร์,ครัวคุณสุ,โรงเรียนอนุบาลพิริยะโยธิน | เขตบางซื่อ",265,236,501,240,261,25,10.6,9.44,20.04,9.6,10.44,"ดีสแควร์,ครัวคุณสุ,โรงเรียนอนุบาลพิริยะโยธิน | เขตบ..."
โชคชัย 4 | เขตวังทองหลาง,254,247,501,262,239,25,10.16,9.88,20.04,10.48,9.56,โชคชัย 4 | เขตวังทองหลาง
แยกเพชรเกษม-สาย2(ขาออก) | เขตบางแค,291,210,501,282,219,25,11.64,8.4,20.04,11.28,8.76,แยกเพชรเกษม-สาย2(ขาออก) | เขตบางแค
ตรงข้ามวัดม่วง | เขตบางแค,371,129,500,282,218,30,12.366666666666667,4.3,16.666666666666668,9.4,7.266666666666667,ตรงข้ามวัดม่วง | เขตบางแค
โรงพยาบาลเซ็นต์หลุย | เขตบางรัก,281,219,500,263,237,6,46.833333333333336,36.5,83.33333333333333,43.833333333333336,39.5,โรงพยาบาลเซ็นต์หลุย | เขตบางรัก
ตรงข้ามซอยอินทามะระ 7 | เขตพญาไท,286,214,500,260,240,26,11.0,8.23076923076923,19.23076923076923,10.0,9.23076923076923,ตรงข้ามซอยอินทามะระ 7 | เขตพญาไท
ท่าหมู่บ้านนักกีฬา | เขตสะพานสูง,290,210,500,276,224,26,11.153846153846153,8.076923076923077,19.23076923076923,10.615384615384615,8.615384615384615,ท่าหมู่บ้านนักกีฬา | เขตสะพานสูง
ตรงข้ามคอนโดลุมพินีปิ่นเกล้า | เขตบางกอกน้อย,256,244,500,251,249,20,12.8,12.2,25.0,12.55,12.45,ตรงข้ามคอนโดลุมพินีปิ่นเกล้า | เขตบางกอกน้อย
"ซอยม่วงสกุล 1,โรงเรียนศาลเจ้าห้าวนุกูลวิทยา | เขตบางขุนเทียน",307,193,500,265,235,26,11.807692307692308,7.423076923076923,19.23076923076923,10.192307692307692,9.038461538461538,"ซอยม่วงสกุล 1,โรงเรียนศาลเจ้าห้าวนุกูลวิทยา | เขตบา..."
สหกรณ์4ตรงข้ามนาคนิวาส 35 | เขตลาดพร้าว,309,189,498,266,232,27,11.444444444444445,7.0,18.444444444444443,9.851851851851851,8.592592592592593,สหกรณ์4ตรงข้ามนาคนิวาส 35 | เขตลาดพร้าว
วัดกก | เขตบางขุนเทียน,268,230,498,267,231,27,9.925925925925926,8.518518518518519,18.444444444444443,9.88888888888889,8.555555555555555,วัดกก | เขตบางขุนเทียน
โรงแรมโนโวเทลกรุงเทพบางนา | เขตประเวศ,257,240,497,274,223,28,9.178571428571429,8.571428571428571,17.75,9.785714285714286,7.964285714285714,โรงแรมโนโวเทลกรุงเทพบางนา | เขตประเวศ
ท่าปล่อยรถ จุฬาลงกรณ์ | เขตปทุมวัน,263,234,497,277,220,23,11.434782608695652,10.173913043478262,21.608695652173914,12.043478260869565,9.565217391304348,ท่าปล่อยรถ จุฬาลงกรณ์ | เขตปทุมวัน
สถานีขนส่งผู้โดยสารกรุงเทพฯ(สายใต้เก่า) | เขตบางพลัด,130,366,496,228,268,10,13.0,36.6,49.6,22.8,26.8,สถานีขนส่งผู้โดยสารกรุงเทพฯ(สายใต้เก่า) | เขตบางพลัด
พญาไทพลาซ่า | เขตราชเทวี,253,243,496,254,242,25,10.12,9.72,19.84,10.16,9.68,พญาไทพลาซ่า | เขตราชเทวี
หน้าไอซีซี | เขตยานนาวา,214,282,496,308,188,29,7.379310344827586,9.724137931034482,17.103448275862068,10.620689655172415,6.482758620689655,หน้าไอซีซี | เขตยานนาวา
แยกกล้วยน้ำไท | เขตคลองเตย,279,217,496,256,240,25,11.16,8.68,19.84,10.24,9.6,แยกกล้วยน้ำไท | เขตคลองเตย
หมู่บ้านท่าทราย | เขตหลักสี่,225,270,495,250,245,23,9.782608695652174,11.73913043478261,21.52173913043478,10.869565217391305,10.652173913043478,หมู่บ้านท่าทราย | เขตหลักสี่
แยกถนนอิสระภาพ | เขตคลองสาน,254,241,495,256,239,26,9.76923076923077,9.26923076923077,19.03846153846154,9.846153846153847,9.192307692307692,แยกถนนอิสระภาพ | เขตคลองสาน
ซอยโรงเรียนเกือกูล | เขตธนบุรี,274,220,494,273,221,29,9.448275862068966,7.586206896551724,17.03448275862069,9.413793103448276,7.620689655172414,ซอยโรงเรียนเกือกูล | เขตธนบุรี
สะพานคลองเคล็ด | เขตสวนหลวง,303,191,494,267,227,27,11.222222222222221,7.074074074074074,18.296296296296298,9.88888888888889,8.407407407407407,สะพานคลองเคล็ด | เขตสวนหลวง
ตรงข้ามวัดเทพลีลา | เขตบางกะปิ,240,254,494,255,239,28,8.571428571428571,9.071428571428571,17.642857142857142,9.107142857142858,8.535714285714286,ตรงข้ามวัดเทพลีลา | เขตบางกะปิ
ตรงข้ามซอยอิสรภาพ 31 | เขตบางกอกใหญ่,226,268,494,258,236,26,8.692307692307692,10.307692307692308,19.0,9.923076923076923,9.076923076923077,ตรงข้ามซอยอิสรภาพ 31 | เขตบางกอกใหญ่
โลตัส แจ้งวัฒนะ | เขตหลักสี่,253,241,494,242,252,27,9.37037037037037,8.925925925925926,18.296296296296298,8.962962962962964,9.333333333333334,โลตัส แจ้งวัฒนะ | เขตหลักสี่
โรงแรมรอยัลปริ๊นซ์โฮเต็ล | เขตราชเทวี,283,211,494,268,226,25,11.32,8.44,19.76,10.72,9.04,โรงแรมรอยัลปริ๊นซ์โฮเต็ล | เขตราชเทวี
สถานธนานุเคราะห์สาขา6(สามแยกไฟฉาย) | เขตบางกอกน้อย,259,235,494,266,228,26,9.961538461538462,9.038461538461538,19.0,10.23076923076923,8.76923076923077,สถานธนานุเคราะห์สาขา6(สามแยกไฟฉาย) | เขตบางกอกน้อย
ริเวอร์แมนชั่น | เขตพระนคร,253,241,494,239,255,16,15.8125,15.0625,30.875,14.9375,15.9375,ริเวอร์แมนชั่น | เขตพระนคร
"หมู่บ้านธนิทร,ซอยวิภาวดีรังสิต 35 | เขตดอนเมือง",280,213,493,285,208,27,10.37037037037037,7.888888888888889,18.25925925925926,10.555555555555555,7.703703703703703,"หมู่บ้านธนิทร,ซอยวิภาวดีรังสิต 35 | เขตดอนเมือง"
ซอยตาเซียน | เขตบึงกุ่ม,283,210,493,263,230,28,10.107142857142858,7.5,17.607142857142858,9.392857142857142,8.214285714285714,ซอยตาเซียน | เขตบึงกุ่ม
บิ๊กซีสุวินทวงศ์ | เขตมีนบุรี,276,217,493,283,210,28,9.857142857142858,7.75,17.607142857142858,10.107142857142858,7.5,บิ๊กซีสุวินทวงศ์ | เขตมีนบุรี
ธนาคารไทยพาณิชย์รามอินทรา | เขตคันนายาว,219,274,493,238,255,24,9.125,11.416666666666666,20.541666666666668,9.916666666666666,10.625,ธนาคารไทยพาณิชย์รามอินทรา | เขตคันนายาว
ตรงข้ามอาคารสิรินรัตน์ | เขตคลองเตย,285,207,492,263,229,18,15.833333333333334,11.5,27.333333333333332,14.61111111111111,12.722222222222221,ตรงข้ามอาคารสิรินรัตน์ | เขตคลองเตย
ตลาดคลองสาน | เขตคลองสาน,237,255,492,258,234,32,7.40625,7.96875,15.375,8.0625,7.3125,ตลาดคลองสาน | เขตคลองสาน
ทางรถไฟวัดนางนอง(วุฒากาศ46) | เขตจอมทอง,270,221,491,269,222,27,10.0,8.185185185185185,18.185185185185187,9.962962962962964,8.222222222222221,ทางรถไฟวัดนางนอง(วุฒากาศ46) | เขตจอมทอง
BTS บางจาก | เขตพระโขนง,293,198,491,261,230,26,11.26923076923077,7.615384615384615,18.884615384615383,10.038461538461538,8.846153846153847,BTS บางจาก | เขตพระโขนง
"เสริมมิตร,ซอยเพชรเกษม 25/1 | เขตภาษีเจริญ",289,202,491,249,242,23,12.565217391304348,8.782608695652174,21.347826086956523,10.826086956521738,10.521739130434783,"เสริมมิตร,ซอยเพชรเกษม 25/1 | เขตภาษีเจริญ"
ซอยเอกมัย 22 (ซอยนวลน้อย) | เขตวัฒนา,301,190,491,250,241,27,11.148148148148149,7.037037037037037,18.185185185185187,9.25925925925926,8.925925925925926,ซอยเอกมัย 22 (ซอยนวลน้อย) | เขตวัฒนา
โรงเรียนพิบูลย์เวช(ซอยปรีดีพนมยงค์ 16) | เขตวัฒนา,237,253,490,243,247,28,8.464285714285714,9.035714285714286,17.5,8.678571428571429,8.821428571428571,โรงเรียนพิบูลย์เวช(ซอยปรีดีพนมยงค์ 16) | เขตวัฒนา
ตรงข้ามกองบัญชาการกองทัพบก | เขตพระนคร,254,236,490,274,216,25,10.16,9.44,19.6,10.96,8.64,ตรงข้ามกองบัญชาการกองทัพบก | เขตพระนคร
นครไชยศรี | เขตดุสิต,249,241,490,285,205,25,9.96,9.64,19.6,11.4,8.2,นครไชยศรี | เขตดุสิต
โรงพยาบาลกรุงธนบุรี | เขตธนบุรี,287,203,490,248,242,25,11.48,8.12,19.6,9.92,9.68,โรงพยาบาลกรุงธนบุรี | เขตธนบุรี
MRT คลองเตย | เขตคลองเตย,251,239,490,263,227,23,10.91304347826087,10.391304347826088,21.304347826086957,11.434782608695652,9.869565217391305,MRT คลองเตย | เขตคลองเตย
เทคนิควิมล | เขตบางซื่อ,228,261,489,267,222,28,8.142857142857142,9.321428571428571,17.464285714285715,9.535714285714286,7.928571428571429,เทคนิควิมล | เขตบางซื่อ
อาคารสรชัย | เขตวัฒนา,279,210,489,254,235,24,11.625,8.75,20.375,10.583333333333334,9.791666666666666,อาคารสรชัย | เขตวัฒนา
"บางกะบือ,น้อมจิตต์,ห้างสุพรีม | เขตดุสิต",232,256,488,263,225,26,8.923076923076923,9.846153846153847,18.76923076923077,10.115384615384615,8.653846153846153,"บางกะบือ,น้อมจิตต์,ห้างสุพรีม | เขตดุสิต"
ตลาดรุ่งเจริญ(ถนนสาธุประดิษฐ์ขาออก) | เขตยานนาวา,244,244,488,255,233,25,9.76,9.76,19.52,10.2,9.32,ตลาดรุ่งเจริญ(ถนนสาธุประดิษฐ์ขาออก) | เขตยานนาวา
โรงเรียนลอยสายอนุสรณ์ | เขตลาดพร้าว,255,232,487,247,240,28,9.107142857142858,8.285714285714286,17.392857142857142,8.821428571428571,8.571428571428571,โรงเรียนลอยสายอนุสรณ์ | เขตลาดพร้าว
ซอยเพชรเกษม 88 | เขตบางแค,304,183,487,257,230,26,11.692307692307692,7.038461538461538,18.73076923076923,9.884615384615385,8.846153846153847,ซอยเพชรเกษม 88 | เขตบางแค
วัดตรีทศเทพ | เขตพระนคร,256,231,487,264,223,28,9.142857142857142,8.25,17.392857142857142,9.428571428571429,7.964285714285714,วัดตรีทศเทพ | เขตพระนคร
สนามหลวง(ศาลฏีกา) | เขตพระนคร,243,243,486,249,237,23,10.565217391304348,10.565217391304348,21.130434782608695,10.826086956521738,10.304347826086957,สนามหลวง(ศาลฏีกา) | เขตพระนคร
ไปรษณีย์จตุจักร | เขตจตุจักร,261,225,486,261,225,25,10.44,9.0,19.44,10.44,9.0,ไปรษณีย์จตุจักร | เขตจตุจักร
ตรงข้ามพระนครฮอนด้าเกษตรตัดใหม่ | เขตลาดพร้าว,247,239,486,239,247,26,9.5,9.192307692307692,18.692307692307693,9.192307692307692,9.5,ตรงข้ามพระนครฮอนด้าเกษตรตัดใหม่ | เขตลาดพร้าว
"ซอยนวมินทร์ 163,ซอยอมรวิวัฒน์,กม.8 | เขตคันนายาว",267,219,486,259,227,29,9.206896551724139,7.551724137931035,16.75862068965517,8.931034482758621,7.827586206896552,"ซอยนวมินทร์ 163,ซอยอมรวิวัฒน์,กม.8 | เขตคันนายาว"
MRT บางพลัด | เขตบางพลัด,230,256,486,258,228,28,8.214285714285714,9.142857142857142,17.357142857142858,9.214285714285714,8.142857142857142,MRT บางพลัด | เขตบางพลัด
"ซอยเสรีไทย 10,ซอยตาเซียน | เขตบึงกุ่ม",262,224,486,254,232,26,10.076923076923077,8.615384615384615,18.692307692307693,9.76923076923077,8.923076923076923,"ซอยเสรีไทย 10,ซอยตาเซียน | เขตบึงกุ่ม"
โรงเรียนวิชัยวิทยา | เขตบางบอน,263,222,485,269,216,26,10.115384615384615,8.538461538461538,18.653846153846153,10.346153846153847,8.307692307692308,โรงเรียนวิชัยวิทยา | เขตบางบอน
ตรงข้ามมหาวิทยาลัยศรีนครินทรวิโรฒประสานมิตร | เขตวัฒนา,250,235,485,240,245,22,11.363636363636363,10.681818181818182,22.045454545454547,10.909090909090908,11.136363636363637,ตรงข้ามมหาวิทยาลัยศรีนครินทรวิโรฒประสานมิตร | เขตวั...
แยกรัชดา-ลาดพร้าว | เขตจตุจักร,271,214,485,274,211,27,10.037037037037036,7.925925925925926,17.962962962962962,10.148148148148149,7.814814814814815,แยกรัชดา-ลาดพร้าว | เขตจตุจักร
ซอยลาดหญ้า 8 | เขตคลองสาน,267,218,485,250,235,25,10.68,8.72,19.4,10.0,9.4,ซอยลาดหญ้า 8 | เขตคลองสาน
แยกทรงวาด | เขตสัมพันธวงศ์,280,205,485,247,238,26,10.76923076923077,7.884615384615385,18.653846153846153,9.5,9.153846153846153,แยกทรงวาด | เขตสัมพันธวงศ์
ตรงข้าม รร.กรุงเทพการบัญชี | เขตราชเทวี,260,225,485,250,235,27,9.62962962962963,8.333333333333334,17.962962962962962,9.25925925925926,8.703703703703704,ตรงข้าม รร.กรุงเทพการบัญชี | เขตราชเทวี
ซอยศาสนา | เขตพญาไท,239,246,485,264,221,26,9.192307692307692,9.461538461538462,18.653846153846153,10.153846153846153,8.5,ซอยศาสนา | เขตพญาไท
ท่าวัดระฆัง (ข้ามฟาก) | เขตบางกอกน้อย,131,353,484,233,251,31,4.225806451612903,11.387096774193548,15.612903225806452,7.516129032258065,8.096774193548388,ท่าวัดระฆัง (ข้ามฟาก) | เขตบางกอกน้อย
ตลาดนวลจันทร์(ถนนนวมินทร์ขาออก) | เขตบึงกุ่ม,308,176,484,255,229,26,11.846153846153847,6.769230769230769,18.615384615384617,9.807692307692308,8.807692307692308,ตลาดนวลจันทร์(ถนนนวมินทร์ขาออก) | เขตบึงกุ่ม
วัดหนัง | เขตจอมทอง,290,194,484,260,224,26,11.153846153846153,7.461538461538462,18.615384615384617,10.0,8.615384615384615,วัดหนัง | เขตจอมทอง
"ซอยลือชา,ตรงข้ามซอยพหลโยธิน 1 | เขตพญาไท",265,219,484,262,222,25,10.6,8.76,19.36,10.48,8.88,"ซอยลือชา,ตรงข้ามซอยพหลโยธิน 1 | เขตพญาไท"
ซอยวัดสวัสดิ์ | เขตดุสิต,233,251,484,250,234,27,8.62962962962963,9.296296296296296,17.925925925925927,9.25925925925926,8.666666666666666,ซอยวัดสวัสดิ์ | เขตดุสิต
โรงแรมโอเรียลเต็ล | เขตบางรัก,271,213,484,255,229,24,11.291666666666666,8.875,20.166666666666668,10.625,9.541666666666666,โรงแรมโอเรียลเต็ล | เขตบางรัก
ซอยลาดกระบัง 42 | เขตลาดกระบัง,299,184,483,255,228,29,10.310344827586206,6.344827586206897,16.655172413793103,8.793103448275861,7.862068965517241,ซอยลาดกระบัง 42 | เขตลาดกระบัง
สะพานตากสิน | เขตคลองสาน,270,213,483,261,222,27,10.0,7.888888888888889,17.88888888888889,9.666666666666666,8.222222222222221,สะพานตากสิน | เขตคลองสาน
ตรงข้ามตลาดหทัยมิตร | เขตคลองสามวา,311,172,483,239,244,28,11.107142857142858,6.142857142857143,17.25,8.535714285714286,8.714285714285714,ตรงข้ามตลาดหทัยมิตร | เขตคลองสามวา
ท่าเรือวัดอ่างแแก้ว | เขตภาษีเจริญ,217,265,482,254,228,27,8.037037037037036,9.814814814814815,17.85185185185185,9.407407407407407,8.444444444444445,ท่าเรือวัดอ่างแแก้ว | เขตภาษีเจริญ
"บริษัทโอสถสภา,ซอยรามคำแหง 26/1 | เขตบางกะปิ",267,215,482,255,227,24,11.125,8.958333333333334,20.083333333333332,10.625,9.458333333333334,"บริษัทโอสถสภา,ซอยรามคำแหง 26/1 | เขตบางกะปิ"
โรงเรียนเบญจมราชาลัย | เขตพระนคร,226,256,482,258,224,27,8.37037037037037,9.481481481481481,17.85185185185185,9.555555555555555,8.296296296296296,โรงเรียนเบญจมราชาลัย | เขตพระนคร
กองบัญชาการตำรวจตระเวนชายแดน | เขตพญาไท,239,243,482,265,217,28,8.535714285714286,8.678571428571429,17.214285714285715,9.464285714285714,7.75,กองบัญชาการตำรวจตระเวนชายแดน | เขตพญาไท
สำนักงานไปรษณีย์บางขุนนนท์(ซอยรุ่งเพชร) | เขตบางกอกน้อย,257,225,482,265,217,28,9.178571428571429,8.035714285714286,17.214285714285715,9.464285714285714,7.75,สำนักงานไปรษณีย์บางขุนนนท์(ซอยรุ่งเพชร) | เขตบางกอก...
หมู่บ้านสามัคคี(นวมินทร์ 107) | เขตบึงกุ่ม,307,174,481,264,217,26,11.807692307692308,6.6923076923076925,18.5,10.153846153846153,8.346153846153847,หมู่บ้านสามัคคี(นวมินทร์ 107) | เขตบึงกุ่ม
"แยก อ.ส.ม.ท.,พระราม 9 ซอย 4 | เขตห้วยขวาง",236,245,481,249,232,24,9.833333333333334,10.208333333333334,20.041666666666668,10.375,9.666666666666666,"แยก อ.ส.ม.ท.,พระราม 9 ซอย 4 | เขตห้วยขวาง"
แยกสุทธิสาร(ถนนวิภาวดีรังสิตขาออก) | เขตพญาไท,229,251,480,248,232,25,9.16,10.04,19.2,9.92,9.28,แยกสุทธิสาร(ถนนวิภาวดีรังสิตขาออก) | เขตพญาไท
"แยกพระราม 4,โรงเรียนคลองเตยวิทยา | เขตคลองเตย",191,289,480,276,204,27,7.074074074074074,10.703703703703704,17.77777777777778,10.222222222222221,7.555555555555555,"แยกพระราม 4,โรงเรียนคลองเตยวิทยา | เขตคลองเตย"
ตรงข้าม รร.เตรียมอุดมฯ รัชดา | เขตห้วยขวาง,264,215,479,215,264,5,52.8,43.0,95.8,43.0,52.8,ตรงข้าม รร.เตรียมอุดมฯ รัชดา | เขตห้วยขวาง
ตรงข้ามร้านอาหารเมนูเวเทอเรส | เขตลาดพร้าว,285,194,479,233,246,26,10.961538461538462,7.461538461538462,18.423076923076923,8.961538461538462,9.461538461538462,ตรงข้ามร้านอาหารเมนูเวเทอเรส | เขตลาดพร้าว
BRT อาคารสงเคราะห์ | เขตสาทร,256,222,478,247,231,26,9.846153846153847,8.538461538461538,18.384615384615383,9.5,8.884615384615385,BRT อาคารสงเคราะห์ | เขตสาทร
สวนอาหารบางบัว | เขตบางเขน,235,243,478,268,210,28,8.392857142857142,8.678571428571429,17.071428571428573,9.571428571428571,7.5,สวนอาหารบางบัว | เขตบางเขน
ตรงข้าม เอส.เฮช.เค.กรุ๊ป | เขตจตุจักร,331,147,478,245,233,27,12.25925925925926,5.444444444444445,17.703703703703702,9.074074074074074,8.62962962962963,ตรงข้าม เอส.เฮช.เค.กรุ๊ป | เขตจตุจักร
แยกอรุณอัมรินทร์(บริษัทสุราบางยี่ขัน) | เขตบางพลัด,251,227,478,240,238,17,14.764705882352942,13.352941176470589,28.11764705882353,14.117647058823529,14.0,แยกอรุณอัมรินทร์(บริษัทสุราบางยี่ขัน) | เขตบางพลัด
วัดเลา | เขตบางขุนเทียน,325,153,478,246,232,27,12.037037037037036,5.666666666666667,17.703703703703702,9.11111111111111,8.592592592592593,วัดเลา | เขตบางขุนเทียน
ตรงข้ามจุฬาลงกรณ์ 4-6 | เขตปทุมวัน,248,230,478,238,240,25,9.92,9.2,19.12,9.52,9.6,ตรงข้ามจุฬาลงกรณ์ 4-6 | เขตปทุมวัน
ซอยลาดพร้าว 26 | เขตจตุจักร,265,213,478,247,231,23,11.521739130434783,9.26086956521739,20.782608695652176,10.73913043478261,10.043478260869565,ซอยลาดพร้าว 26 | เขตจตุจักร
จัสโก้ประชาอุทิศ | เขตทุ่งครุ,309,168,477,235,242,23,13.434782608695652,7.304347826086956,20.73913043478261,10.217391304347826,10.521739130434783,จัสโก้ประชาอุทิศ | เขตทุ่งครุ
ตลาดศรีเขมา(ขาออก) | เขตบางซื่อ,246,231,477,249,228,29,8.482758620689655,7.9655172413793105,16.448275862068964,8.586206896551724,7.862068965517241,ตลาดศรีเขมา(ขาออก) | เขตบางซื่อ
"อนุบาลสามเสน,แฟลตกองสลาก | เขตพญาไท",238,239,477,247,230,25,9.52,9.56,19.08,9.88,9.2,"อนุบาลสามเสน,แฟลตกองสลาก | เขตพญาไท"
ตรงข้ามโรงพยาบาลบางบอน | เขตบางบอน,277,200,477,251,226,25,11.08,8.0,19.08,10.04,9.04,ตรงข้ามโรงพยาบาลบางบอน | เขตบางบอน
ซอยลาดพร้าว 80 | เขตวังทองหลาง,295,182,477,247,230,27,10.925925925925926,6.7407407407407405,17.666666666666668,9.148148148148149,8.518518518518519,ซอยลาดพร้าว 80 | เขตวังทองหลาง
ตรงข้ามสุกี้เรือนเพชร | เขตห้วยขวาง,246,231,477,255,222,25,9.84,9.24,19.08,10.2,8.88,ตรงข้ามสุกี้เรือนเพชร | เขตห้วยขวาง
หมู่บ้านชิชา | เขตจอมทอง,264,213,477,242,235,27,9.777777777777779,7.888888888888889,17.666666666666668,8.962962962962964,8.703703703703704,หมู่บ้านชิชา | เขตจอมทอง
สำนักงานตรวจคนเข้าเมือง | เขตสาทร,237,239,476,259,217,25,9.48,9.56,19.04,10.36,8.68,สำนักงานตรวจคนเข้าเมือง | เขตสาทร
สำนักงานเขตพระนคร | เขตพระนคร,280,196,476,256,220,26,10.76923076923077,7.538461538461538,18.307692307692307,9.846153846153847,8.461538461538462,สำนักงานเขตพระนคร | เขตพระนคร
ก่อนถึงวัดตะล่อม | เขตภาษีเจริญ,271,205,476,241,235,22,12.318181818181818,9.318181818181818,21.636363636363637,10.954545454545455,10.681818181818182,ก่อนถึงวัดตะล่อม | เขตภาษีเจริญ
ตรงข้ามวิบูลย์บริหารธุรกิจ | เขตบางกอกใหญ่,271,204,475,243,232,26,10.423076923076923,7.846153846153846,18.26923076923077,9.346153846153847,8.923076923076923,ตรงข้ามวิบูลย์บริหารธุรกิจ | เขตบางกอกใหญ่
ตรงข้ามโรงเรียนพิบูลย์อุปถัมภ์ | เขตลาดพร้าว,266,209,475,244,231,21,12.666666666666666,9.952380952380953,22.61904761904762,11.619047619047619,11.0,ตรงข้ามโรงเรียนพิบูลย์อุปถัมภ์ | เขตลาดพร้าว
ไมตรีจิตต์ | เขตป้อมปราบศัตรูพ่าย,259,216,475,228,247,26,9.961538461538462,8.307692307692308,18.26923076923077,8.76923076923077,9.5,ไมตรีจิตต์ | เขตป้อมปราบศัตรูพ่าย
โรงเรียนเซนต์ดอมินิก | เขตราชเทวี,237,237,474,230,244,22,10.772727272727273,10.772727272727273,21.545454545454547,10.454545454545455,11.090909090909092,โรงเรียนเซนต์ดอมินิก | เขตราชเทวี
ซอยสะแกงาม | เขตบางขุนเทียน,287,186,473,231,242,27,10.62962962962963,6.888888888888889,17.51851851851852,8.555555555555555,8.962962962962964,ซอยสะแกงาม | เขตบางขุนเทียน
ธัญญาพาร์ค | เขตสวนหลวง,250,223,473,294,179,30,8.333333333333334,7.433333333333334,15.766666666666667,9.8,5.966666666666667,ธัญญาพาร์ค | เขตสวนหลวง
ตรงข้ามบิ๊กซีรามอินทรา | เขตบางเขน,291,181,472,261,211,31,9.387096774193548,5.838709677419355,15.225806451612904,8.419354838709678,6.806451612903226,ตรงข้ามบิ๊กซีรามอินทรา | เขตบางเขน
ซอยเพชรเกษม 112 | เขตหนองแขม,329,143,472,255,217,28,11.75,5.107142857142857,16.857142857142858,9.107142857142858,7.75,ซอยเพชรเกษม 112 | เขตหนองแขม
บริษัท ไลอ้อน | เขตยานนาวา,273,199,472,283,189,29,9.413793103448276,6.862068965517241,16.275862068965516,9.758620689655173,6.517241379310345,บริษัท ไลอ้อน | เขตยานนาวา
ซอยปรีดีพนมยงค์ 38 | เขตวัฒนา,250,221,471,230,241,24,10.416666666666666,9.208333333333334,19.625,9.583333333333334,10.041666666666666,ซอยปรีดีพนมยงค์ 38 | เขตวัฒนา
MRT พระรามเก้า | เขตห้วยขวาง,265,206,471,209,262,7,37.857142857142854,29.428571428571427,67.28571428571429,29.857142857142858,37.42857142857143,MRT พระรามเก้า | เขตห้วยขวาง
ตรงข้ามบ้านเอื้ออาทรซอย7 | เขตบางกะปิ,205,266,471,253,218,28,7.321428571428571,9.5,16.821428571428573,9.035714285714286,7.785714285714286,ตรงข้ามบ้านเอื้ออาทรซอย7 | เขตบางกะปิ
ตลาดคลองตัน(ขาออก) | เขตสวนหลวง,251,219,470,236,234,25,10.04,8.76,18.8,9.44,9.36,ตลาดคลองตัน(ขาออก) | เขตสวนหลวง
ท่าปล่อยรถ โรงพยาบาลสงฆ์ | เขตราชเทวี,232,238,470,276,194,26,8.923076923076923,9.153846153846153,18.076923076923077,10.615384615384615,7.461538461538462,ท่าปล่อยรถ โรงพยาบาลสงฆ์ | เขตราชเทวี
หมู่บ้านศรีนคร1 | เขตบึงกุ่ม,288,181,469,249,220,28,10.285714285714286,6.464285714285714,16.75,8.892857142857142,7.857142857142857,หมู่บ้านศรีนคร1 | เขตบึงกุ่ม
วัดพลับพลาชัย | เขตป้อมปราบศัตรูพ่าย,248,221,469,256,213,26,9.538461538461538,8.5,18.03846153846154,9.846153846153847,8.192307692307692,วัดพลับพลาชัย | เขตป้อมปราบศัตรูพ่าย
อุทยานเบญจสิริ | เขตคลองเตย,241,228,469,252,217,27,8.925925925925926,8.444444444444445,17.37037037037037,9.333333333333334,8.037037037037036,อุทยานเบญจสิริ | เขตคลองเตย
ซอยหมู่บ้านคลองเตย | เขตยานนาวา,219,249,468,234,234,20,10.95,12.45,23.4,11.7,11.7,ซอยหมู่บ้านคลองเตย | เขตยานนาวา
กม.8 รามอินทรา | เขตคันนายาว,300,168,468,252,216,27,11.11111111111111,6.222222222222222,17.333333333333332,9.333333333333334,8.0,กม.8 รามอินทรา | เขตคันนายาว
"แยกมีนบุรีตรงข้ามตะเกียง,ปั้มบางจาก | เขตมีนบุรี",308,160,468,248,220,25,12.32,6.4,18.72,9.92,8.8,"แยกมีนบุรีตรงข้ามตะเกียง,ปั้มบางจาก | เขตมีนบุรี"
โรงเรียนสารสาสน์พิทยา | เขตบางคอแหลม,265,203,468,251,217,20,13.25,10.15,23.4,12.55,10.85,โรงเรียนสารสาสน์พิทยา | เขตบางคอแหลม
ตรงข้ามมหาวิทยาลัยเกษตรศาสตร์ ประตู 3 | เขตจตุจักร,251,216,467,244,223,27,9.296296296296296,8.0,17.296296296296298,9.037037037037036,8.25925925925926,ตรงข้ามมหาวิทยาลัยเกษตรศาสตร์ ประตู 3 | เขตจตุจักร
ร้านอาหารบ้านต้นซุง | เขตวังทองหลาง,284,183,467,257,210,26,10.923076923076923,7.038461538461538,17.96153846153846,9.884615384615385,8.076923076923077,ร้านอาหารบ้านต้นซุง | เขตวังทองหลาง
ซอยสมเด็จเจ้าพระยา 20 | เขตคลองสาน,287,180,467,282,185,30,9.566666666666666,6.0,15.566666666666666,9.4,6.166666666666667,ซอยสมเด็จเจ้าพระยา 20 | เขตคลองสาน
ปั๊มน้ำมันปตท.กาญจนาภิเษก | เขตบางบอน,294,173,467,265,202,28,10.5,6.178571428571429,16.678571428571427,9.464285714285714,7.214285714285714,ปั๊มน้ำมันปตท.กาญจนาภิเษก | เขตบางบอน
ตรงข้ามสถานีตำรวจนครบาลสำราญราษฏร์ | เขตพระนคร,243,223,466,245,221,24,10.125,9.291666666666666,19.416666666666668,10.208333333333334,9.208333333333334,ตรงข้ามสถานีตำรวจนครบาลสำราญราษฏร์ | เขตพระนคร
สุเหร่าแดงตรงข้ามมนตรีทรานสปอร์ต | เขตคันนายาว,265,201,466,263,203,27,9.814814814814815,7.444444444444445,17.25925925925926,9.74074074074074,7.518518518518518,สุเหร่าแดงตรงข้ามมนตรีทรานสปอร์ต | เขตคันนายาว
แยกแฮปปี้แลนด์ | เขตบางกะปิ,201,265,466,248,218,28,7.178571428571429,9.464285714285714,16.642857142857142,8.857142857142858,7.785714285714286,แยกแฮปปี้แลนด์ | เขตบางกะปิ
ตลาดพระโขนง | เขตวัฒนา,242,224,466,244,222,23,10.521739130434783,9.73913043478261,20.26086956521739,10.608695652173912,9.652173913043478,ตลาดพระโขนง | เขตวัฒนา
"ตรงข้ามกรมอุตุนิยมวิทยา,BTS บางนา | เขตบางนา",324,142,466,256,210,29,11.172413793103448,4.896551724137931,16.06896551724138,8.827586206896552,7.241379310344827,"ตรงข้ามกรมอุตุนิยมวิทยา,BTS บางนา | เขตบางนา"
ซอยสองพระ | เขตบางรัก,270,196,466,259,207,27,10.0,7.2592592592592595,17.25925925925926,9.592592592592593,7.666666666666667,ซอยสองพระ | เขตบางรัก
ร้านอาหารแมกไม้ | เขตลาดพร้าว,257,208,465,233,232,30,8.566666666666666,6.933333333333334,15.5,7.766666666666667,7.733333333333333,ร้านอาหารแมกไม้ | เขตลาดพร้าว
ตรงข้ามโรงพยาบาลเลิดสิน | เขตบางรัก,237,228,465,255,210,25,9.48,9.12,18.6,10.2,8.4,ตรงข้ามโรงพยาบาลเลิดสิน | เขตบางรัก
ซอยเพชรเกษม 51 | เขตบางแค,272,193,465,285,180,29,9.379310344827585,6.655172413793103,16.03448275862069,9.827586206896552,6.206896551724138,ซอยเพชรเกษม 51 | เขตบางแค
สมชายสกินแอนด์เลเซอร์คลินิค | เขตสาทร,238,227,465,241,224,27,8.814814814814815,8.407407407407407,17.22222222222222,8.925925925925926,8.296296296296296,สมชายสกินแอนด์เลเซอร์คลินิค | เขตสาทร
ธนาคารอาคารสงเคราะห์ | เขตจอมทอง,314,151,465,253,212,28,11.214285714285714,5.392857142857143,16.607142857142858,9.035714285714286,7.571428571428571,ธนาคารอาคารสงเคราะห์ | เขตจอมทอง
"แยกนรินธร,โรงพยาบาลบางรัก | เขตบางรัก",226,238,464,242,222,19,11.894736842105264,12.526315789473685,24.42105263157895,12.736842105263158,11.68421052631579,"แยกนรินธร,โรงพยาบาลบางรัก | เขตบางรัก"
ตรงข้ามหมู่บ้านรินทร์ทอง | เขตมีนบุรี,228,236,464,253,211,29,7.862068965517241,8.137931034482758,16.0,8.724137931034482,7.275862068965517,ตรงข้ามหมู่บ้านรินทร์ทอง | เขตมีนบุรี
SRT วัดไทร | เขตจอมทอง,243,221,464,255,209,25,9.72,8.84,18.56,10.2,8.36,SRT วัดไทร | เขตจอมทอง
เคหะทุ่งสองห้อง | เขตดอนเมือง,265,199,464,251,213,25,10.6,7.96,18.56,10.04,8.52,เคหะทุ่งสองห้อง | เขตดอนเมือง
พรานนกพลาซ่า | เขตบางกอกน้อย,237,227,464,257,207,28,8.464285714285714,8.107142857142858,16.571428571428573,9.178571428571429,7.392857142857143,พรานนกพลาซ่า | เขตบางกอกน้อย
ท่าปล่อยรถ BTS กรุงธนบุรี | เขตคลองสาน,260,204,464,244,220,26,10.0,7.846153846153846,17.846153846153847,9.384615384615385,8.461538461538462,ท่าปล่อยรถ BTS กรุงธนบุรี | เขตคลองสาน
อาคารทิปโก้ | เขตพญาไท,225,239,464,291,173,26,8.653846153846153,9.192307692307692,17.846153846153847,11.192307692307692,6.653846153846154,อาคารทิปโก้ | เขตพญาไท
"ซอยรามอินทรา 50,ตรงข้ามศูนย์นิสสัน | เขตคันนายาว",259,204,463,254,209,25,10.36,8.16,18.52,10.16,8.36,"ซอยรามอินทรา 50,ตรงข้ามศูนย์นิสสัน | เขตคันนายาว"
ซอยราษฎร์บูรณะ 11 | เขตราษฎร์บูรณะ,184,279,463,247,216,28,6.571428571428571,9.964285714285714,16.535714285714285,8.821428571428571,7.714285714285714,ซอยราษฎร์บูรณะ 11 | เขตราษฎร์บูรณะ
ซอยสาทร 2 | เขตบางรัก,221,242,463,229,234,23,9.608695652173912,10.521739130434783,20.130434782608695,9.956521739130435,10.173913043478262,ซอยสาทร 2 | เขตบางรัก
BTS พระโขนง(ทางออก 2) | เขตคลองเตย,286,177,463,249,214,26,11.0,6.8076923076923075,17.807692307692307,9.576923076923077,8.23076923076923,BTS พระโขนง(ทางออก 2) | เขตคลองเตย
"ซอยศรีนครินทร์ 38,หมู่บ้านมิตรภาพ | เขตประเวศ",256,206,462,251,211,26,9.846153846153847,7.923076923076923,17.76923076923077,9.653846153846153,8.115384615384615,"ซอยศรีนครินทร์ 38,หมู่บ้านมิตรภาพ | เขตประเวศ"
ตรงข้ามซอยโรงแก้ว | เขตธนบุรี,294,168,462,240,222,26,11.307692307692308,6.461538461538462,17.76923076923077,9.23076923076923,8.538461538461538,ตรงข้ามซอยโรงแก้ว | เขตธนบุรี
วัดตะกล่ำ | เขตประเวศ,276,186,462,248,214,20,13.8,9.3,23.1,12.4,10.7,วัดตะกล่ำ | เขตประเวศ
บริษัทไทยน้ำทิพย์ | เขตบางคอแหลม,230,232,462,242,220,27,8.518518518518519,8.592592592592593,17.11111111111111,8.962962962962964,8.148148148148149,บริษัทไทยน้ำทิพย์ | เขตบางคอแหลม
ตรงข้ามซอยประชาสงเคราะห์ 47 | เขตดินแดง,245,217,462,237,225,26,9.423076923076923,8.346153846153847,17.76923076923077,9.115384615384615,8.653846153846153,ตรงข้ามซอยประชาสงเคราะห์ 47 | เขตดินแดง
"บ้านกล้วย,ตรงข้ามบอสทาวเวอร์ | เขตคลองเตย",234,228,462,251,211,26,9.0,8.76923076923077,17.76923076923077,9.653846153846153,8.115384615384615,"บ้านกล้วย,ตรงข้ามบอสทาวเวอร์ | เขตคลองเตย"
ตรงข้ามซอยม่วงสกุล | เขตบางขุนเทียน,278,183,461,236,225,26,10.692307692307692,7.038461538461538,17.73076923076923,9.076923076923077,8.653846153846153,ตรงข้ามซอยม่วงสกุล | เขตบางขุนเทียน
ซอยเอกชัย 2 | เขตจอมทอง,284,177,461,260,201,25,11.36,7.08,18.44,10.4,8.04,ซอยเอกชัย 2 | เขตจอมทอง
สำนักงานเขตบางบอน | เขตบางบอน,273,188,461,242,219,24,11.375,7.833333333333333,19.208333333333332,10.083333333333334,9.125,สำนักงานเขตบางบอน | เขตบางบอน
โรงเรียนบ้านบางกะปิ | เขตบางกะปิ,227,233,460,256,204,24,9.458333333333334,9.708333333333334,19.166666666666668,10.666666666666666,8.5,โรงเรียนบ้านบางกะปิ | เขตบางกะปิ
ศึกษาวิทยา | เขตสาทร,261,199,460,254,206,12,21.75,16.583333333333332,38.333333333333336,21.166666666666668,17.166666666666668,ศึกษาวิทยา | เขตสาทร
วัชรพล | เขตบางเขน,260,200,460,253,207,29,8.96551724137931,6.896551724137931,15.862068965517242,8.724137931034482,7.137931034482759,วัชรพล | เขตบางเขน
แฟลตเคหะคลองเตย | เขตคลองเตย,244,216,460,238,222,23,10.608695652173912,9.391304347826088,20.0,10.347826086956522,9.652173913043478,แฟลตเคหะคลองเตย | เขตคลองเตย
หมู่บ้านไทยสมุทร | เขตลาดกระบัง,291,168,459,257,202,27,10.777777777777779,6.222222222222222,17.0,9.518518518518519,7.481481481481482,หมู่บ้านไทยสมุทร | เขตลาดกระบัง
การทางพิเศษบางเขน | เขตจตุจักร,339,120,459,251,208,29,11.689655172413794,4.137931034482759,15.827586206896552,8.655172413793103,7.172413793103448,การทางพิเศษบางเขน | เขตจตุจักร
ซอยประชาสงเคราะห์ 16-18 | เขตดินแดง,269,190,459,244,215,24,11.208333333333334,7.916666666666667,19.125,10.166666666666666,8.958333333333334,ซอยประชาสงเคราะห์ 16-18 | เขตดินแดง
ศูนย์ราชการแจ้งวัฒนะ(อาคารA) | เขตหลักสี่,242,217,459,256,203,28,8.642857142857142,7.75,16.392857142857142,9.142857142857142,7.25,ศูนย์ราชการแจ้งวัฒนะ(อาคารA) | เขตหลักสี่
BTS สนามเป้า(ทางออก1) | เขตพญาไท,217,242,459,252,207,28,7.75,8.642857142857142,16.392857142857142,9.0,7.392857142857143,BTS สนามเป้า(ทางออก1) | เขตพญาไท
"ซอยเทอดไท 19,สาธารณสุขตลาดพลู | เขตธนบุรี",246,212,458,243,215,26,9.461538461538462,8.153846153846153,17.615384615384617,9.346153846153847,8.26923076923077,"ซอยเทอดไท 19,สาธารณสุขตลาดพลู | เขตธนบุรี"
ตรงข้ามซอยเทพลีลา 2 | เขตวังทองหลาง,245,213,458,248,210,25,9.8,8.52,18.32,9.92,8.4,ตรงข้ามซอยเทพลีลา 2 | เขตวังทองหลาง
ตรงข้ามวัดมกุฏกษัตริยาราม | เขตพระนคร,258,200,458,253,205,26,9.923076923076923,7.6923076923076925,17.615384615384617,9.73076923076923,7.884615384615385,ตรงข้ามวัดมกุฏกษัตริยาราม | เขตพระนคร
ตรงข้ามสถานีตำรวจดับเพลิงบางอ้อ | เขตบางพลัด,244,214,458,254,204,27,9.037037037037036,7.925925925925926,16.962962962962962,9.407407407407407,7.555555555555555,ตรงข้ามสถานีตำรวจดับเพลิงบางอ้อ | เขตบางพลัด
ซอยสมเด็จเจ้าพระยา 6 | เขตคลองสาน,250,208,458,255,203,26,9.615384615384615,8.0,17.615384615384617,9.807692307692308,7.8076923076923075,ซอยสมเด็จเจ้าพระยา 6 | เขตคลองสาน
ถนนข้าวหลาม | เขตสัมพันธวงศ์,269,189,458,228,230,26,10.346153846153847,7.269230769230769,17.615384615384617,8.76923076923077,8.846153846153847,ถนนข้าวหลาม | เขตสัมพันธวงศ์
แยกเฉลิมเผ่า | เขตปทุมวัน,211,246,457,234,223,25,8.44,9.84,18.28,9.36,8.92,แยกเฉลิมเผ่า | เขตปทุมวัน
ตรงข้ามหมู่บ้านศรีนคร 1 | เขตบึงกุ่ม,285,172,457,252,205,26,10.961538461538462,6.615384615384615,17.576923076923077,9.692307692307692,7.884615384615385,ตรงข้ามหมู่บ้านศรีนคร 1 | เขตบึงกุ่ม
ซอยเอกชัย 37 | เขตจอมทอง,284,172,456,235,221,25,11.36,6.88,18.24,9.4,8.84,ซอยเอกชัย 37 | เขตจอมทอง
วัดพรหมรังษี | เขตบางขุนเทียน,216,240,456,246,210,28,7.714285714285714,8.571428571428571,16.285714285714285,8.785714285714286,7.5,วัดพรหมรังษี | เขตบางขุนเทียน
หมู่บ้านสหกรณ์ | เขตบึงกุ่ม,304,151,455,247,208,30,10.133333333333333,5.033333333333333,15.166666666666666,8.233333333333333,6.933333333333334,หมู่บ้านสหกรณ์ | เขตบึงกุ่ม
ตรงข้ามหมู่บ้านผาสุกนิเวศน์ | เขตประเวศ,291,164,455,244,211,26,11.192307692307692,6.3076923076923075,17.5,9.384615384615385,8.115384615384615,ตรงข้ามหมู่บ้านผาสุกนิเวศน์ | เขตประเวศ
ไปรษณีย์สุทธิสาร | เขตดินแดง,238,216,454,243,211,27,8.814814814814815,8.0,16.814814814814813,9.0,7.814814814814815,ไปรษณีย์สุทธิสาร | เขตดินแดง
แยกจรัสเมือง [B] | เขตปทุมวัน,251,203,454,225,229,22,11.409090909090908,9.227272727272727,20.636363636363637,10.227272727272727,10.409090909090908,แยกจรัสเมือง [B] | เขตปทุมวัน
ตรงข้ามลุมพินีเซ็นเตอร์แฮปปี้แลนด์ | เขตบางกะปิ,233,221,454,241,213,24,9.708333333333334,9.208333333333334,18.916666666666668,10.041666666666666,8.875,ตรงข้ามลุมพินีเซ็นเตอร์แฮปปี้แลนด์ | เขตบางกะปิ
MRT สุทธิสาร | เขตดินแดง,251,203,454,216,238,13,19.307692307692307,15.615384615384615,34.92307692307692,16.615384615384617,18.307692307692307,MRT สุทธิสาร | เขตดินแดง
ตรงข้ามศูนย์การค้านครหลวง | เขตบางกอกน้อย,269,185,454,244,210,26,10.346153846153847,7.115384615384615,17.46153846153846,9.384615384615385,8.076923076923077,ตรงข้ามศูนย์การค้านครหลวง | เขตบางกอกน้อย
"ซอยศรีนครินทร์ 64,ศุภาลัยปาร์ค | เขตประเวศ",216,238,454,240,214,24,9.0,9.916666666666666,18.916666666666668,10.0,8.916666666666666,"ซอยศรีนครินทร์ 64,ศุภาลัยปาร์ค | เขตประเวศ"
"ซอยสุขุมวิท 6,BTS นานา | เขตคลองเตย",208,245,453,237,216,21,9.904761904761905,11.666666666666666,21.571428571428573,11.285714285714286,10.285714285714286,"ซอยสุขุมวิท 6,BTS นานา | เขตคลองเตย"
กระทรวงวัฒนธรรม | เขตบางพลัด,255,198,453,238,215,21,12.142857142857142,9.428571428571429,21.571428571428573,11.333333333333334,10.238095238095237,กระทรวงวัฒนธรรม | เขตบางพลัด
ตรงข้ามมหาวิทยาลัยศรีปทุม | เขตจตุจักร,212,240,452,243,209,24,8.833333333333334,10.0,18.833333333333332,10.125,8.708333333333334,ตรงข้ามมหาวิทยาลัยศรีปทุม | เขตจตุจักร
บริษัท นันยางการทอ จำกัด | เขตหนองแขม,269,183,452,243,209,27,9.962962962962964,6.777777777777778,16.74074074074074,9.0,7.7407407407407405,บริษัท นันยางการทอ จำกัด | เขตหนองแขม
ซอยรามอินทรา 5 | เขตบางเขน,269,183,452,252,200,27,9.962962962962964,6.777777777777778,16.74074074074074,9.333333333333334,7.407407407407407,ซอยรามอินทรา 5 | เขตบางเขน
โรงแรมกู๊ดอินน์ | เขตราษฎร์บูรณะ,188,263,451,243,208,27,6.962962962962963,9.74074074074074,16.703703703703702,9.0,7.703703703703703,โรงแรมกู๊ดอินน์ | เขตราษฎร์บูรณะ
วัดหัวลำโพง | เขตบางรัก,240,211,451,233,218,20,12.0,10.55,22.55,11.65,10.9,วัดหัวลำโพง | เขตบางรัก
จราจรกลาง | เขตพระนคร,226,225,451,234,217,25,9.04,9.0,18.04,9.36,8.68,จราจรกลาง | เขตพระนคร
ธนาคารกรุงศรีอยุธยาพระราม3 | เขตยานนาวา,203,247,450,258,192,26,7.8076923076923075,9.5,17.307692307692307,9.923076923076923,7.384615384615385,ธนาคารกรุงศรีอยุธยาพระราม3 | เขตยานนาวา
ปากทางพุทธมณฑลสาย2(เริ่มต้น) | เขตบางแค,230,220,450,232,218,25,9.2,8.8,18.0,9.28,8.72,ปากทางพุทธมณฑลสาย2(เริ่มต้น) | เขตบางแค
ซอยเพชรเกษม 58/1 | เขตภาษีเจริญ,269,181,450,242,208,22,12.227272727272727,8.227272727272727,20.454545454545453,11.0,9.454545454545455,ซอยเพชรเกษม 58/1 | เขตภาษีเจริญ
ตรงข้ามสวนสันติชัยปราการ | เขตพระนคร,226,224,450,235,215,23,9.826086956521738,9.73913043478261,19.565217391304348,10.217391304347826,9.347826086956522,ตรงข้ามสวนสันติชัยปราการ | เขตพระนคร
จัสโก้นวมินทร์ | เขตบึงกุ่ม,266,184,450,246,204,28,9.5,6.571428571428571,16.071428571428573,8.785714285714286,7.285714285714286,จัสโก้นวมินทร์ | เขตบึงกุ่ม
แม็กซ์แวลูบางบอน | เขตบางบอน,255,195,450,194,256,23,11.08695652173913,8.478260869565217,19.565217391304348,8.434782608695652,11.130434782608695,แม็กซ์แวลูบางบอน | เขตบางบอน
ตลาดท่าเตียน | เขตพระนคร,240,210,450,218,232,17,14.117647058823529,12.352941176470589,26.470588235294116,12.823529411764707,13.647058823529411,ตลาดท่าเตียน | เขตพระนคร
ตรงข้ามโลตัสแจ้งวัฒนะ | เขตหลักสี่,279,170,449,254,195,28,9.964285714285714,6.071428571428571,16.035714285714285,9.071428571428571,6.964285714285714,ตรงข้ามโลตัสแจ้งวัฒนะ | เขตหลักสี่
สำนักงานเขตราชเทวี | เขตราชเทวี,216,233,449,262,187,28,7.714285714285714,8.321428571428571,16.035714285714285,9.357142857142858,6.678571428571429,สำนักงานเขตราชเทวี | เขตราชเทวี
หมู่บ้านสุนทร7(เอกชัย72) | เขตบางบอน,282,167,449,235,214,26,10.846153846153847,6.423076923076923,17.26923076923077,9.038461538461538,8.23076923076923,หมู่บ้านสุนทร7(เอกชัย72) | เขตบางบอน
ไดนาสติ้(ถนนลาดพร้าวขาออก) | เขตวังทองหลาง,199,249,448,232,216,19,10.473684210526315,13.105263157894736,23.57894736842105,12.210526315789474,11.368421052631579,ไดนาสติ้(ถนนลาดพร้าวขาออก) | เขตวังทองหลาง
ตรงข้ามทีวีซีคอนโดมิเนียม | เขตดินแดง,237,211,448,232,216,26,9.115384615384615,8.115384615384615,17.23076923076923,8.923076923076923,8.307692307692308,ตรงข้ามทีวีซีคอนโดมิเนียม | เขตดินแดง
ตรงข้ามศูนย์วิจัย | เขตห้วยขวาง,210,237,447,238,209,22,9.545454545454545,10.772727272727273,20.318181818181817,10.818181818181818,9.5,ตรงข้ามศูนย์วิจัย | เขตห้วยขวาง
ตลาดน้ำสำเพ็ง 2 | เขตบางแค,271,176,447,230,217,23,11.782608695652174,7.6521739130434785,19.434782608695652,10.0,9.434782608695652,ตลาดน้ำสำเพ็ง 2 | เขตบางแค
BRT เทคนิคกรุงเทพ | เขตสาทร,183,263,446,225,221,24,7.625,10.958333333333334,18.583333333333332,9.375,9.208333333333334,BRT เทคนิคกรุงเทพ | เขตสาทร
ซอยหมู่บ้านชายทะเล | เขตบางขุนเทียน,262,184,446,232,214,23,11.391304347826088,8.0,19.391304347826086,10.08695652173913,9.304347826086957,ซอยหมู่บ้านชายทะเล | เขตบางขุนเทียน
ตรงข้ามสถานีตำรวจตลาดพลู | เขตธนบุรี,250,195,445,240,205,26,9.615384615384615,7.5,17.115384615384617,9.23076923076923,7.884615384615385,ตรงข้ามสถานีตำรวจตลาดพลู | เขตธนบุรี
ใต้สะพานทางรถไฟตลาดพลู | เขตธนบุรี,207,238,445,235,210,26,7.961538461538462,9.153846153846153,17.115384615384617,9.038461538461538,8.076923076923077,ใต้สะพานทางรถไฟตลาดพลู | เขตธนบุรี
ซอยสวนเงิน | เขตราชเทวี,235,209,444,265,179,26,9.038461538461538,8.038461538461538,17.076923076923077,10.192307692307692,6.884615384615385,ซอยสวนเงิน | เขตราชเทวี
ตรงข้ามวัดต้นไทรย์ | เขตสวนหลวง,267,177,444,231,213,24,11.125,7.375,18.5,9.625,8.875,ตรงข้ามวัดต้นไทรย์ | เขตสวนหลวง
"MRT สุทธิสาร,ตรงข้ามสถานีตำรวจสุทธิสาร | เขตห้วยขวาง",243,201,444,225,219,23,10.565217391304348,8.73913043478261,19.304347826086957,9.782608695652174,9.521739130434783,"MRT สุทธิสาร,ตรงข้ามสถานีตำรวจสุทธิสาร | เขตห้วยขวาง"
ตรงข้ามบริษัทขนส่ง | เขตบางแค,254,190,444,237,207,22,11.545454545454545,8.636363636363637,20.181818181818183,10.772727272727273,9.409090909090908,ตรงข้ามบริษัทขนส่ง | เขตบางแค
BTS พระโขนง | เขตคลองเตย,286,158,444,203,241,8,35.75,19.75,55.5,25.375,30.125,BTS พระโขนง | เขตคลองเตย
"หมู่บ้านธารทิพย์,ตรงข้ามโรงเรียนโสมาภา | เขตบึงกุ่ม",267,177,444,250,194,23,11.608695652173912,7.695652173913044,19.304347826086957,10.869565217391305,8.434782608695652,"หมู่บ้านธารทิพย์,ตรงข้ามโรงเรียนโสมาภา | เขตบึงกุ่ม"
หมู่บ้านนภาลัย | เขตบางนา,218,225,443,230,213,25,8.72,9.0,17.72,9.2,8.52,หมู่บ้านนภาลัย | เขตบางนา
สถานีตำรวจนครบาลทุ่งสองห้อง | เขตหลักสี่,236,207,443,264,179,27,8.74074074074074,7.666666666666667,16.40740740740741,9.777777777777779,6.62962962962963,สถานีตำรวจนครบาลทุ่งสองห้อง | เขตหลักสี่
ตรงข้ามโรงเรียนปิ่นมงคลการศึกษา | เขตบางพลัด,193,249,442,238,204,27,7.148148148148148,9.222222222222221,16.37037037037037,8.814814814814815,7.555555555555555,ตรงข้ามโรงเรียนปิ่นมงคลการศึกษา | เขตบางพลัด
สำเพ็ง 2 | เขตบางแค,239,203,442,241,201,26,9.192307692307692,7.8076923076923075,17.0,9.26923076923077,7.730769230769231,สำเพ็ง 2 | เขตบางแค
"โรงพยาบาลศรีวิชัย,วัดรวก | เขตบางกอกน้อย",240,202,442,236,206,23,10.434782608695652,8.782608695652174,19.217391304347824,10.26086956521739,8.956521739130435,"โรงพยาบาลศรีวิชัย,วัดรวก | เขตบางกอกน้อย"
สะพาน 99 | เขตบางซื่อ,299,143,442,236,206,27,11.074074074074074,5.296296296296297,16.37037037037037,8.74074074074074,7.62962962962963,สะพาน 99 | เขตบางซื่อ
กรมส่งเสริมการเกษตร | เขตจตุจักร,229,213,442,256,186,27,8.481481481481481,7.888888888888889,16.37037037037037,9.481481481481481,6.888888888888889,กรมส่งเสริมการเกษตร | เขตจตุจักร
ซอยแจ่มจันทร์ | เขตวัฒนา,252,189,441,223,218,28,9.0,6.75,15.75,7.964285714285714,7.785714285714286,ซอยแจ่มจันทร์ | เขตวัฒนา
ซอยยาดอง(ขาออก) | เขตวัฒนา,268,173,441,222,219,24,11.166666666666666,7.208333333333333,18.375,9.25,9.125,ซอยยาดอง(ขาออก) | เขตวัฒนา
หมู่บ้านธารารมณ์ | เขตสะพานสูง,265,176,441,254,187,25,10.6,7.04,17.64,10.16,7.48,หมู่บ้านธารารมณ์ | เขตสะพานสูง
ตรงข้ามโรงเรียนอนุบาลสายทิพย์ | เขตสวนหลวง,283,158,441,239,202,24,11.791666666666666,6.583333333333333,18.375,9.958333333333334,8.416666666666666,ตรงข้ามโรงเรียนอนุบาลสายทิพย์ | เขตสวนหลวง
โรงพยาบาลสมิติเวชศรีนครินทร์ | เขตสวนหลวง,237,203,440,240,200,29,8.172413793103448,7.0,15.172413793103448,8.275862068965518,6.896551724137931,โรงพยาบาลสมิติเวชศรีนครินทร์ | เขตสวนหลวง
ท่าอิตัลไทย | เขตวัฒนา,193,247,440,220,220,24,8.041666666666666,10.291666666666666,18.333333333333332,9.166666666666666,9.166666666666666,ท่าอิตัลไทย | เขตวัฒนา
หมู่บ้านภัทรินทร์ 2 | เขตคลองสามวา,246,194,440,241,199,26,9.461538461538462,7.461538461538462,16.923076923076923,9.26923076923077,7.653846153846154,หมู่บ้านภัทรินทร์ 2 | เขตคลองสามวา
ซอยอินทามะระ 7 | เขตพญาไท,230,210,440,223,217,23,10.0,9.130434782608695,19.130434782608695,9.695652173913043,9.434782608695652,ซอยอินทามะระ 7 | เขตพญาไท
ตลาดเจริญนคร(เจริญนคร55) | เขตคลองสาน,262,178,440,224,216,22,11.909090909090908,8.090909090909092,20.0,10.181818181818182,9.818181818181818,ตลาดเจริญนคร(เจริญนคร55) | เขตคลองสาน
สถานีตำรวจบางซื่อ | เขตพญาไท,250,190,440,259,181,28,8.928571428571429,6.785714285714286,15.714285714285714,9.25,6.464285714285714,สถานีตำรวจบางซื่อ | เขตพญาไท
สำนักงานไปรษณีย์สำเหร่ | เขตธนบุรี,168,272,440,252,188,26,6.461538461538462,10.461538461538462,16.923076923076923,9.692307692307692,7.230769230769231,สำนักงานไปรษณีย์สำเหร่ | เขตธนบุรี
สำนักงานที่ดินกรุงเทพมหานครสาขาบางกอกน้อย | เขตบางพลัด,225,213,438,240,198,26,8.653846153846153,8.192307692307692,16.846153846153847,9.23076923076923,7.615384615384615,สำนักงานที่ดินกรุงเทพมหานครสาขาบางกอกน้อย | เขตบางพ...
เลียบทางรถไฟวงเวียนใหญ่ | เขตธนบุรี,223,215,438,212,226,24,9.291666666666666,8.958333333333334,18.25,8.833333333333334,9.416666666666666,เลียบทางรถไฟวงเวียนใหญ่ | เขตธนบุรี
วัดสร้อยทอง | เขตบางซื่อ,201,237,438,221,217,25,8.04,9.48,17.52,8.84,8.68,วัดสร้อยทอง | เขตบางซื่อ
ไทเสรี(เจริญนคร52) | เขตธนบุรี,245,193,438,245,193,26,9.423076923076923,7.423076923076923,16.846153846153847,9.423076923076923,7.423076923076923,ไทเสรี(เจริญนคร52) | เขตธนบุรี
ท่าเขียวไข่กา | เขตดุสิต,205,233,438,221,217,29,7.068965517241379,8.03448275862069,15.10344827586207,7.620689655172414,7.482758620689655,ท่าเขียวไข่กา | เขตดุสิต
ซอยภาวนาลาดพร้าว 41 | เขตห้วยขวาง,232,206,438,224,214,23,10.08695652173913,8.956521739130435,19.043478260869566,9.73913043478261,9.304347826086957,ซอยภาวนาลาดพร้าว 41 | เขตห้วยขวาง
"ซอยโพธิ์แก้ว,ตรงข้ามวัดบางเตย | เขตบึงกุ่ม",262,176,438,246,192,27,9.703703703703704,6.518518518518518,16.22222222222222,9.11111111111111,7.111111111111111,"ซอยโพธิ์แก้ว,ตรงข้ามวัดบางเตย | เขตบึงกุ่ม"
"หลังสวน 1,อาคารปาร์ค เพลส | เขตปทุมวัน",244,193,437,214,223,20,12.2,9.65,21.85,10.7,11.15,"หลังสวน 1,อาคารปาร์ค เพลส | เขตปทุมวัน"
ตรงข้ามประกันสังคมซอย 46 | เขตบางซื่อ,210,227,437,238,199,25,8.4,9.08,17.48,9.52,7.96,ตรงข้ามประกันสังคมซอย 46 | เขตบางซื่อ
วัดสังข์กระจาย | เขตบางกอกใหญ่,243,194,437,231,206,27,9.0,7.185185185185185,16.185185185185187,8.555555555555555,7.62962962962963,วัดสังข์กระจาย | เขตบางกอกใหญ่
มหาวิทยาลัยกรุงเทพธนบุรี | เขตทวีวัฒนา,243,194,437,229,208,27,9.0,7.185185185185185,16.185185185185187,8.481481481481481,7.703703703703703,มหาวิทยาลัยกรุงเทพธนบุรี | เขตทวีวัฒนา
"ซอยนราธิวาสราชนครินทร์ 7,ตรงข้ามตึกเอ็มไพน์ | เขตสาทร",269,168,437,266,171,26,10.346153846153847,6.461538461538462,16.807692307692307,10.23076923076923,6.576923076923077,"ซอยนราธิวาสราชนครินทร์ 7,ตรงข้ามตึกเอ็มไพน์ | เขตสา..."
ตรงข้ามซอยรามคำแหง 199 | เขตมีนบุรี,267,170,437,238,199,26,10.26923076923077,6.538461538461538,16.807692307692307,9.153846153846153,7.653846153846154,ตรงข้ามซอยรามคำแหง 199 | เขตมีนบุรี
เซ็นทรัลพระราม 9 | เขตดินแดง,260,176,436,191,245,2,130.0,88.0,218.0,95.5,122.5,เซ็นทรัลพระราม 9 | เขตดินแดง
ตรงข้ามสำนักงานเขตจอมทอง | เขตจอมทอง,296,140,436,236,200,26,11.384615384615385,5.384615384615385,16.76923076923077,9.076923076923077,7.6923076923076925,ตรงข้ามสำนักงานเขตจอมทอง | เขตจอมทอง
โรงพยาบาลท่าพระ | เขตธนบุรี,187,249,436,233,203,29,6.448275862068965,8.586206896551724,15.03448275862069,8.03448275862069,7.0,โรงพยาบาลท่าพระ | เขตธนบุรี
วัดไผ่ตัน | เขตพญาไท,234,202,436,215,221,26,9.0,7.769230769230769,16.76923076923077,8.26923076923077,8.5,วัดไผ่ตัน | เขตพญาไท
วัดประดู่ในทรงธรรม | เขตบางกอกใหญ่,239,197,436,234,202,25,9.56,7.88,17.44,9.36,8.08,วัดประดู่ในทรงธรรม | เขตบางกอกใหญ่
แยกราษฎร์พัฒนา | เขตราษฎร์บูรณะ,227,208,435,248,187,26,8.73076923076923,8.0,16.73076923076923,9.538461538461538,7.1923076923076925,แยกราษฎร์พัฒนา | เขตราษฎร์บูรณะ
มทร.พระนครศูนย์เทเวศร์ | เขตดุสิต,231,204,435,253,182,26,8.884615384615385,7.846153846153846,16.73076923076923,9.73076923076923,7.0,มทร.พระนครศูนย์เทเวศร์ | เขตดุสิต
วิทยาลัยอินทราชัย | เขตวังทองหลาง,241,193,434,239,195,25,9.64,7.72,17.36,9.56,7.8,วิทยาลัยอินทราชัย | เขตวังทองหลาง
SRT ยมราช | เขตราชเทวี,224,210,434,231,203,26,8.615384615384615,8.076923076923077,16.692307692307693,8.884615384615385,7.8076923076923075,SRT ยมราช | เขตราชเทวี
BTS สนามเป้า(ทางออก3) | เขตพญาไท,256,178,434,253,181,26,9.846153846153847,6.846153846153846,16.692307692307693,9.73076923076923,6.961538461538462,BTS สนามเป้า(ทางออก3) | เขตพญาไท
โรงเรียนกุนนทีรุทธารามวิทยาคม | เขตห้วยขวาง,245,189,434,212,222,12,20.416666666666668,15.75,36.166666666666664,17.666666666666668,18.5,โรงเรียนกุนนทีรุทธารามวิทยาคม | เขตห้วยขวาง
สนามหลวง2แขวงทวีวัฒนา | เขตทวีวัฒนา,225,209,434,198,236,25,9.0,8.36,17.36,7.92,9.44,สนามหลวง2แขวงทวีวัฒนา | เขตทวีวัฒนา
ไปรษณีย์ภาษีเจริญ | เขตบางแค,294,140,434,246,188,26,11.307692307692308,5.384615384615385,16.692307692307693,9.461538461538462,7.230769230769231,ไปรษณีย์ภาษีเจริญ | เขตบางแค
โรงเตรียมอุดมศึกษาพัฒนาการ | เขตสวนหลวง,278,155,433,248,185,26,10.692307692307692,5.961538461538462,16.653846153846153,9.538461538461538,7.115384615384615,โรงเตรียมอุดมศึกษาพัฒนาการ | เขตสวนหลวง
ห้องอาหารครีโอพัตรา | เขตบางเขน,200,233,433,238,195,29,6.896551724137931,8.03448275862069,14.931034482758621,8.206896551724139,6.724137931034483,ห้องอาหารครีโอพัตรา | เขตบางเขน
วัดสุทธาวาส | เขตธนบุรี,268,165,433,232,201,26,10.307692307692308,6.346153846153846,16.653846153846153,8.923076923076923,7.730769230769231,วัดสุทธาวาส | เขตธนบุรี
ซอยนวลจันทร์ 22(ขาเข้า) | เขตบึงกุ่ม,265,168,433,228,205,26,10.192307692307692,6.461538461538462,16.653846153846153,8.76923076923077,7.884615384615385,ซอยนวลจันทร์ 22(ขาเข้า) | เขตบึงกุ่ม
ศูนย์โตโยต้า(ตรงข้ามซอยวัดพุทธบูชา) | เขตจอมทอง,274,159,433,225,208,25,10.96,6.36,17.32,9.0,8.32,ศูนย์โตโยต้า(ตรงข้ามซอยวัดพุทธบูชา) | เขตจอมทอง
"แยกสุวินทวงศ์-รามคำแหง,การไฟฟ้านครหลวงเขตมีนบุรี | เขตมีนบุรี",284,149,433,251,182,28,10.142857142857142,5.321428571428571,15.464285714285714,8.964285714285714,6.5,"แยกสุวินทวงศ์-รามคำแหง,การไฟฟ้านครหลวงเขตมีนบุรี | ..."
วัดจันทร์นอก | เขตบางคอแหลม,244,189,433,240,193,26,9.384615384615385,7.269230769230769,16.653846153846153,9.23076923076923,7.423076923076923,วัดจันทร์นอก | เขตบางคอแหลม
"อาคารเลครัชดา,ตรงข้ามสวนเบญจกิตติ | เขตคลองเตย",235,197,432,271,161,25,9.4,7.88,17.28,10.84,6.44,"อาคารเลครัชดา,ตรงข้ามสวนเบญจกิตติ | เขตคลองเตย"
ซอยรามอินทรา 21 | เขตบางเขน,261,171,432,237,195,26,10.038461538461538,6.576923076923077,16.615384615384617,9.115384615384615,7.5,ซอยรามอินทรา 21 | เขตบางเขน
ตรงข้ามธนาคารไทยพาณิชย์ลาดพร้าว | เขตจตุจักร,251,181,432,227,205,26,9.653846153846153,6.961538461538462,16.615384615384617,8.73076923076923,7.884615384615385,ตรงข้ามธนาคารไทยพาณิชย์ลาดพร้าว | เขตจตุจักร
ซอยอนามัย(สุขสวัสดิ์ 32) | เขตราษฎร์บูรณะ,280,152,432,239,193,26,10.76923076923077,5.846153846153846,16.615384615384617,9.192307692307692,7.423076923076923,ซอยอนามัย(สุขสวัสดิ์ 32) | เขตราษฎร์บูรณะ
"BTSอ่อนนุช,ซอยสุขุมวิท 81 (ศิริพจน์) | เขตวัฒนา",237,195,432,231,201,24,9.875,8.125,18.0,9.625,8.375,"BTSอ่อนนุช,ซอยสุขุมวิท 81 (ศิริพจน์) | เขตวัฒนา"
ตรงข้ามหมู่บ้านบัวขาว | เขตมีนบุรี,249,183,432,238,194,25,9.96,7.32,17.28,9.52,7.76,ตรงข้ามหมู่บ้านบัวขาว | เขตมีนบุรี
มหาวิทยาลัยราชภัฏพระนคร | เขตบางเขน,236,195,431,231,200,24,9.833333333333334,8.125,17.958333333333332,9.625,8.333333333333334,มหาวิทยาลัยราชภัฏพระนคร | เขตบางเขน
ท่าน้ำภาษีเจริญ | เขตภาษีเจริญ,223,208,431,243,188,27,8.25925925925926,7.703703703703703,15.962962962962964,9.0,6.962962962962963,ท่าน้ำภาษีเจริญ | เขตภาษีเจริญ
"วัดชัยมงคล,แยกเจริญผล | เขตปทุมวัน",258,172,430,225,205,22,11.727272727272727,7.818181818181818,19.545454545454547,10.227272727272727,9.318181818181818,"วัดชัยมงคล,แยกเจริญผล | เขตปทุมวัน"
โรงเรียนเซนต์จอห์น | เขตจตุจักร,190,240,430,224,206,23,8.26086956521739,10.434782608695652,18.695652173913043,9.73913043478261,8.956521739130435,โรงเรียนเซนต์จอห์น | เขตจตุจักร
ซอยอิสรภาพ 31 | เขตบางกอกใหญ่,247,182,429,230,199,26,9.5,7.0,16.5,8.846153846153847,7.653846153846154,ซอยอิสรภาพ 31 | เขตบางกอกใหญ่
ตรงข้ามซอยโพธิ์ปั้น | เขตดินแดง,218,211,429,224,205,24,9.083333333333334,8.791666666666666,17.875,9.333333333333334,8.541666666666666,ตรงข้ามซอยโพธิ์ปั้น | เขตดินแดง
แยกท่าพระ | เขตบางกอกใหญ่,272,157,429,225,204,26,10.461538461538462,6.038461538461538,16.5,8.653846153846153,7.846153846153846,แยกท่าพระ | เขตบางกอกใหญ่
อาคารผู้โดยสาร 1 ชั้น 1 ประตู 6 | เขตดอนเมือง,180,248,428,242,186,4,45.0,62.0,107.0,60.5,46.5,อาคารผู้โดยสาร 1 ชั้น 1 ประตู 6 | เขตดอนเมือง
MRT สีลม | เขตปทุมวัน,220,208,428,229,199,22,10.0,9.454545454545455,19.454545454545453,10.409090909090908,9.045454545454545,MRT สีลม | เขตปทุมวัน
ตรงข้ามซอยจตุโชติ 12 | เขตสายไหม,259,169,428,225,203,28,9.25,6.035714285714286,15.285714285714286,8.035714285714286,7.25,ตรงข้ามซอยจตุโชติ 12 | เขตสายไหม
ซอยโชคดี | เขตคลองเตย,241,187,428,215,213,22,10.954545454545455,8.5,19.454545454545453,9.772727272727273,9.681818181818182,ซอยโชคดี | เขตคลองเตย
ศูนย์การค้ามาร์เก็ตพลัส(เขตพระโขนง) | เขตพระโขนง,198,230,428,235,193,26,7.615384615384615,8.846153846153847,16.46153846153846,9.038461538461538,7.423076923076923,ศูนย์การค้ามาร์เก็ตพลัส(เขตพระโขนง) | เขตพระโขนง
ตรงข้ามวัดสังข์กระจาย | เขตบางกอกใหญ่,227,201,428,221,207,22,10.318181818181818,9.136363636363637,19.454545454545453,10.045454545454545,9.409090909090908,ตรงข้ามวัดสังข์กระจาย | เขตบางกอกใหญ่
ตรงข้ามโรงเรียนถนอมพิศ | เขตวังทองหลาง,254,174,428,231,197,24,10.583333333333334,7.25,17.833333333333332,9.625,8.208333333333334,ตรงข้ามโรงเรียนถนอมพิศ | เขตวังทองหลาง
"ซอยพึ่งบุญ(นวมินทร์ 69),ตรงข้ามหมู่บ้านปรีชา | เขตบึงกุ่ม",256,172,428,231,197,26,9.846153846153847,6.615384615384615,16.46153846153846,8.884615384615385,7.576923076923077,"ซอยพึ่งบุญ(นวมินทร์ 69),ตรงข้ามหมู่บ้านปรีชา | เขตบ..."
สถานทูตออสเตรเลีย | เขตสาทร,240,187,427,234,193,20,12.0,9.35,21.35,11.7,9.65,สถานทูตออสเตรเลีย | เขตสาทร
กรมอู่ทหารเรือ | เขตบางกอกใหญ่,218,209,427,225,202,27,8.074074074074074,7.7407407407407405,15.814814814814815,8.333333333333334,7.481481481481482,กรมอู่ทหารเรือ | เขตบางกอกใหญ่
ตรงข้ามโรงพยาบาลหัวเฉียว | เขตป้อมปราบศัตรูพ่าย,207,220,427,214,213,21,9.857142857142858,10.476190476190476,20.333333333333332,10.19047619047619,10.142857142857142,ตรงข้ามโรงพยาบาลหัวเฉียว | เขตป้อมปราบศัตรูพ่าย
แยกเหม่งจ๋าย (ถนนประชาอุทิศขาออก) | เขตห้วยขวาง,223,204,427,228,199,25,8.92,8.16,17.08,9.12,7.96,แยกเหม่งจ๋าย (ถนนประชาอุทิศขาออก) | เขตห้วยขวาง
ตรงข้ามโรงแรมสุดาพาเลซ | เขตพญาไท,215,212,427,230,197,28,7.678571428571429,7.571428571428571,15.25,8.214285714285714,7.035714285714286,ตรงข้ามโรงแรมสุดาพาเลซ | เขตพญาไท
ตรงข้ามโรงเรียนเบญจมินทร์ | เขตบึงกุ่ม,257,170,427,228,199,23,11.173913043478262,7.391304347826087,18.565217391304348,9.91304347826087,8.652173913043478,ตรงข้ามโรงเรียนเบญจมินทร์ | เขตบึงกุ่ม
ซอยสวนสยาม 12(ซอยเก้าเเสน) | เขตคันนายาว,257,169,426,240,186,26,9.884615384615385,6.5,16.384615384615383,9.23076923076923,7.153846153846154,ซอยสวนสยาม 12(ซอยเก้าเเสน) | เขตคันนายาว
ท่าเรือตลาดเทวราช | เขตดุสิต,136,290,426,225,201,25,5.44,11.6,17.04,9.0,8.04,ท่าเรือตลาดเทวราช | เขตดุสิต
โรงเรียนนารีนิรมล(เขตพระโขนง) | เขตพระโขนง,206,220,426,230,196,26,7.923076923076923,8.461538461538462,16.384615384615383,8.846153846153847,7.538461538461538,โรงเรียนนารีนิรมล(เขตพระโขนง) | เขตพระโขนง
สวรรคโลก | เขตดุสิต,213,212,425,223,202,24,8.875,8.833333333333334,17.708333333333332,9.291666666666666,8.416666666666666,สวรรคโลก | เขตดุสิต
ตรงข้ามท่ารถสาย 92 พัฒนาการ | เขตสวนหลวง,235,190,425,234,191,25,9.4,7.6,17.0,9.36,7.64,ตรงข้ามท่ารถสาย 92 พัฒนาการ | เขตสวนหลวง
ตรงข้ามซอยแอนเนกซ์ | เขตดอนเมือง,304,121,425,244,181,30,10.133333333333333,4.033333333333333,14.166666666666666,8.133333333333333,6.033333333333333,ตรงข้ามซอยแอนเนกซ์ | เขตดอนเมือง
เทคนิคมีนบุรีตรงข้ามบิ๊กซีสุวินทวงศ์ | เขตมีนบุรี,232,193,425,232,193,28,8.285714285714286,6.892857142857143,15.178571428571429,8.285714285714286,6.892857142857143,เทคนิคมีนบุรีตรงข้ามบิ๊กซีสุวินทวงศ์ | เขตมีนบุรี
MRT พหลโยธิน | เขตจตุจักร,254,171,425,213,212,30,8.466666666666667,5.7,14.166666666666666,7.1,7.066666666666666,MRT พหลโยธิน | เขตจตุจักร
"ซอยเทอดไท 22,ตรงข้ามโรงพยาบาลเยาวรักษ์ | เขตธนบุรี",261,164,425,227,198,25,10.44,6.56,17.0,9.08,7.92,"ซอยเทอดไท 22,ตรงข้ามโรงพยาบาลเยาวรักษ์ | เขตธนบุรี"
หมู่บ้านมณียาซอย 4 | เขตบางเขน,280,144,424,245,179,21,13.333333333333334,6.857142857142857,20.19047619047619,11.666666666666666,8.523809523809524,หมู่บ้านมณียาซอย 4 | เขตบางเขน
BTS ราชดำริ(ทางออก1) | เขตปทุมวัน,239,185,424,224,200,20,11.95,9.25,21.2,11.2,10.0,BTS ราชดำริ(ทางออก1) | เขตปทุมวัน
ตลาดสดศิริชัยซอย 15 | เขตบางบอน,207,217,424,183,241,21,9.857142857142858,10.333333333333334,20.19047619047619,8.714285714285714,11.476190476190476,ตลาดสดศิริชัยซอย 15 | เขตบางบอน
ตรงข้ามซอยฟาร์มวัฒนา | เขตคลองเตย,208,215,423,222,201,26,8.0,8.26923076923077,16.26923076923077,8.538461538461538,7.730769230769231,ตรงข้ามซอยฟาร์มวัฒนา | เขตคลองเตย
กองบินตำรวจ | เขตบางเขน,269,154,423,236,187,26,10.346153846153847,5.923076923076923,16.26923076923077,9.076923076923077,7.1923076923076925,กองบินตำรวจ | เขตบางเขน
ตรงข้าม มศว.ประสานมิตร | เขตห้วยขวาง,227,196,423,244,179,25,9.08,7.84,16.92,9.76,7.16,ตรงข้าม มศว.ประสานมิตร | เขตห้วยขวาง
มหาวิทยาลัยเทคโนโลยีราชมงคลกรุงเทพ | เขตสาทร,239,183,422,211,211,22,10.863636363636363,8.318181818181818,19.181818181818183,9.590909090909092,9.590909090909092,มหาวิทยาลัยเทคโนโลยีราชมงคลกรุงเทพ | เขตสาทร
ตรงข้ามซอยประชาอุทิศ 28 | เขตทุ่งครุ,259,163,422,216,206,23,11.26086956521739,7.086956521739131,18.347826086956523,9.391304347826088,8.956521739130435,ตรงข้ามซอยประชาอุทิศ 28 | เขตทุ่งครุ
BTS พร้อมพงษ์ | เขตวัฒนา,233,189,422,201,221,12,19.416666666666668,15.75,35.166666666666664,16.75,18.416666666666668,BTS พร้อมพงษ์ | เขตวัฒนา
"ประชาราษฎร์สาย 1 ซอย 20,ตลาดบางโพ | เขตบางซื่อ",215,207,422,227,195,24,8.958333333333334,8.625,17.583333333333332,9.458333333333334,8.125,"ประชาราษฎร์สาย 1 ซอย 20,ตลาดบางโพ | เขตบางซื่อ"
"ประชาราษฎร์ 1 ซอย7/1,ตรงข้ามสถานีดับเพลิงบางโพ | เขตบางซื่อ",237,184,421,221,200,25,9.48,7.36,16.84,8.84,8.0,"ประชาราษฎร์ 1 ซอย7/1,ตรงข้ามสถานีดับเพลิงบางโพ | เข..."
เทสโก้โลตัสกัลปพฤกษ์ | เขตจอมทอง,194,227,421,218,203,25,7.76,9.08,16.84,8.72,8.12,เทสโก้โลตัสกัลปพฤกษ์ | เขตจอมทอง
ซอยสุขุมวิท 23 | เขตคลองเตย,276,145,421,203,218,13,21.23076923076923,11.153846153846153,32.38461538461539,15.615384615384615,16.76923076923077,ซอยสุขุมวิท 23 | เขตคลองเตย
ร้านอาหารเมนูเวเทอเรส | เขตลาดพร้าว,227,194,421,171,250,30,7.566666666666666,6.466666666666667,14.033333333333333,5.7,8.333333333333334,ร้านอาหารเมนูเวเทอเรส | เขตลาดพร้าว
วัดดวงแข | เขตปทุมวัน,226,195,421,227,194,20,11.3,9.75,21.05,11.35,9.7,วัดดวงแข | เขตปทุมวัน
ตรงข้ามวัดด่าน | เขตยานนาวา,195,225,420,225,195,26,7.5,8.653846153846153,16.153846153846153,8.653846153846153,7.5,ตรงข้ามวัดด่าน | เขตยานนาวา
"ตรงข้ามซอยปรีดีพนมยงค์ 30,ตรงข้ามมัสยิดอี่ดาย่าตุ้ลอิสลาม(สุเหร่าสามอิน) | เขตวัฒนา",201,219,420,221,199,24,8.375,9.125,17.5,9.208333333333334,8.291666666666666,"ตรงข้ามซอยปรีดีพนมยงค์ 30,ตรงข้ามมัสยิดอี่ดาย่าตุ้ล..."
สถานีตำรวจสุทธิสาร | เขตดินแดง,252,168,420,235,185,22,11.454545454545455,7.636363636363637,19.09090909090909,10.681818181818182,8.409090909090908,สถานีตำรวจสุทธิสาร | เขตดินแดง
ตรงข้ามโรงเรียนจรัญบริหารธุรกิจ | เขตบางกอกน้อย,218,201,419,234,185,28,7.785714285714286,7.178571428571429,14.964285714285714,8.357142857142858,6.607142857142857,ตรงข้ามโรงเรียนจรัญบริหารธุรกิจ | เขตบางกอกน้อย
ตรงข้ามบิ๊กซีกัลปพฤกษ์ | เขตภาษีเจริญ,279,139,418,223,195,24,11.625,5.791666666666667,17.416666666666668,9.291666666666666,8.125,ตรงข้ามบิ๊กซีกัลปพฤกษ์ | เขตภาษีเจริญ
ตรงข้ามธนาคารกรุงเทพ | เขตสาทร,215,203,418,216,202,27,7.962962962962963,7.518518518518518,15.481481481481481,8.0,7.481481481481482,ตรงข้ามธนาคารกรุงเทพ | เขตสาทร
อิสานตะวันแดง(ซอย 12) | เขตสวนหลวง,253,165,418,230,188,27,9.37037037037037,6.111111111111111,15.481481481481481,8.518518518518519,6.962962962962963,อิสานตะวันแดง(ซอย 12) | เขตสวนหลวง
ตรงข้ามสถานีตำรวจลุมพินี | เขตปทุมวัน,193,225,418,211,207,18,10.722222222222221,12.5,23.22222222222222,11.722222222222221,11.5,ตรงข้ามสถานีตำรวจลุมพินี | เขตปทุมวัน
โรงแรมแมนดาริน | เขตปทุมวัน,211,206,417,202,215,11,19.181818181818183,18.727272727272727,37.90909090909091,18.363636363636363,19.545454545454547,โรงแรมแมนดาริน | เขตปทุมวัน
หมู่บ้านอมรชัย 3 | เขตทวีวัฒนา,280,137,417,224,193,30,9.333333333333334,4.566666666666666,13.9,7.466666666666667,6.433333333333334,หมู่บ้านอมรชัย 3 | เขตทวีวัฒนา
ซอยจันทน์ 41 | เขตสาทร,228,189,417,223,194,19,12.0,9.947368421052632,21.94736842105263,11.736842105263158,10.210526315789474,ซอยจันทน์ 41 | เขตสาทร
ตรงข้ามวัดทุ่งครุ | เขตทุ่งครุ,279,138,417,222,195,25,11.16,5.52,16.68,8.88,7.8,ตรงข้ามวัดทุ่งครุ | เขตทุ่งครุ
แยกบรมราชชนนี | เขตบางพลัด,263,153,416,210,206,18,14.61111111111111,8.5,23.11111111111111,11.666666666666666,11.444444444444445,แยกบรมราชชนนี | เขตบางพลัด
ครัวดานัง | เขตบางเขน,246,170,416,219,197,25,9.84,6.8,16.64,8.76,7.88,ครัวดานัง | เขตบางเขน
ตรงข้ามสถานีตำรวจบางกอกใหญ่ | เขตบางกอกใหญ่,234,181,415,212,203,17,13.764705882352942,10.647058823529411,24.41176470588235,12.470588235294118,11.941176470588236,ตรงข้ามสถานีตำรวจบางกอกใหญ่ | เขตบางกอกใหญ่
กล้วยน้ำไทแสตนเลส | เขตคลองเตย,255,160,415,206,209,23,11.08695652173913,6.956521739130435,18.043478260869566,8.956521739130435,9.08695652173913,กล้วยน้ำไทแสตนเลส | เขตคลองเตย
กองสลาก | เขตพระนคร,268,147,415,220,195,21,12.761904761904763,7.0,19.761904761904763,10.476190476190476,9.285714285714286,กองสลาก | เขตพระนคร
วิลล่าคาเฟ่ | เขตห้วยขวาง,234,181,415,233,182,22,10.636363636363637,8.227272727272727,18.863636363636363,10.590909090909092,8.272727272727273,วิลล่าคาเฟ่ | เขตห้วยขวาง
แยกหัวลำโพง | เขตบางรัก,236,178,414,201,213,24,9.833333333333334,7.416666666666667,17.25,8.375,8.875,แยกหัวลำโพง | เขตบางรัก
ตรงข้ามซีคอนสแควร์ป้ายที่ 2 | เขตประเวศ,223,191,414,214,200,26,8.576923076923077,7.346153846153846,15.923076923076923,8.23076923076923,7.6923076923076925,ตรงข้ามซีคอนสแควร์ป้ายที่ 2 | เขตประเวศ
โรงแรมเพนนินซูล่า | เขตคลองสาน,219,194,413,235,178,25,8.76,7.76,16.52,9.4,7.12,โรงแรมเพนนินซูล่า | เขตคลองสาน
สะแกงาม | เขตบางขุนเทียน,296,117,413,221,192,26,11.384615384615385,4.5,15.884615384615385,8.5,7.384615384615385,สะแกงาม | เขตบางขุนเทียน
เคหะชุมชนรามคำแหง | เขตมีนบุรี,252,161,413,226,187,25,10.08,6.44,16.52,9.04,7.48,เคหะชุมชนรามคำแหง | เขตมีนบุรี
ตรงข้ามซอยเทพลีลา 8 | เขตวังทองหลาง,202,210,412,218,194,26,7.769230769230769,8.076923076923077,15.846153846153847,8.384615384615385,7.461538461538462,ตรงข้ามซอยเทพลีลา 8 | เขตวังทองหลาง
โรงเรียนอนุบาลชุติมา | เขตบางกะปิ,198,214,412,217,195,15,13.2,14.266666666666667,27.466666666666665,14.466666666666667,13.0,โรงเรียนอนุบาลชุติมา | เขตบางกะปิ
[เปลี่ยนรถ] ท่าปล่อยรถ พระราม 2 | เขตบางขุนเทียน,236,176,412,217,195,24,9.833333333333334,7.333333333333333,17.166666666666668,9.041666666666666,8.125,[เปลี่ยนรถ] ท่าปล่อยรถ พระราม 2 | เขตบางขุนเทียน
กรมปศุสัตว์ | เขตราชเทวี,221,190,411,225,186,22,10.045454545454545,8.636363636363637,18.681818181818183,10.227272727272727,8.454545454545455,กรมปศุสัตว์ | เขตราชเทวี
ตรงข้ามสถานีตำรวจพหลโยธิน | เขตจตุจักร,238,173,411,232,179,27,8.814814814814815,6.407407407407407,15.222222222222221,8.592592592592593,6.62962962962963,ตรงข้ามสถานีตำรวจพหลโยธิน | เขตจตุจักร
วัดต้นไทรย์ | เขตสวนหลวง,252,159,411,235,176,26,9.692307692307692,6.115384615384615,15.807692307692308,9.038461538461538,6.769230769230769,วัดต้นไทรย์ | เขตสวนหลวง
สำนักงานเขตลาดพร้าว | เขตลาดพร้าว,218,193,411,239,172,26,8.384615384615385,7.423076923076923,15.807692307692308,9.192307692307692,6.615384615384615,สำนักงานเขตลาดพร้าว | เขตลาดพร้าว
โรงเรียนสารวิทยา | เขตจตุจักร,193,218,411,229,182,22,8.772727272727273,9.909090909090908,18.681818181818183,10.409090909090908,8.272727272727273,โรงเรียนสารวิทยา | เขตจตุจักร
ท่าเรือสะพานประชารัฐ | เขตภาษีเจริญ,201,210,411,229,182,27,7.444444444444445,7.777777777777778,15.222222222222221,8.481481481481481,6.7407407407407405,ท่าเรือสะพานประชารัฐ | เขตภาษีเจริญ
ตรงข้ามซอยเสือใหญ่ | เขตจตุจักร,300,110,410,226,184,29,10.344827586206897,3.793103448275862,14.137931034482758,7.793103448275862,6.344827586206897,ตรงข้ามซอยเสือใหญ่ | เขตจตุจักร
ตรงข้ามตลาดดาวคะนอง | เขตธนบุรี,272,138,410,206,204,14,19.428571428571427,9.857142857142858,29.285714285714285,14.714285714285714,14.571428571428571,ตรงข้ามตลาดดาวคะนอง | เขตธนบุรี
พระราม 3 ซอย 71 | เขตยานนาวา,270,140,410,223,187,28,9.642857142857142,5.0,14.642857142857142,7.964285714285714,6.678571428571429,พระราม 3 ซอย 71 | เขตยานนาวา
ท่าราชวงศ์ | เขตสัมพันธวงศ์,197,213,410,237,173,26,7.576923076923077,8.192307692307692,15.76923076923077,9.115384615384615,6.653846153846154,ท่าราชวงศ์ | เขตสัมพันธวงศ์
ซอยโยธินพัฒนา 3 | เขตบางกะปิ,241,168,409,215,194,18,13.38888888888889,9.333333333333334,22.72222222222222,11.944444444444445,10.777777777777779,ซอยโยธินพัฒนา 3 | เขตบางกะปิ
พุทธมณฑลสาย 2 ซอย 31 | เขตทวีวัฒนา,207,202,409,221,188,26,7.961538461538462,7.769230769230769,15.73076923076923,8.5,7.230769230769231,พุทธมณฑลสาย 2 ซอย 31 | เขตทวีวัฒนา
BRT วัดดอกไม้ | เขตยานนาวา,196,213,409,242,167,31,6.32258064516129,6.870967741935484,13.193548387096774,7.806451612903226,5.387096774193548,BRT วัดดอกไม้ | เขตยานนาวา
โรงพยาบาลกว๋องสิวมูลนิธิ | เขตสัมพันธวงศ์,236,173,409,189,220,10,23.6,17.3,40.9,18.9,22.0,โรงพยาบาลกว๋องสิวมูลนิธิ | เขตสัมพันธวงศ์
ตรงข้ามเทสโก้โลตัสบางเขน | เขตบางเขน,207,201,408,235,173,26,7.961538461538462,7.730769230769231,15.692307692307692,9.038461538461538,6.653846153846154,ตรงข้ามเทสโก้โลตัสบางเขน | เขตบางเขน
วัดทองใน | เขตสวนหลวง,185,223,408,208,200,19,9.736842105263158,11.736842105263158,21.473684210526315,10.947368421052632,10.526315789473685,วัดทองใน | เขตสวนหลวง
อู่สาธุประดิษฐ์ | เขตยานนาวา,215,193,408,224,184,26,8.26923076923077,7.423076923076923,15.692307692307692,8.615384615384615,7.076923076923077,อู่สาธุประดิษฐ์ | เขตยานนาวา
สามแยกไฟฉาย | เขตบางกอกน้อย,226,182,408,220,188,24,9.416666666666666,7.583333333333333,17.0,9.166666666666666,7.833333333333333,สามแยกไฟฉาย | เขตบางกอกน้อย
หน้าเซเว่น ซอย 6 | เขตบางแค,227,181,408,240,168,25,9.08,7.24,16.32,9.6,6.72,หน้าเซเว่น ซอย 6 | เขตบางแค
ซอยเพชรเกษม 77/7 | เขตหนองแขม,250,158,408,237,171,25,10.0,6.32,16.32,9.48,6.84,ซอยเพชรเกษม 77/7 | เขตหนองแขม
ซอยลาซาล | เขตบางนา,234,174,408,229,179,20,11.7,8.7,20.4,11.45,8.95,ซอยลาซาล | เขตบางนา
ซอยสุขสม | เขตบึงกุ่ม,257,151,408,227,181,25,10.28,6.04,16.32,9.08,7.24,ซอยสุขสม | เขตบึงกุ่ม
ตรงข้ามวัดคลองใหม่ | เขตยานนาวา,216,192,408,229,179,25,8.64,7.68,16.32,9.16,7.16,ตรงข้ามวัดคลองใหม่ | เขตยานนาวา
"ซอยรามอินทรา74,หมู่บ้านรังสิยา | เขตคันนายาว",226,182,408,239,169,27,8.37037037037037,6.7407407407407405,15.11111111111111,8.851851851851851,6.2592592592592595,"ซอยรามอินทรา74,หมู่บ้านรังสิยา | เขตคันนายาว"
รร.เศรษฐบุตรบำเพ็ญ | เขตมีนบุรี,266,142,408,218,190,27,9.851851851851851,5.2592592592592595,15.11111111111111,8.074074074074074,7.037037037037037,รร.เศรษฐบุตรบำเพ็ญ | เขตมีนบุรี
รพ.เดชา | เขตราชเทวี,208,199,407,219,188,24,8.666666666666666,8.291666666666666,16.958333333333332,9.125,7.833333333333333,รพ.เดชา | เขตราชเทวี
ตรงข้ามกองบังคับการตำรวจนครบาล 7 | เขตทวีวัฒนา,255,151,406,224,182,26,9.807692307692308,5.8076923076923075,15.615384615384615,8.615384615384615,7.0,ตรงข้ามกองบังคับการตำรวจนครบาล 7 | เขตทวีวัฒนา
ก่อนถึงแยกแฟลตทุ่งครุ | เขตทุ่งครุ,278,128,406,217,189,27,10.296296296296296,4.7407407407407405,15.037037037037036,8.037037037037036,7.0,ก่อนถึงแยกแฟลตทุ่งครุ | เขตทุ่งครุ
ศูนย์กีฬากันอริ | เขตภาษีเจริญ,212,194,406,216,190,12,17.666666666666668,16.166666666666668,33.833333333333336,18.0,15.833333333333334,ศูนย์กีฬากันอริ | เขตภาษีเจริญ
คริสตจักรสะพานเหลือง | เขตบางรัก,235,171,406,218,188,24,9.791666666666666,7.125,16.916666666666668,9.083333333333334,7.833333333333333,คริสตจักรสะพานเหลือง | เขตบางรัก
วงแหวนสหกิจออยล์ | เขตบางบอน,270,136,406,232,174,26,10.384615384615385,5.230769230769231,15.615384615384615,8.923076923076923,6.6923076923076925,วงแหวนสหกิจออยล์ | เขตบางบอน
ซอยประชาอุทิศ 10 | เขตราษฎร์บูรณะ,265,141,406,223,183,23,11.521739130434783,6.130434782608695,17.652173913043477,9.695652173913043,7.956521739130435,ซอยประชาอุทิศ 10 | เขตราษฎร์บูรณะ
หมู่บ้านหลักสองนิเวศน์ | เขตบางแค,238,168,406,234,172,31,7.67741935483871,5.419354838709677,13.096774193548388,7.548387096774194,5.548387096774194,หมู่บ้านหลักสองนิเวศน์ | เขตบางแค
ซอยรัชดาภิเษก 5 | เขตธนบุรี,219,186,405,236,169,24,9.125,7.75,16.875,9.833333333333334,7.041666666666667,ซอยรัชดาภิเษก 5 | เขตธนบุรี
สำนักปู่สวรรค์ | เขตบางแค,226,178,404,226,178,23,9.826086956521738,7.739130434782608,17.565217391304348,9.826086956521738,7.739130434782608,สำนักปู่สวรรค์ | เขตบางแค
BTS ทองหล่อ(ทางออก 2/4) | เขตคลองเตย,185,219,404,211,193,24,7.708333333333333,9.125,16.833333333333332,8.791666666666666,8.041666666666666,BTS ทองหล่อ(ทางออก 2/4) | เขตคลองเตย
ท่าปล่อยรถ MRT ศูนย์วัฒนธรรมฯ | เขตห้วยขวาง,136,268,404,215,189,25,5.44,10.72,16.16,8.6,7.56,ท่าปล่อยรถ MRT ศูนย์วัฒนธรรมฯ | เขตห้วยขวาง
หมู่บ้านรัดดารมย์ | เขตบึงกุ่ม,175,228,403,205,198,25,7.0,9.12,16.12,8.2,7.92,หมู่บ้านรัดดารมย์ | เขตบึงกุ่ม
สนามหลวง(ม.ธรรมศาสตร์) | เขตพระนคร,204,198,402,200,202,22,9.272727272727273,9.0,18.272727272727273,9.090909090909092,9.181818181818182,สนามหลวง(ม.ธรรมศาสตร์) | เขตพระนคร
หมู่บ้านเคหะนคร3ตรงข้ามโลตัส | เขตสวนหลวง,254,148,402,225,177,25,10.16,5.92,16.08,9.0,7.08,หมู่บ้านเคหะนคร3ตรงข้ามโลตัส | เขตสวนหลวง
วรจักร | เขตป้อมปราบศัตรูพ่าย,220,182,402,215,187,27,8.148148148148149,6.7407407407407405,14.88888888888889,7.962962962962963,6.925925925925926,วรจักร | เขตป้อมปราบศัตรูพ่าย
ตลาดสวนพลู(พระพินิจ) | เขตสาทร,209,192,401,199,202,20,10.45,9.6,20.05,9.95,10.1,ตลาดสวนพลู(พระพินิจ) | เขตสาทร
ซอยเฉลิมพระเกียรติ 2 ก่อนแยกอุดมสุข | เขตประเวศ,218,182,400,227,173,26,8.384615384615385,7.0,15.384615384615385,8.73076923076923,6.653846153846154,ซอยเฉลิมพระเกียรติ 2 ก่อนแยกอุดมสุข | เขตประเวศ
สถาบันราชานุกูล | เขตดินแดง,224,176,400,232,168,29,7.724137931034483,6.068965517241379,13.793103448275861,8.0,5.793103448275862,สถาบันราชานุกูล | เขตดินแดง
หมู่บ้านกลางเมือง | เขตลาดพร้าว,230,170,400,224,176,26,8.846153846153847,6.538461538461538,15.384615384615385,8.615384615384615,6.769230769230769,หมู่บ้านกลางเมือง | เขตลาดพร้าว
รามอินทรา 117 | เขตมีนบุรี,233,167,400,233,167,26,8.961538461538462,6.423076923076923,15.384615384615385,8.961538461538462,6.423076923076923,รามอินทรา 117 | เขตมีนบุรี
หมู่บ้านธนะสิน(นวมินทร์ 68) | เขตบึงกุ่ม,248,151,399,211,188,27,9.185185185185185,5.592592592592593,14.777777777777779,7.814814814814815,6.962962962962963,หมู่บ้านธนะสิน(นวมินทร์ 68) | เขตบึงกุ่ม
ซอยอิสรภาพ 22 | เขตธนบุรี,236,163,399,207,192,17,13.882352941176471,9.588235294117647,23.470588235294116,12.176470588235293,11.294117647058824,ซอยอิสรภาพ 22 | เขตธนบุรี
หมู่บ้านพระปิ่น 2(บรมราชชนนี 70) | เขตทวีวัฒนา,310,89,399,216,183,30,10.333333333333334,2.966666666666667,13.3,7.2,6.1,หมู่บ้านพระปิ่น 2(บรมราชชนนี 70) | เขตทวีวัฒนา
ซอยนวลจันทร์ 11 | เขตบึงกุ่ม,178,221,399,226,173,27,6.592592592592593,8.185185185185185,14.777777777777779,8.37037037037037,6.407407407407407,ซอยนวลจันทร์ 11 | เขตบึงกุ่ม
"โรงเรียนดอนเมืองทหารอากาศบำรุง,สถานีตำรวจดอนเมือง | เขตดอนเมือง",231,167,398,212,186,23,10.043478260869565,7.260869565217392,17.304347826086957,9.217391304347826,8.08695652173913,"โรงเรียนดอนเมืองทหารอากาศบำรุง,สถานีตำรวจดอนเมือง |..."
อู่บางเขน | เขตบางเขน,152,246,398,213,185,24,6.333333333333333,10.25,16.583333333333332,8.875,7.708333333333333,อู่บางเขน | เขตบางเขน
MRT หัวลำโพง | เขตบางรัก,210,188,398,198,200,12,17.5,15.666666666666666,33.166666666666664,16.5,16.666666666666668,MRT หัวลำโพง | เขตบางรัก
ซอยนางลิ้นจี่ 2 | เขตสาทร,233,165,398,202,196,23,10.130434782608695,7.173913043478261,17.304347826086957,8.782608695652174,8.521739130434783,ซอยนางลิ้นจี่ 2 | เขตสาทร
ตรงข้ามสำนักงานเขตวังทองหลาง | เขตวังทองหลาง,181,217,398,214,184,26,6.961538461538462,8.346153846153847,15.307692307692308,8.23076923076923,7.076923076923077,ตรงข้ามสำนักงานเขตวังทองหลาง | เขตวังทองหลาง
ซอยประดิพัทธ์ 1 | เขตพญาไท,239,158,397,224,173,27,8.851851851851851,5.851851851851852,14.703703703703704,8.296296296296296,6.407407407407407,ซอยประดิพัทธ์ 1 | เขตพญาไท
ซอยอ่อนนุช 76 | เขตประเวศ,261,136,397,227,170,27,9.666666666666666,5.037037037037037,14.703703703703704,8.407407407407407,6.296296296296297,ซอยอ่อนนุช 76 | เขตประเวศ
ตรงข้ามเดอะคลิสตัล | เขตบางกะปิ,238,159,397,198,199,21,11.333333333333334,7.571428571428571,18.904761904761905,9.428571428571429,9.476190476190476,ตรงข้ามเดอะคลิสตัล | เขตบางกะปิ
ซอยพหลโยธิน 49/2 | เขตบางเขน,259,138,397,219,178,27,9.592592592592593,5.111111111111111,14.703703703703704,8.11111111111111,6.592592592592593,ซอยพหลโยธิน 49/2 | เขตบางเขน
ซอยมาตานุสรณ์ | เขตบางคอแหลม,233,163,396,219,177,25,9.32,6.52,15.84,8.76,7.08,ซอยมาตานุสรณ์ | เขตบางคอแหลม
โรงพยาบาลพญาไท 2 | เขตพญาไท,207,189,396,236,160,25,8.28,7.56,15.84,9.44,6.4,โรงพยาบาลพญาไท 2 | เขตพญาไท
แยกเพชรเกษม-สาย2(ขาเข้า) | เขตบางแค,261,135,396,229,167,25,10.44,5.4,15.84,9.16,6.68,แยกเพชรเกษม-สาย2(ขาเข้า) | เขตบางแค
ท่าบางหว้า | เขตภาษีเจริญ,162,234,396,202,194,22,7.363636363636363,10.636363636363637,18.0,9.181818181818182,8.818181818181818,ท่าบางหว้า | เขตภาษีเจริญ
แยกมไหสวรรย์ | เขตธนบุรี,200,196,396,207,189,25,8.0,7.84,15.84,8.28,7.56,แยกมไหสวรรย์ | เขตธนบุรี
การบินไทย(สำนักงานใหญ่) | เขตจตุจักร,196,200,396,275,121,28,7.0,7.142857142857143,14.142857142857142,9.821428571428571,4.321428571428571,การบินไทย(สำนักงานใหญ่) | เขตจตุจักร
"ซอยปรีดีพนมยงค์ 19,ตรงข้ามโรงพยาบาลพัฒนเวช | เขตวัฒนา",237,158,395,205,190,21,11.285714285714286,7.523809523809524,18.80952380952381,9.761904761904763,9.047619047619047,"ซอยปรีดีพนมยงค์ 19,ตรงข้ามโรงพยาบาลพัฒนเวช | เขตวัฒ..."
SC ปาร์ค | เขตวังทองหลาง,204,191,395,227,168,27,7.555555555555555,7.074074074074074,14.62962962962963,8.407407407407407,6.222222222222222,SC ปาร์ค | เขตวังทองหลาง
ตรงข้ามTOTสำนักงานใหญ่ | เขตหลักสี่,272,122,394,224,170,26,10.461538461538462,4.6923076923076925,15.153846153846153,8.615384615384615,6.538461538461538,ตรงข้ามTOTสำนักงานใหญ่ | เขตหลักสี่
วัดลาดกระบัง(วัด 3) | เขตลาดกระบัง,244,150,394,221,173,25,9.76,6.0,15.76,8.84,6.92,วัดลาดกระบัง(วัด 3) | เขตลาดกระบัง
บางลำพู(บ้านพานถม) | เขตพระนคร,198,196,394,211,183,24,8.25,8.166666666666666,16.416666666666668,8.791666666666666,7.625,บางลำพู(บ้านพานถม) | เขตพระนคร
แฟลตสามเสน | เขตพญาไท,182,212,394,212,182,27,6.7407407407407405,7.851851851851852,14.592592592592593,7.851851851851852,6.7407407407407405,แฟลตสามเสน | เขตพญาไท
โรงพยาบาลบางบอน | เขตบางบอน,227,166,393,211,182,24,9.458333333333334,6.916666666666667,16.375,8.791666666666666,7.583333333333333,โรงพยาบาลบางบอน | เขตบางบอน
กรมทหารราบที่11(ประตู2) | เขตบางเขน,207,186,393,212,181,22,9.409090909090908,8.454545454545455,17.863636363636363,9.636363636363637,8.227272727272727,กรมทหารราบที่11(ประตู2) | เขตบางเขน
ตรงข้ามหมู่บ้านเพชรวงแหวน | เขตบางบอน,276,116,392,225,167,28,9.857142857142858,4.142857142857143,14.0,8.035714285714286,5.964285714285714,ตรงข้ามหมู่บ้านเพชรวงแหวน | เขตบางบอน
สภากาชาดไทย | เขตปทุมวัน,220,172,392,212,180,24,9.166666666666666,7.166666666666667,16.333333333333332,8.833333333333334,7.5,สภากาชาดไทย | เขตปทุมวัน
ร้านอาหารวันวาน ถนนราชพฤกษ์ | เขตภาษีเจริญ,179,213,392,211,181,27,6.62962962962963,7.888888888888889,14.518518518518519,7.814814814814815,6.703703703703703,ร้านอาหารวันวาน ถนนราชพฤกษ์ | เขตภาษีเจริญ
วัดพระยาไกร | เขตบางคอแหลม,212,180,392,203,189,21,10.095238095238095,8.571428571428571,18.666666666666668,9.666666666666666,9.0,วัดพระยาไกร | เขตบางคอแหลม
ตรงข้ามโรงเรียนจินดาวิทย์ | เขตคลองเตย,195,197,392,196,196,21,9.285714285714286,9.380952380952381,18.666666666666668,9.333333333333334,9.333333333333334,ตรงข้ามโรงเรียนจินดาวิทย์ | เขตคลองเตย
"อุรุพงษ์,โคลีเซียม (ถนนเพชรบุรีขาออก) | เขตราชเทวี",183,208,391,217,174,24,7.625,8.666666666666666,16.291666666666668,9.041666666666666,7.25,"อุรุพงษ์,โคลีเซียม (ถนนเพชรบุรีขาออก) | เขตราชเทวี"
สะพานใหม่ตรงข้ามตลาดยิ่งเจริญ | เขตสายไหม,185,206,391,200,191,18,10.277777777777779,11.444444444444445,21.72222222222222,11.11111111111111,10.61111111111111,สะพานใหม่ตรงข้ามตลาดยิ่งเจริญ | เขตสายไหม
สถาบันเนติบัณฑิตยสภา | เขตตลิ่งชัน,278,112,390,218,172,31,8.96774193548387,3.6129032258064515,12.580645161290322,7.032258064516129,5.548387096774194,สถาบันเนติบัณฑิตยสภา | เขตตลิ่งชัน
กรมป่าไม้ | เขตจตุจักร,209,181,390,245,145,24,8.708333333333334,7.541666666666667,16.25,10.208333333333334,6.041666666666667,กรมป่าไม้ | เขตจตุจักร
ท่าร.ร.วิจิตร | เขตวัฒนา,133,257,390,206,184,23,5.782608695652174,11.173913043478262,16.956521739130434,8.956521739130435,8.0,ท่าร.ร.วิจิตร | เขตวัฒนา
"ตรงข้ามวัดน้อย,ตรงข้ามซอยวงศ์สว่าง 15 | เขตบางซื่อ",231,159,390,210,180,23,10.043478260869565,6.913043478260869,16.956521739130434,9.130434782608695,7.826086956521739,"ตรงข้ามวัดน้อย,ตรงข้ามซอยวงศ์สว่าง 15 | เขตบางซื่อ"
หน่วยบัญชาการรักษาดินแดน | เขตพระนคร,180,209,389,180,209,24,7.5,8.708333333333334,16.208333333333332,7.5,8.708333333333334,หน่วยบัญชาการรักษาดินแดน | เขตพระนคร
โรงเรียนอนุบาลชุติมา | เขตสวนหลวง,184,205,389,204,185,18,10.222222222222221,11.38888888888889,21.61111111111111,11.333333333333334,10.277777777777779,โรงเรียนอนุบาลชุติมา | เขตสวนหลวง
โรงเรียนบดินทรเดชา(สิงห์สิงหเสนี) 2 | เขตบึงกุ่ม,180,209,389,193,196,23,7.826086956521739,9.08695652173913,16.91304347826087,8.391304347826088,8.521739130434783,โรงเรียนบดินทรเดชา(สิงห์สิงหเสนี) 2 | เขตบึงกุ่ม
สำนักงานไปรษณีย์บางขุนนนท์(ซอยมิตรประสิทธิ์) | เขตบางกอกน้อย,202,187,389,227,162,27,7.481481481481482,6.925925925925926,14.407407407407407,8.407407407407407,6.0,สำนักงานไปรษณีย์บางขุนนนท์(ซอยมิตรประสิทธิ์) | เขตบ...
ท่าวัดบางน้ำผึ้งนอก (ข้ามฟาก) | เขตพระโขนง,117,272,389,202,187,28,4.178571428571429,9.714285714285714,13.892857142857142,7.214285714285714,6.678571428571429,ท่าวัดบางน้ำผึ้งนอก (ข้ามฟาก) | เขตพระโขนง
แยกสะพานเหลือง [ขาออก] | เขตปทุมวัน,214,174,388,194,194,21,10.19047619047619,8.285714285714286,18.476190476190474,9.238095238095237,9.238095238095237,แยกสะพานเหลือง [ขาออก] | เขตปทุมวัน
ข้ามแยกเกษตร | เขตจตุจักร,219,169,388,215,173,26,8.423076923076923,6.5,14.923076923076923,8.26923076923077,6.653846153846154,ข้ามแยกเกษตร | เขตจตุจักร
กรมโยธาธิการและผังเมือง | เขตพญาไท,235,153,388,219,169,25,9.4,6.12,15.52,8.76,6.76,กรมโยธาธิการและผังเมือง | เขตพญาไท
ดิอัพพระราม 3 | เขตยานนาวา,180,208,388,208,180,24,7.5,8.666666666666666,16.166666666666668,8.666666666666666,7.5,ดิอัพพระราม 3 | เขตยานนาวา
วัดโพธิ์แก้ว | เขตจอมทอง,212,176,388,214,174,24,8.833333333333334,7.333333333333333,16.166666666666668,8.916666666666666,7.25,วัดโพธิ์แก้ว | เขตจอมทอง
แยกลาดกระบัง-ฉลองกรุง(ถนนฉลองกรุงขาเข้า) | เขตลาดกระบัง,212,176,388,204,184,23,9.217391304347826,7.6521739130434785,16.869565217391305,8.869565217391305,8.0,แยกลาดกระบัง-ฉลองกรุง(ถนนฉลองกรุงขาเข้า) | เขตลาดกร...
ตรงข้ามบิ๊กซีรัชดาภิเษก | เขตห้วยขวาง,222,165,387,170,217,7,31.714285714285715,23.571428571428573,55.285714285714285,24.285714285714285,31.0,ตรงข้ามบิ๊กซีรัชดาภิเษก | เขตห้วยขวาง
ซอยนราธิวาสราชนครินทร์ 4 | เขตสาทร,217,170,387,202,185,21,10.333333333333334,8.095238095238095,18.428571428571427,9.619047619047619,8.80952380952381,ซอยนราธิวาสราชนครินทร์ 4 | เขตสาทร
ตรงข้ามสำนักงานเลขาธิการ | เขตพญาไท,210,177,387,218,169,22,9.545454545454545,8.045454545454545,17.59090909090909,9.909090909090908,7.681818181818182,ตรงข้ามสำนักงานเลขาธิการ | เขตพญาไท
"โรงเรียนขจรโรจน์,ซอยประชาอุทิศ 33 | เขตราษฎร์บูรณะ",265,121,386,208,178,24,11.041666666666666,5.041666666666667,16.083333333333332,8.666666666666666,7.416666666666667,"โรงเรียนขจรโรจน์,ซอยประชาอุทิศ 33 | เขตราษฎร์บูรณะ"
ปั๊มปตท.ซอยโรจนมิน | เขตวังทองหลาง,225,161,386,218,168,23,9.782608695652174,7.0,16.782608695652176,9.478260869565217,7.304347826086956,ปั๊มปตท.ซอยโรจนมิน | เขตวังทองหลาง
โรงแก้ว | เขตธนบุรี,222,164,386,197,189,23,9.652173913043478,7.130434782608695,16.782608695652176,8.565217391304348,8.217391304347826,โรงแก้ว | เขตธนบุรี
วชิรธรรมสาธิต(ตรงข้ามสุขุมวิท 101/1) | เขตพระโขนง,175,211,386,208,178,22,7.954545454545454,9.590909090909092,17.545454545454547,9.454545454545455,8.090909090909092,วชิรธรรมสาธิต(ตรงข้ามสุขุมวิท 101/1) | เขตพระโขนง
บิ๊กซีสะพานใหม่ | เขตสายไหม,243,143,386,190,196,7,34.714285714285715,20.428571428571427,55.142857142857146,27.142857142857142,28.0,บิ๊กซีสะพานใหม่ | เขตสายไหม
เจริญเมือง | เขตปทุมวัน,182,203,385,205,180,17,10.705882352941176,11.941176470588236,22.647058823529413,12.058823529411764,10.588235294117647,เจริญเมือง | เขตปทุมวัน
ซอยสะพานขวา | เขตบางซื่อ,211,174,385,199,186,22,9.590909090909092,7.909090909090909,17.5,9.045454545454545,8.454545454545455,ซอยสะพานขวา | เขตบางซื่อ
จุฬาลงกรณ์ 11 | เขตปทุมวัน,209,176,385,197,188,14,14.928571428571429,12.571428571428571,27.5,14.071428571428571,13.428571428571429,จุฬาลงกรณ์ 11 | เขตปทุมวัน
ตรงข้ามโรงพยาบาลเวชธานี | เขตบางกะปิ,222,162,384,214,170,24,9.25,6.75,16.0,8.916666666666666,7.083333333333333,ตรงข้ามโรงพยาบาลเวชธานี | เขตบางกะปิ
ปากทางลาดพร้าว-วิภาวดีรังสิต | เขตจตุจักร,218,165,383,192,191,21,10.380952380952381,7.857142857142857,18.238095238095237,9.142857142857142,9.095238095238095,ปากทางลาดพร้าว-วิภาวดีรังสิต | เขตจตุจักร
หมู่บ้านเพชรเกษม 3 | เขตบางแค,241,142,383,229,154,25,9.64,5.68,15.32,9.16,6.16,หมู่บ้านเพชรเกษม 3 | เขตบางแค
ซอยรามอินทรา 65 | เขตคันนายาว,240,143,383,201,182,19,12.631578947368421,7.526315789473684,20.157894736842106,10.578947368421053,9.578947368421053,ซอยรามอินทรา 65 | เขตคันนายาว
ตรงข้ามจราจรกลาง | เขตพระนคร,195,187,382,198,184,21,9.285714285714286,8.904761904761905,18.19047619047619,9.428571428571429,8.761904761904763,ตรงข้ามจราจรกลาง | เขตพระนคร
โรงพยาบาลกล้วยน้ำไท 2 | เขตบางนา,225,157,382,203,179,24,9.375,6.541666666666667,15.916666666666666,8.458333333333334,7.458333333333333,โรงพยาบาลกล้วยน้ำไท 2 | เขตบางนา
ยูเอ็มทาวน์เวอร์คลองตัน | เขตสวนหลวง,225,157,382,231,151,27,8.333333333333334,5.814814814814815,14.148148148148149,8.555555555555555,5.592592592592593,ยูเอ็มทาวน์เวอร์คลองตัน | เขตสวนหลวง
บ้านตะเกียงดาว (พุทธมณฑลสาย 1 ซอย 9) | เขตภาษีเจริญ,231,150,381,196,185,24,9.625,6.25,15.875,8.166666666666666,7.708333333333333,บ้านตะเกียงดาว (พุทธมณฑลสาย 1 ซอย 9) | เขตภาษีเจริญ
"ไทยธนาคาร,ศูนย์มิตซู | เขตบางรัก",183,198,381,182,199,18,10.166666666666666,11.0,21.166666666666668,10.11111111111111,11.055555555555555,"ไทยธนาคาร,ศูนย์มิตซู | เขตบางรัก"
"ซอยลาดพร้าว 114,โรงเรียนบางกอกศึกษา | เขตวังทองหลาง",215,166,381,205,176,24,8.958333333333334,6.916666666666667,15.875,8.541666666666666,7.333333333333333,"ซอยลาดพร้าว 114,โรงเรียนบางกอกศึกษา | เขตวังทองหลาง"
แยกกรุงธนบุรี | เขตคลองสาน,203,178,381,211,170,22,9.227272727272727,8.090909090909092,17.318181818181817,9.590909090909092,7.7272727272727275,แยกกรุงธนบุรี | เขตคลองสาน
"บริษัทซีเมนต์ไทย,ตรงข้ามปั๊มน้ำมันปตท | เขตบางซื่อ",261,120,381,203,178,24,10.875,5.0,15.875,8.458333333333334,7.416666666666667,"บริษัทซีเมนต์ไทย,ตรงข้ามปั๊มน้ำมันปตท | เขตบางซื่อ"
สโมสรทหารบก | เขตพญาไท,212,169,381,218,163,25,8.48,6.76,15.24,8.72,6.52,สโมสรทหารบก | เขตพญาไท
เรือนทองนิเวศน์ | เขตคันนายาว,242,139,381,207,174,27,8.962962962962964,5.148148148148148,14.11111111111111,7.666666666666667,6.444444444444445,เรือนทองนิเวศน์ | เขตคันนายาว
แยกบางบอน3(ขาเข้า) | เขตบางบอน,274,107,381,207,174,26,10.538461538461538,4.115384615384615,14.653846153846153,7.961538461538462,6.6923076923076925,แยกบางบอน3(ขาเข้า) | เขตบางบอน
แยกสาทร(สมเด็จพระเจ้าตากสิน6) | เขตธนบุรี,181,199,380,185,195,20,9.05,9.95,19.0,9.25,9.75,แยกสาทร(สมเด็จพระเจ้าตากสิน6) | เขตธนบุรี
ซอยอิสรภาพ 33 | เขตบางกอกใหญ่,226,154,380,214,166,25,9.04,6.16,15.2,8.56,6.64,ซอยอิสรภาพ 33 | เขตบางกอกใหญ่
อัมพวัน | เขตดุสิต,190,190,380,199,181,23,8.26086956521739,8.26086956521739,16.52173913043478,8.652173913043478,7.869565217391305,อัมพวัน | เขตดุสิต
โรงแรมศราวิสุทธ | เขตพระนคร,178,202,380,184,196,23,7.739130434782608,8.782608695652174,16.52173913043478,8.0,8.521739130434783,โรงแรมศราวิสุทธ | เขตพระนคร
ซอยเทียนทะเล 17 | เขตบางขุนเทียน,227,153,380,219,161,27,8.407407407407407,5.666666666666667,14.074074074074074,8.11111111111111,5.962962962962963,ซอยเทียนทะเล 17 | เขตบางขุนเทียน
ตรงข้ามหมู่บ้านสหกรณ์ | เขตคันนายาว,221,159,380,200,180,24,9.208333333333334,6.625,15.833333333333334,8.333333333333334,7.5,ตรงข้ามหมู่บ้านสหกรณ์ | เขตคันนายาว
"ฟู้ดแลนด์ซูเปอร์มาร์เก็ต,วัดเพลง | เขตบางกอกน้อย",191,189,380,213,167,25,7.64,7.56,15.2,8.52,6.68,"ฟู้ดแลนด์ซูเปอร์มาร์เก็ต,วัดเพลง | เขตบางกอกน้อย"
ซอยทิพย์ธัญญา | เขตยานนาวา,187,193,380,196,184,19,9.842105263157896,10.157894736842104,20.0,10.31578947368421,9.68421052631579,ซอยทิพย์ธัญญา | เขตยานนาวา
ตลาดโบ้เบ้(ซอยไพศาลศิลป์) | เขตป้อมปราบศัตรูพ่าย,192,187,379,172,207,13,14.76923076923077,14.384615384615385,29.153846153846153,13.23076923076923,15.923076923076923,ตลาดโบ้เบ้(ซอยไพศาลศิลป์) | เขตป้อมปราบศัตรูพ่าย
ซอยสุขุมวิท 40(ยูเนสโก้) | เขตคลองเตย,212,167,379,194,185,23,9.217391304347826,7.260869565217392,16.47826086956522,8.434782608695652,8.043478260869565,ซอยสุขุมวิท 40(ยูเนสโก้) | เขตคลองเตย
ตรงข้ามซอยอ่อนนุช 58 | เขตสวนหลวง,183,196,379,203,176,22,8.318181818181818,8.909090909090908,17.227272727272727,9.227272727272727,8.0,ตรงข้ามซอยอ่อนนุช 58 | เขตสวนหลวง
"ศูนย์มานุษยวิทยาสิรินธร,ซอยบรมราชชนนี 45 | เขตตลิ่งชัน",217,162,379,219,160,21,10.333333333333334,7.714285714285714,18.047619047619047,10.428571428571429,7.619047619047619,"ศูนย์มานุษยวิทยาสิรินธร,ซอยบรมราชชนนี 45 | เขตตลิ่ง..."
"บริษัทโตโยต้า,ซอยวิภาวดี 46 | เขตจตุจักร",220,159,379,210,169,23,9.565217391304348,6.913043478260869,16.47826086956522,9.130434782608695,7.3478260869565215,"บริษัทโตโยต้า,ซอยวิภาวดี 46 | เขตจตุจักร"
BTS อโศก | เขตคลองเตย,193,186,379,177,202,13,14.846153846153847,14.307692307692308,29.153846153846153,13.615384615384615,15.538461538461538,BTS อโศก | เขตคลองเตย
ศูนย์บริการมิชซูบิชิ | เขตตลิ่งชัน,242,137,379,205,174,21,11.523809523809524,6.523809523809524,18.047619047619047,9.761904761904763,8.285714285714286,ศูนย์บริการมิชซูบิชิ | เขตตลิ่งชัน
"แยกเพลินจิต,อาคารมหาทุนพลาซ่า | เขตปทุมวัน",197,181,378,202,176,23,8.565217391304348,7.869565217391305,16.434782608695652,8.782608695652174,7.6521739130434785,"แยกเพลินจิต,อาคารมหาทุนพลาซ่า | เขตปทุมวัน"
ตรงข้ามตั้งตรงจิตรพณิชยการ | เขตพระนคร,196,182,378,187,191,22,8.909090909090908,8.272727272727273,17.181818181818183,8.5,8.681818181818182,ตรงข้ามตั้งตรงจิตรพณิชยการ | เขตพระนคร
สะพานพุทธ | เขตพระนคร,226,152,378,195,183,23,9.826086956521738,6.608695652173913,16.434782608695652,8.478260869565217,7.956521739130435,สะพานพุทธ | เขตพระนคร
แยกบางขุนพรหม | เขตพระนคร,208,170,378,228,150,26,8.0,6.538461538461538,14.538461538461538,8.76923076923077,5.769230769230769,แยกบางขุนพรหม | เขตพระนคร
ครูหวี 2 | เขตยานนาวา,218,160,378,260,118,29,7.517241379310345,5.517241379310345,13.03448275862069,8.96551724137931,4.068965517241379,ครูหวี 2 | เขตยานนาวา
โรงเรียนวิชูทิศ | เขตดินแดง,186,191,377,199,178,21,8.857142857142858,9.095238095238095,17.952380952380953,9.476190476190476,8.476190476190476,โรงเรียนวิชูทิศ | เขตดินแดง
แสงทองผ้าใบ | เขตวังทองหลาง,205,172,377,199,178,24,8.541666666666666,7.166666666666667,15.708333333333334,8.291666666666666,7.416666666666667,แสงทองผ้าใบ | เขตวังทองหลาง
เลียบคลองทวีวัฒนา | เขตหนองแขม,209,168,377,207,170,25,8.36,6.72,15.08,8.28,6.8,เลียบคลองทวีวัฒนา | เขตหนองแขม
ซอยนวมินทร์ 10 | เขตบางกะปิ,191,186,377,187,190,22,8.681818181818182,8.454545454545455,17.136363636363637,8.5,8.636363636363637,ซอยนวมินทร์ 10 | เขตบางกะปิ
ตรงข้ามหมู่บ้านสวัสดิการทหารบก | เขตบางเขน,227,150,377,210,167,23,9.869565217391305,6.521739130434782,16.391304347826086,9.130434782608695,7.260869565217392,ตรงข้ามหมู่บ้านสวัสดิการทหารบก | เขตบางเขน
หมู่บ้านบางมดแลนด์ | เขตทุ่งครุ,215,162,377,215,162,24,8.958333333333334,6.75,15.708333333333334,8.958333333333334,6.75,หมู่บ้านบางมดแลนด์ | เขตทุ่งครุ
สถานเอกอัครราชทูตอังกฤษ | เขตปทุมวัน,192,185,377,186,191,20,9.6,9.25,18.85,9.3,9.55,สถานเอกอัครราชทูตอังกฤษ | เขตปทุมวัน
ท่าปล่อยรถ สนามหลวง (53L 59 503) | เขตพระนคร,190,187,377,171,206,21,9.047619047619047,8.904761904761905,17.952380952380953,8.142857142857142,9.80952380952381,ท่าปล่อยรถ สนามหลวง (53L 59 503) | เขตพระนคร
เคหะชุมชนบางชัน | เขตมีนบุรี,217,159,376,210,166,22,9.863636363636363,7.2272727272727275,17.09090909090909,9.545454545454545,7.545454545454546,เคหะชุมชนบางชัน | เขตมีนบุรี
ซอยเพชรเกษม 38 | เขตภาษีเจริญ,219,157,376,209,167,25,8.76,6.28,15.04,8.36,6.68,ซอยเพชรเกษม 38 | เขตภาษีเจริญ
โรงเรียนสุรศักดิ์มนตรี | เขตดินแดง,194,182,376,208,168,22,8.818181818181818,8.272727272727273,17.09090909090909,9.454545454545455,7.636363636363637,โรงเรียนสุรศักดิ์มนตรี | เขตดินแดง
ชอยสาธุประดิษฐ์ 44 | เขตยานนาวา,198,177,375,194,181,23,8.608695652173912,7.695652173913044,16.304347826086957,8.434782608695652,7.869565217391305,ชอยสาธุประดิษฐ์ 44 | เขตยานนาวา
ซอยนวมินทร์ 89 | เขตบึงกุ่ม,231,144,375,216,159,25,9.24,5.76,15.0,8.64,6.36,ซอยนวมินทร์ 89 | เขตบึงกุ่ม
ประกันสังคมนวมินทร์ 56 | เขตบึงกุ่ม,231,143,374,203,171,21,11.0,6.809523809523809,17.80952380952381,9.666666666666666,8.142857142857142,ประกันสังคมนวมินทร์ 56 | เขตบึงกุ่ม
ตลาดคลอง 2 ซอย 6 ตรงข้ามหมู่บ้านวรางกูล | เขตคลองสามวา,242,132,374,206,168,27,8.962962962962964,4.888888888888889,13.851851851851851,7.62962962962963,6.222222222222222,ตลาดคลอง 2 ซอย 6 ตรงข้ามหมู่บ้านวรางกูล | เขตคลองสา...
กวงกลการ | เขตคลองเตย,167,207,374,206,168,25,6.68,8.28,14.96,8.24,6.72,กวงกลการ | เขตคลองเตย
เคหะนวมินทร์ | เขตบึงกุ่ม,215,158,373,220,153,25,8.6,6.32,14.92,8.8,6.12,เคหะนวมินทร์ | เขตบึงกุ่ม
สะพานปลา | เขตสาทร,174,199,373,210,163,26,6.6923076923076925,7.653846153846154,14.346153846153847,8.076923076923077,6.269230769230769,สะพานปลา | เขตสาทร
ซอยเพชรเกษม 45/1 | เขตบางแค,207,166,373,225,148,23,9.0,7.217391304347826,16.217391304347824,9.782608695652174,6.434782608695652,ซอยเพชรเกษม 45/1 | เขตบางแค
SRT บางเขน | เขตจตุจักร,175,197,372,199,173,18,9.722222222222221,10.944444444444445,20.666666666666668,11.055555555555555,9.61111111111111,SRT บางเขน | เขตจตุจักร
ซอยบ้านช่างหล่อ | เขตบางกอกน้อย,194,178,372,207,165,20,9.7,8.9,18.6,10.35,8.25,ซอยบ้านช่างหล่อ | เขตบางกอกน้อย
ซอยเจียรสวัสดิ์ | เขตคลองเตย,164,208,372,199,173,27,6.074074074074074,7.703703703703703,13.777777777777779,7.37037037037037,6.407407407407407,ซอยเจียรสวัสดิ์ | เขตคลองเตย
MRT บางไผ่ | เขตภาษีเจริญ,201,170,371,204,167,14,14.357142857142858,12.142857142857142,26.5,14.571428571428571,11.928571428571429,MRT บางไผ่ | เขตภาษีเจริญ
ตรงข้ามศาลขุนด่านเจ้าพ่อเสือ | เขตภาษีเจริญ,202,169,371,199,172,23,8.782608695652174,7.3478260869565215,16.130434782608695,8.652173913043478,7.478260869565218,ตรงข้ามศาลขุนด่านเจ้าพ่อเสือ | เขตภาษีเจริญ
ตรงข้ามวัดราชสิงขร | เขตบางคอแหลม,205,166,371,203,168,23,8.91304347826087,7.217391304347826,16.130434782608695,8.826086956521738,7.304347826086956,ตรงข้ามวัดราชสิงขร | เขตบางคอแหลม
คลินิคศูนย์แพทย์พัฒนา | เขตวังทองหลาง,208,163,371,204,167,26,8.0,6.269230769230769,14.26923076923077,7.846153846153846,6.423076923076923,คลินิคศูนย์แพทย์พัฒนา | เขตวังทองหลาง
"สถานฑูตลาว,ตรงข้ามจัสโก้พระโขนง | เขตวัฒนา",219,152,371,192,179,25,8.76,6.08,14.84,7.68,7.16,"สถานฑูตลาว,ตรงข้ามจัสโก้พระโขนง | เขตวัฒนา"
ตรงข้ามสตรีวิทยา 2 | เขตลาดพร้าว,215,156,371,202,169,22,9.772727272727273,7.090909090909091,16.863636363636363,9.181818181818182,7.681818181818182,ตรงข้ามสตรีวิทยา 2 | เขตลาดพร้าว
โรงเรียนวัดชิโนรส | เขตบางกอกน้อย,192,179,371,205,166,22,8.727272727272727,8.136363636363637,16.863636363636363,9.318181818181818,7.545454545454546,โรงเรียนวัดชิโนรส | เขตบางกอกน้อย
ตรงข้ามโลตัสเลียบทางด่วนรามอินทรา | เขตลาดพร้าว,222,148,370,179,191,20,11.1,7.4,18.5,8.95,9.55,ตรงข้ามโลตัสเลียบทางด่วนรามอินทรา | เขตลาดพร้าว
แยกทองหล่อเหนือ(ขาออก) | เขตห้วยขวาง,205,165,370,190,180,23,8.91304347826087,7.173913043478261,16.08695652173913,8.26086956521739,7.826086956521739,แยกทองหล่อเหนือ(ขาออก) | เขตห้วยขวาง
สวนจตุจักร(ฝั่งวิภาวดี) | เขตจตุจักร,246,124,370,211,159,25,9.84,4.96,14.8,8.44,6.36,สวนจตุจักร(ฝั่งวิภาวดี) | เขตจตุจักร
ตรงข้ามซอยจรัญสนิทวงศ์ 96/2 | เขตบางพลัด,236,134,370,199,171,19,12.421052631578947,7.052631578947368,19.473684210526315,10.473684210526315,9.0,ตรงข้ามซอยจรัญสนิทวงศ์ 96/2 | เขตบางพลัด
ฟาร์มรุ่งรักษ์ | เขตหนองแขม,225,145,370,200,170,25,9.0,5.8,14.8,8.0,6.8,ฟาร์มรุ่งรักษ์ | เขตหนองแขม
ซอยประชาอุทิศ 76 | เขตทุ่งครุ,248,121,369,211,158,26,9.538461538461538,4.653846153846154,14.192307692307692,8.115384615384615,6.076923076923077,ซอยประชาอุทิศ 76 | เขตทุ่งครุ
"แยกมีนบุรี,ซอยตะเกียง | เขตมีนบุรี",207,162,369,197,172,20,10.35,8.1,18.45,9.85,8.6,"แยกมีนบุรี,ซอยตะเกียง | เขตมีนบุรี"
สนามฝึกซ้อมสอนขับรถโรงเรียนสะพานมอญ | เขตธนบุรี,219,150,369,200,169,24,9.125,6.25,15.375,8.333333333333334,7.041666666666667,สนามฝึกซ้อมสอนขับรถโรงเรียนสะพานมอญ | เขตธนบุรี
BRT เจริญราฎร์ | เขตบางคอแหลม,238,131,369,211,158,26,9.153846153846153,5.038461538461538,14.192307692307692,8.115384615384615,6.076923076923077,BRT เจริญราฎร์ | เขตบางคอแหลม
ท่าราชวรดิษฐ์ | เขตพระนคร,180,189,369,210,159,25,7.2,7.56,14.76,8.4,6.36,ท่าราชวรดิษฐ์ | เขตพระนคร
ตรงข้ามวัดบางปะกอก | เขตราษฎร์บูรณะ,209,160,369,194,175,20,10.45,8.0,18.45,9.7,8.75,ตรงข้ามวัดบางปะกอก | เขตราษฎร์บูรณะ
ศูนย์อีซูซุพัฒนาการ | เขตสวนหลวง,199,170,369,200,169,23,8.652173913043478,7.391304347826087,16.043478260869566,8.695652173913043,7.3478260869565215,ศูนย์อีซูซุพัฒนาการ | เขตสวนหลวง
วัดมหาพฤฒาราม | เขตบางรัก,182,187,369,193,176,21,8.666666666666666,8.904761904761905,17.571428571428573,9.19047619047619,8.380952380952381,วัดมหาพฤฒาราม | เขตบางรัก
ตลาดโบ้เบ้(ซอยไพศาลศิลป์) | เขตปทุมวัน,196,173,369,177,192,12,16.333333333333332,14.416666666666666,30.75,14.75,16.0,ตลาดโบ้เบ้(ซอยไพศาลศิลป์) | เขตปทุมวัน
สำนักผังเมือง | เขตห้วยขวาง,221,147,368,207,161,23,9.608695652173912,6.391304347826087,16.0,9.0,7.0,สำนักผังเมือง | เขตห้วยขวาง
"ซอยรัชดาภิเษก 39,ศิริชัยไก่ย่าง | เขตบางซื่อ",195,173,368,195,173,26,7.5,6.653846153846154,14.153846153846153,7.5,6.653846153846154,"ซอยรัชดาภิเษก 39,ศิริชัยไก่ย่าง | เขตบางซื่อ"
สถานีรถไฟบางบอน | เขตบางบอน,211,157,368,191,177,23,9.173913043478262,6.826086956521739,16.0,8.304347826086957,7.695652173913044,สถานีรถไฟบางบอน | เขตบางบอน
การเคหะแห่งชาติคลองจั่น | เขตบางกะปิ,217,151,368,199,169,26,8.346153846153847,5.8076923076923075,14.153846153846153,7.653846153846154,6.5,การเคหะแห่งชาติคลองจั่น | เขตบางกะปิ
แยกสุขุมวิท-อโศก(ซอยคาวบอย) | เขตคลองเตย,216,152,368,191,177,12,18.0,12.666666666666666,30.666666666666668,15.916666666666666,14.75,แยกสุขุมวิท-อโศก(ซอยคาวบอย) | เขตคลองเตย
"หมู่บ้านการ์เด้นโฮม,ตรงข้ามซอย 39 | เขตดอนเมือง",227,141,368,205,163,19,11.947368421052632,7.421052631578948,19.36842105263158,10.789473684210526,8.578947368421053,"หมู่บ้านการ์เด้นโฮม,ตรงข้ามซอย 39 | เขตดอนเมือง"
ประกันสังคมซอยนวลจันทร์ 1 | เขตบึงกุ่ม,216,152,368,190,178,24,9.0,6.333333333333333,15.333333333333334,7.916666666666667,7.416666666666667,ประกันสังคมซอยนวลจันทร์ 1 | เขตบึงกุ่ม
"เสริมมิตร,ตรงข้ามซอยเพชรเกษม 25/1 | เขตภาษีเจริญ",228,140,368,199,169,18,12.666666666666666,7.777777777777778,20.444444444444443,11.055555555555555,9.38888888888889,"เสริมมิตร,ตรงข้ามซอยเพชรเกษม 25/1 | เขตภาษีเจริญ"
"ตรงข้ามซอยวงศ์สว่าง 4,ซอยยิ้มประยูร | เขตบางซื่อ",155,212,367,178,189,16,9.6875,13.25,22.9375,11.125,11.8125,"ตรงข้ามซอยวงศ์สว่าง 4,ซอยยิ้มประยูร | เขตบางซื่อ"
เคหะรามอินทรา กม.4 | เขตบางเขน,239,128,367,201,166,24,9.958333333333334,5.333333333333333,15.291666666666666,8.375,6.916666666666667,เคหะรามอินทรา กม.4 | เขตบางเขน
ตรงข้ามกรมยุทธบริการ(ขาออก) | เขตบางซื่อ,187,180,367,203,164,23,8.130434782608695,7.826086956521739,15.956521739130435,8.826086956521738,7.130434782608695,ตรงข้ามกรมยุทธบริการ(ขาออก) | เขตบางซื่อ
ตรงข้ามศาลเจ้าแซ่ซิ้ม | เขตธนบุรี,208,158,366,193,173,24,8.666666666666666,6.583333333333333,15.25,8.041666666666666,7.208333333333333,ตรงข้ามศาลเจ้าแซ่ซิ้ม | เขตธนบุรี
ราชพฤกษ์ ซอย 13 | เขตตลิ่งชัน,216,150,366,216,150,24,9.0,6.25,15.25,9.0,6.25,ราชพฤกษ์ ซอย 13 | เขตตลิ่งชัน
"""สถานีดับเพลิงห้วยขวาง | เขตดินแดง",159,207,366,57,59,2,79.5,103.5,183.0,28.5,29.5,"""สถานีดับเพลิงห้วยขวาง | เขตดินแดง"
ตรงข้ามโรงเรียนอำนวย | เขตดินแดง,201,165,366,205,161,28,7.178571428571429,5.892857142857143,13.071428571428571,7.321428571428571,5.75,ตรงข้ามโรงเรียนอำนวย | เขตดินแดง
ตรงข้ามศูนย์อีซูซุพัฒนาการ | เขตสวนหลวง,174,191,365,188,177,21,8.285714285714286,9.095238095238095,17.38095238095238,8.952380952380953,8.428571428571429,ตรงข้ามศูนย์อีซูซุพัฒนาการ | เขตสวนหลวง
โรงเรียนบางแคเหนือ | เขตบางแค,183,182,365,196,169,23,7.956521739130435,7.913043478260869,15.869565217391305,8.521739130434783,7.3478260869565215,โรงเรียนบางแคเหนือ | เขตบางแค
บางปะแก้วตรงข้ามซอยสุขสวัสดิ์ | เขตราษฎร์บูรณะ,227,138,365,190,175,14,16.214285714285715,9.857142857142858,26.071428571428573,13.571428571428571,12.5,บางปะแก้วตรงข้ามซอยสุขสวัสดิ์ | เขตราษฎร์บูรณะ
เมโทร | เขตราชเทวี,201,164,365,205,160,20,10.05,8.2,18.25,10.25,8.0,เมโทร | เขตราชเทวี
สนามหลวง(ตรงข้ามศาลฎีกา) ป้ายที่ 1 | เขตพระนคร,235,130,365,184,181,26,9.038461538461538,5.0,14.038461538461538,7.076923076923077,6.961538461538462,สนามหลวง(ตรงข้ามศาลฎีกา) ป้ายที่ 1 | เขตพระนคร
สถานีตำรวจลาดกระบัง | เขตลาดกระบัง,226,138,364,208,156,24,9.416666666666666,5.75,15.166666666666666,8.666666666666666,6.5,สถานีตำรวจลาดกระบัง | เขตลาดกระบัง
ใต้ทางด่วนสาธุประดิษฐ์ | เขตยานนาวา,185,179,364,182,182,16,11.5625,11.1875,22.75,11.375,11.375,ใต้ทางด่วนสาธุประดิษฐ์ | เขตยานนาวา
ซอยพิชัย4 | เขตดุสิต,208,156,364,195,169,20,10.4,7.8,18.2,9.75,8.45,ซอยพิชัย4 | เขตดุสิต
สำนักงานเขตลาดกระบัง | เขตลาดกระบัง,222,141,363,198,165,20,11.1,7.05,18.15,9.9,8.25,สำนักงานเขตลาดกระบัง | เขตลาดกระบัง
ท่าวัดสุวรรณ (ข้ามฟาก) | เขตคลองสาน,177,186,363,202,161,26,6.8076923076923075,7.153846153846154,13.961538461538462,7.769230769230769,6.1923076923076925,ท่าวัดสุวรรณ (ข้ามฟาก) | เขตคลองสาน
ซอยเอกชัย 10/1 | เขตจอมทอง,228,135,363,200,163,25,9.12,5.4,14.52,8.0,6.52,ซอยเอกชัย 10/1 | เขตจอมทอง
"MRT รัชดาฯ,โอลิมเปีย | เขตห้วยขวาง",148,215,363,198,165,20,7.4,10.75,18.15,9.9,8.25,"MRT รัชดาฯ,โอลิมเปีย | เขตห้วยขวาง"
ตรงข้ามสำนักงานเขตลาดพร้าว | เขตลาดพร้าว,184,179,363,207,156,23,8.0,7.782608695652174,15.782608695652174,9.0,6.782608695652174,ตรงข้ามสำนักงานเขตลาดพร้าว | เขตลาดพร้าว
แยกลำสาลี(รามคำแหง95) | เขตบางกะปิ,224,138,362,199,163,24,9.333333333333334,5.75,15.083333333333334,8.291666666666666,6.791666666666667,แยกลำสาลี(รามคำแหง95) | เขตบางกะปิ
ไปรษณีย์บางแค | เขตภาษีเจริญ,183,179,362,194,168,23,7.956521739130435,7.782608695652174,15.73913043478261,8.434782608695652,7.304347826086956,ไปรษณีย์บางแค | เขตภาษีเจริญ
บิ๊กซี กัลปพฤกษ์ | เขตบางบอน,199,163,362,199,163,24,8.291666666666666,6.791666666666667,15.083333333333334,8.291666666666666,6.791666666666667,บิ๊กซี กัลปพฤกษ์ | เขตบางบอน
ศูนย์บริการสาธารณสุข 28 | เขตคลองสาน,180,182,362,216,146,24,7.5,7.583333333333333,15.083333333333334,9.0,6.083333333333333,ศูนย์บริการสาธารณสุข 28 | เขตคลองสาน
ตรงข้ามวัดนาคนิมิตร | เขตจอมทอง,215,146,361,181,180,14,15.357142857142858,10.428571428571429,25.785714285714285,12.928571428571429,12.857142857142858,ตรงข้ามวัดนาคนิมิตร | เขตจอมทอง
สหกรณ์ 4 | เขตลาดพร้าว,185,176,361,198,163,22,8.409090909090908,8.0,16.40909090909091,9.0,7.409090909090909,สหกรณ์ 4 | เขตลาดพร้าว
กระทรวงอุตสาหกรรม | เขตราชเทวี,189,172,361,265,96,25,7.56,6.88,14.44,10.6,3.84,กระทรวงอุตสาหกรรม | เขตราชเทวี
ลาดปลาเค้า(ถนนประเสริฐมนูกิจขาออก) | เขตลาดพร้าว,184,177,361,189,172,25,7.36,7.08,14.44,7.56,6.88,ลาดปลาเค้า(ถนนประเสริฐมนูกิจขาออก) | เขตลาดพร้าว
สเตเดี่ยม วัน | เขตปทุมวัน,200,161,361,175,186,24,8.333333333333334,6.708333333333333,15.041666666666666,7.291666666666667,7.75,สเตเดี่ยม วัน | เขตปทุมวัน
ท่าเรือวัดนิมมานรดี | เขตภาษีเจริญ,156,205,361,199,162,24,6.5,8.541666666666666,15.041666666666666,8.291666666666666,6.75,ท่าเรือวัดนิมมานรดี | เขตภาษีเจริญ
ตรงข้ามกรมสรรพสามิต | เขตดุสิต,185,176,361,211,150,18,10.277777777777779,9.777777777777779,20.055555555555557,11.722222222222221,8.333333333333334,ตรงข้ามกรมสรรพสามิต | เขตดุสิต
"ซอยเสรีไทย 62,ตรงข้ามธนาคารกรุงไทยสาขาบางชัน | เขตมีนบุรี",178,183,361,196,165,21,8.476190476190476,8.714285714285714,17.19047619047619,9.333333333333334,7.857142857142857,"ซอยเสรีไทย 62,ตรงข้ามธนาคารกรุงไทยสาขาบางชัน | เขตม..."
ป้อมตำรวจสุทธิสาร(ถนนประชาสุขขาออก) | เขตดินแดง,167,193,360,187,173,25,6.68,7.72,14.4,7.48,6.92,ป้อมตำรวจสุทธิสาร(ถนนประชาสุขขาออก) | เขตดินแดง
พระยายัง | เขตปทุมวัน,182,178,360,178,182,10,18.2,17.8,36.0,17.8,18.2,พระยายัง | เขตปทุมวัน
โรงพยาบาลสมเด็จเจ้าพระยา(ฝั่งลาดหญ้า) | เขตคลองสาน,178,182,360,201,159,23,7.739130434782608,7.913043478260869,15.652173913043478,8.73913043478261,6.913043478260869,โรงพยาบาลสมเด็จเจ้าพระยา(ฝั่งลาดหญ้า) | เขตคลองสาน
โรงเรียนศิลปวัฒนา | เขตบางคอแหลม,215,145,360,191,169,20,10.75,7.25,18.0,9.55,8.45,โรงเรียนศิลปวัฒนา | เขตบางคอแหลม
หน้าอู่บางเขน | เขตบางเขน,228,131,359,194,165,21,10.857142857142858,6.238095238095238,17.095238095238095,9.238095238095237,7.857142857142857,หน้าอู่บางเขน | เขตบางเขน
ตรงข้ามโรงเรียนปัญจทรัพย์ | เขตห้วยขวาง,192,167,359,177,182,22,8.727272727272727,7.590909090909091,16.318181818181817,8.045454545454545,8.272727272727273,ตรงข้ามโรงเรียนปัญจทรัพย์ | เขตห้วยขวาง
ตรงข้ามโรงเรียนนวมินทร์(สิงห์สิงหเสนีย์) | เขตบึงกุ่ม,205,154,359,203,156,24,8.541666666666666,6.416666666666667,14.958333333333334,8.458333333333334,6.5,ตรงข้ามโรงเรียนนวมินทร์(สิงห์สิงหเสนีย์) | เขตบึงกุ...
มหาวิทยาลัยราชภัฏวไลยอลงกรณ์ฯศูนย์กรุงเทพฯ | เขตราชเทวี,179,180,359,206,153,23,7.782608695652174,7.826086956521739,15.608695652173912,8.956521739130435,6.6521739130434785,มหาวิทยาลัยราชภัฏวไลยอลงกรณ์ฯศูนย์กรุงเทพฯ | เขตราช...
วัดบึงทองหลาง | เขตบางกะปิ,213,145,358,205,153,24,8.875,6.041666666666667,14.916666666666666,8.541666666666666,6.375,วัดบึงทองหลาง | เขตบางกะปิ
ตรงข้ามห้างธัญญาพาร์ค(หมู่บ้านกลางเมือง) | เขตสวนหลวง,229,128,357,212,145,26,8.807692307692308,4.923076923076923,13.73076923076923,8.153846153846153,5.576923076923077,ตรงข้ามห้างธัญญาพาร์ค(หมู่บ้านกลางเมือง) | เขตสวนหล...
ส.เดอะสตาร์ คาร์แคร์ | เขตภาษีเจริญ,230,127,357,194,163,25,9.2,5.08,14.28,7.76,6.52,ส.เดอะสตาร์ คาร์แคร์ | เขตภาษีเจริญ
ตรงข้ามเมโทรพาร์คสาทร | เขตภาษีเจริญ,166,191,357,216,141,26,6.384615384615385,7.346153846153846,13.73076923076923,8.307692307692308,5.423076923076923,ตรงข้ามเมโทรพาร์คสาทร | เขตภาษีเจริญ
MRT เพชรเกษม 48 | เขตภาษีเจริญ,207,149,356,206,150,23,9.0,6.478260869565218,15.478260869565217,8.956521739130435,6.521739130434782,MRT เพชรเกษม 48 | เขตภาษีเจริญ
ซอยวัฒนา | เขตบางกอกน้อย,182,174,356,187,169,20,9.1,8.7,17.8,9.35,8.45,ซอยวัฒนา | เขตบางกอกน้อย
หมู่บ้านผาสุกนิเวศน์ | เขตประเวศ,240,116,356,200,156,26,9.23076923076923,4.461538461538462,13.692307692307692,7.6923076923076925,6.0,หมู่บ้านผาสุกนิเวศน์ | เขตประเวศ
ตรงข้ามวัดหนัง | เขตจอมทอง,219,137,356,200,156,19,11.526315789473685,7.2105263157894735,18.736842105263158,10.526315789473685,8.210526315789474,ตรงข้ามวัดหนัง | เขตจอมทอง
"ดับเพลิงบางซ่อน,แยกวงศ์สว่าง,เขตวงศ์สว่าง | เขตบางซื่อ",178,178,356,203,153,22,8.090909090909092,8.090909090909092,16.181818181818183,9.227272727272727,6.954545454545454,"ดับเพลิงบางซ่อน,แยกวงศ์สว่าง,เขตวงศ์สว่าง | เขตบางซ..."
ธนาคารกรุงไทยสาขาห้วยขวาง | เขตดินแดง,194,162,356,187,169,18,10.777777777777779,9.0,19.77777777777778,10.38888888888889,9.38888888888889,ธนาคารกรุงไทยสาขาห้วยขวาง | เขตดินแดง
แยกวัดสิงห์(ถนนกัลปพฤกษ์ขาเข้า) | เขตจอมทอง,219,137,356,203,153,18,12.166666666666666,7.611111111111111,19.77777777777778,11.277777777777779,8.5,แยกวัดสิงห์(ถนนกัลปพฤกษ์ขาเข้า) | เขตจอมทอง
กรมทหารปืนใหญ่ต่อสู่อากาศยานที่1 | เขตหลักสี่,223,133,356,249,107,24,9.291666666666666,5.541666666666667,14.833333333333334,10.375,4.458333333333333,กรมทหารปืนใหญ่ต่อสู่อากาศยานที่1 | เขตหลักสี่
ซอยเด็กกรำพร้า | เขตราษฎร์บูรณะ,231,125,356,208,148,24,9.625,5.208333333333333,14.833333333333334,8.666666666666666,6.166666666666667,ซอยเด็กกรำพร้า | เขตราษฎร์บูรณะ
ตลาดบางกะปิ(ซอยลาดพร้าว 127) | เขตบางกะปิ,175,180,355,207,148,28,6.25,6.428571428571429,12.678571428571429,7.392857142857143,5.285714285714286,ตลาดบางกะปิ(ซอยลาดพร้าว 127) | เขตบางกะปิ
ซอยเอกชัย 16 | เขตจอมทอง,230,125,355,210,145,25,9.2,5.0,14.2,8.4,5.8,ซอยเอกชัย 16 | เขตจอมทอง
ครัวตะนุ | เขตบางกะปิ,243,112,355,185,170,24,10.125,4.666666666666667,14.791666666666666,7.708333333333333,7.083333333333333,ครัวตะนุ | เขตบางกะปิ
มหาวิทยาลัยศิลปากร | เขตพระนคร,174,180,354,179,175,13,13.384615384615385,13.846153846153847,27.23076923076923,13.76923076923077,13.461538461538462,มหาวิทยาลัยศิลปากร | เขตพระนคร
วัดอมาศรี(สามกุฏิ) | เขตบางพลัด,202,152,354,204,150,21,9.619047619047619,7.238095238095238,16.857142857142858,9.714285714285714,7.142857142857143,วัดอมาศรี(สามกุฏิ) | เขตบางพลัด
ตรงข้ามสวนเบญจศิริ | เขตวัฒนา,180,174,354,162,192,14,12.857142857142858,12.428571428571429,25.285714285714285,11.571428571428571,13.714285714285714,ตรงข้ามสวนเบญจศิริ | เขตวัฒนา
ตรงข้ามวัดบางบอน | เขตบางบอน,208,146,354,189,165,22,9.454545454545455,6.636363636363637,16.09090909090909,8.590909090909092,7.5,ตรงข้ามวัดบางบอน | เขตบางบอน
"ครัวสมร,บริษัทขนส่ง ถนนบางแวก | เขตบางแค",218,135,353,192,161,25,8.72,5.4,14.12,7.68,6.44,"ครัวสมร,บริษัทขนส่ง ถนนบางแวก | เขตบางแค"
ไปรษณีย์ห้วยขวาง (ถนนเทียมร่วมมิตรขาเข้า) | เขตห้วยขวาง,162,191,353,185,168,25,6.48,7.64,14.12,7.4,6.72,ไปรษณีย์ห้วยขวาง (ถนนเทียมร่วมมิตรขาเข้า) | เขตห้วย...
พุทธมณฑลสาย 1 ซอย 11 | เขตภาษีเจริญ,196,157,353,193,160,23,8.521739130434783,6.826086956521739,15.347826086956522,8.391304347826088,6.956521739130435,พุทธมณฑลสาย 1 ซอย 11 | เขตภาษีเจริญ
ตรงข้ามสนามม้านางเลิ้ง | เขตดุสิต,185,168,353,197,156,22,8.409090909090908,7.636363636363637,16.045454545454547,8.954545454545455,7.090909090909091,ตรงข้ามสนามม้านางเลิ้ง | เขตดุสิต
"ซอยหมู่บ้านออคิดวิลล่า,ร้านโคมไฟ | เขตวังทองหลาง",162,191,353,190,163,24,6.75,7.958333333333333,14.708333333333334,7.916666666666667,6.791666666666667,"ซอยหมู่บ้านออคิดวิลล่า,ร้านโคมไฟ | เขตวังทองหลาง"
BTS อโศก | เขตวัฒนา,188,165,353,170,183,11,17.09090909090909,15.0,32.09090909090909,15.454545454545455,16.636363636363637,BTS อโศก | เขตวัฒนา
ศูนย์พัฒนากีฬากองทัพบก สนามกอล์ | เขตบางเขน,244,109,353,204,149,26,9.384615384615385,4.1923076923076925,13.576923076923077,7.846153846153846,5.730769230769231,ศูนย์พัฒนากีฬากองทัพบก สนามกอล์ | เขตบางเขน
วชิรธรรมสาธิต(สุขุมวิท 101/1) | เขตบางนา,187,165,352,165,187,7,26.714285714285715,23.571428571428573,50.285714285714285,23.571428571428573,26.714285714285715,วชิรธรรมสาธิต(สุขุมวิท 101/1) | เขตบางนา
โรงเรียนเทพศิรินทร์ร่มเกล้า | เขตลาดกระบัง,215,137,352,224,128,24,8.958333333333334,5.708333333333333,14.666666666666666,9.333333333333334,5.333333333333333,โรงเรียนเทพศิรินทร์ร่มเกล้า | เขตลาดกระบัง
ตรงข้ามโรงพยาบาลเมโย | เขตจตุจักร,211,141,352,179,173,22,9.590909090909092,6.409090909090909,16.0,8.136363636363637,7.863636363636363,ตรงข้ามโรงพยาบาลเมโย | เขตจตุจักร
แยกอรุณอัมรินทร์ | เขตบางกอกน้อย,182,169,351,186,165,17,10.705882352941176,9.941176470588236,20.647058823529413,10.941176470588236,9.705882352941176,แยกอรุณอัมรินทร์ | เขตบางกอกน้อย
ตรงข้ามโรงเรียนกุลศิริบริหารธุรกิจและเทคโนโลยีกรุงเทพฯ | เขตคลองสาน,214,137,351,189,162,23,9.304347826086957,5.956521739130435,15.26086956521739,8.217391304347826,7.043478260869565,ตรงข้ามโรงเรียนกุลศิริบริหารธุรกิจและเทคโนโลยีกรุงเ...
อมรชัย 4 | เขตบางขุนเทียน,250,101,351,179,172,26,9.615384615384615,3.8846153846153846,13.5,6.884615384615385,6.615384615384615,อมรชัย 4 | เขตบางขุนเทียน
เคหะรามอินทรา | เขตคันนายาว,159,192,351,200,151,24,6.625,8.0,14.625,8.333333333333334,6.291666666666667,เคหะรามอินทรา | เขตคันนายาว
มหาวิทยาลัยราชภัฎสวนดุสิตแยกการเรือน | เขตดุสิต,162,188,350,187,163,25,6.48,7.52,14.0,7.48,6.52,มหาวิทยาลัยราชภัฎสวนดุสิตแยกการเรือน | เขตดุสิต
ซอยมัยลาภ(ถนนประเสริฐมนูกิจขาเข้า) | เขตลาดพร้าว,217,132,349,170,179,24,9.041666666666666,5.5,14.541666666666666,7.083333333333333,7.458333333333333,ซอยมัยลาภ(ถนนประเสริฐมนูกิจขาเข้า) | เขตลาดพร้าว
ซอยหมู่บ้านลลิลวิลล์ | เขตบางบอน,222,127,349,181,168,22,10.090909090909092,5.7727272727272725,15.863636363636363,8.227272727272727,7.636363636363637,ซอยหมู่บ้านลลิลวิลล์ | เขตบางบอน
ซอยอ่อนนุช 82/1 | เขตประเวศ,231,118,349,190,159,24,9.625,4.916666666666667,14.541666666666666,7.916666666666667,6.625,ซอยอ่อนนุช 82/1 | เขตประเวศ
ซอยอิสรภาพ 17/1 | เขตธนบุรี,185,163,348,197,151,24,7.708333333333333,6.791666666666667,14.5,8.208333333333334,6.291666666666667,ซอยอิสรภาพ 17/1 | เขตธนบุรี
สนามม้าปทุมวัน | เขตปทุมวัน,148,200,348,160,188,20,7.4,10.0,17.4,8.0,9.4,สนามม้าปทุมวัน | เขตปทุมวัน
"ตรงข้ามประชานฤมิตร,ตรงข้ามธนาคารกสิกรไทย | เขตบางซื่อ",199,148,347,190,157,22,9.045454545454545,6.7272727272727275,15.772727272727273,8.636363636363637,7.136363636363637,"ตรงข้ามประชานฤมิตร,ตรงข้ามธนาคารกสิกรไทย | เขตบางซื..."
เจ้าพระยา 2 นวดแผนโบราณ | เขตราชเทวี,176,171,347,194,153,20,8.8,8.55,17.35,9.7,7.65,เจ้าพระยา 2 นวดแผนโบราณ | เขตราชเทวี
MRT สามยอด | เขตพระนคร,196,151,347,175,172,19,10.31578947368421,7.947368421052632,18.263157894736842,9.210526315789474,9.052631578947368,MRT สามยอด | เขตพระนคร
"ซอยพหลโยธิน 2,ซอยกาญจนาคม | เขตพญาไท",180,166,346,209,137,21,8.571428571428571,7.904761904761905,16.476190476190474,9.952380952380953,6.523809523809524,"ซอยพหลโยธิน 2,ซอยกาญจนาคม | เขตพญาไท"
ตรงข้ามนิคมรถไฟ กม.11 | เขตจตุจักร,179,167,346,191,155,22,8.136363636363637,7.590909090909091,15.727272727272727,8.681818181818182,7.045454545454546,ตรงข้ามนิคมรถไฟ กม.11 | เขตจตุจักร
แยกบุคคโล(สำนักงานร.ป.ภ.) | เขตธนบุรี,211,135,346,197,149,23,9.173913043478262,5.869565217391305,15.043478260869565,8.565217391304348,6.478260869565218,แยกบุคคโล(สำนักงานร.ป.ภ.) | เขตธนบุรี
โรงแรมเอวาน่า | เขตบางนา,173,173,346,178,168,21,8.238095238095237,8.238095238095237,16.476190476190474,8.476190476190476,8.0,โรงแรมเอวาน่า | เขตบางนา
โรงเรียนสทราวดี(ซอยศาลาต้นจันทร์) | เขตบางกอกน้อย,210,136,346,189,157,14,15.0,9.714285714285714,24.714285714285715,13.5,11.214285714285714,โรงเรียนสทราวดี(ซอยศาลาต้นจันทร์) | เขตบางกอกน้อย
"ซอยลาดพร้าว 67,ตรงข้ามซอยลาดพร้าว 80 | เขตวังทองหลาง",210,135,345,194,151,23,9.130434782608695,5.869565217391305,15.0,8.434782608695652,6.565217391304348,"ซอยลาดพร้าว 67,ตรงข้ามซอยลาดพร้าว 80 | เขตวังทองหลาง"
ซอยศรีบูรพา 15 | เขตบางกะปิ,193,152,345,185,160,21,9.19047619047619,7.238095238095238,16.428571428571427,8.80952380952381,7.619047619047619,ซอยศรีบูรพา 15 | เขตบางกะปิ
ซอยจริญสนิทวงศ์ 65(ซอยร่วม) | เขตบางพลัด,171,174,345,190,155,22,7.7727272727272725,7.909090909090909,15.681818181818182,8.636363636363637,7.045454545454546,ซอยจริญสนิทวงศ์ 65(ซอยร่วม) | เขตบางพลัด
แยกประเวศ | เขตประเวศ,162,183,345,190,155,22,7.363636363636363,8.318181818181818,15.681818181818182,8.636363636363637,7.045454545454546,แยกประเวศ | เขตประเวศ
ศรีย่าน | เขตดุสิต,210,134,344,187,157,25,8.4,5.36,13.76,7.48,6.28,ศรีย่าน | เขตดุสิต
วัดปากน้ำกระโจมทอง | เขตตลิ่งชัน,229,115,344,187,157,27,8.481481481481481,4.2592592592592595,12.74074074074074,6.925925925925926,5.814814814814815,วัดปากน้ำกระโจมทอง | เขตตลิ่งชัน
ตรงข้ามแม็คโครสาทร | เขตสาทร,181,163,344,180,164,23,7.869565217391305,7.086956521739131,14.956521739130435,7.826086956521739,7.130434782608695,ตรงข้ามแม็คโครสาทร | เขตสาทร
ซอยเพชรเกษม 108 | เขตหนองแขม,223,121,344,196,148,25,8.92,4.84,13.76,7.84,5.92,ซอยเพชรเกษม 108 | เขตหนองแขม
วัดชำนิหัตถการ | เขตปทุมวัน,188,155,343,204,139,21,8.952380952380953,7.380952380952381,16.333333333333332,9.714285714285714,6.619047619047619,วัดชำนิหัตถการ | เขตปทุมวัน
ถนนอัศวพิเชษฐ์ | เขตตลิ่งชัน,218,125,343,190,153,25,8.72,5.0,13.72,7.6,6.12,ถนนอัศวพิเชษฐ์ | เขตตลิ่งชัน
ซอยลาดปลาเค้า 24 แยก 3 | เขตลาดพร้าว,184,159,343,185,158,21,8.761904761904763,7.571428571428571,16.333333333333332,8.80952380952381,7.523809523809524,ซอยลาดปลาเค้า 24 แยก 3 | เขตลาดพร้าว
ตรงข้ามสนามมวยลุมพินีรามอินทรา | เขตบางเขน,215,128,343,195,148,26,8.26923076923077,4.923076923076923,13.192307692307692,7.5,5.6923076923076925,ตรงข้ามสนามมวยลุมพินีรามอินทรา | เขตบางเขน
ตรงข้ามซอยประชาอุทิศ 22 | เขตราษฎร์บูรณะ,199,143,342,172,170,20,9.95,7.15,17.1,8.6,8.5,ตรงข้ามซอยประชาอุทิศ 22 | เขตราษฎร์บูรณะ
สถานีตำตรวจคูคต | เขตสายไหม,136,206,342,196,146,26,5.230769230769231,7.923076923076923,13.153846153846153,7.538461538461538,5.615384615384615,สถานีตำตรวจคูคต | เขตสายไหม
ตรงข้ามเซ็นทรัลรามอินทรา | เขตบางเขน,222,120,342,178,164,22,10.090909090909092,5.454545454545454,15.545454545454545,8.090909090909092,7.454545454545454,ตรงข้ามเซ็นทรัลรามอินทรา | เขตบางเขน
อาคารยูทาวเวอร์ | เขตสวนหลวง,201,141,342,182,160,25,8.04,5.64,13.68,7.28,6.4,อาคารยูทาวเวอร์ | เขตสวนหลวง
ศรีนครินทร์ซอย24(ซอยอนามัย) | เขตสวนหลวง,210,131,341,197,144,23,9.130434782608695,5.695652173913044,14.826086956521738,8.565217391304348,6.260869565217392,ศรีนครินทร์ซอย24(ซอยอนามัย) | เขตสวนหลวง
ตรงข้ามหมู่บ้านเกาหลี | เขตบางเขน,176,165,341,187,154,23,7.6521739130434785,7.173913043478261,14.826086956521738,8.130434782608695,6.695652173913044,ตรงข้ามหมู่บ้านเกาหลี | เขตบางเขน
หมู่บ้านลัดดาวัลย์ ถนนราชพฤกษ์... | เขตตลิ่งชัน,164,177,341,208,133,27,6.074074074074074,6.555555555555555,12.62962962962963,7.703703703703703,4.925925925925926,หมู่บ้านลัดดาวัลย์ ถนนราชพฤกษ์... | เขตตลิ่งชัน
"หอนาฬิกาห้วยขวาง,ศูนย์รับเลี้ยงเด็กห้วยขวาง | เขตดินแดง",180,161,341,180,161,24,7.5,6.708333333333333,14.208333333333334,7.5,6.708333333333333,"หอนาฬิกาห้วยขวาง,ศูนย์รับเลี้ยงเด็กห้วยขวาง | เขตดิ..."
"แยกพระราม 4,ซอยไผ่สิงโต | เขตคลองเตย",223,118,341,197,144,24,9.291666666666666,4.916666666666667,14.208333333333334,8.208333333333334,6.0,"แยกพระราม 4,ซอยไผ่สิงโต | เขตคลองเตย"
ซอยรามคำแหง 191 | เขตมีนบุรี,234,107,341,185,156,24,9.75,4.458333333333333,14.208333333333334,7.708333333333333,6.5,ซอยรามคำแหง 191 | เขตมีนบุรี
ตรงข้ามสรรพากรพื้นที่3นวมินทร์ | เขตบางกะปิ,219,121,340,170,170,23,9.521739130434783,5.260869565217392,14.782608695652174,7.391304347826087,7.391304347826087,ตรงข้ามสรรพากรพื้นที่3นวมินทร์ | เขตบางกะปิ
ตรงข้ามปั้มบางจากกำแพงเพชร 2 | เขตจตุจักร,174,166,340,190,150,20,8.7,8.3,17.0,9.5,7.5,ตรงข้ามปั้มบางจากกำแพงเพชร 2 | เขตจตุจักร
ซอยอิสรภาพ 37 | เขตบางกอกน้อย,158,181,339,188,151,22,7.181818181818182,8.227272727272727,15.409090909090908,8.545454545454545,6.863636363636363,ซอยอิสรภาพ 37 | เขตบางกอกน้อย
หมู่บ้านเกาหลี | เขตบางเขน,197,142,339,196,143,23,8.565217391304348,6.173913043478261,14.73913043478261,8.521739130434783,6.217391304347826,หมู่บ้านเกาหลี | เขตบางเขน
วัดเทวสุนทร | เขตจตุจักร,195,144,339,185,154,22,8.863636363636363,6.545454545454546,15.409090909090908,8.409090909090908,7.0,วัดเทวสุนทร | เขตจตุจักร
แยกชักพระ | เขตตลิ่งชัน,178,161,339,198,141,22,8.090909090909092,7.318181818181818,15.409090909090908,9.0,6.409090909090909,แยกชักพระ | เขตตลิ่งชัน
สวนลุมไนท์บาร์ซ่าร์ | เขตปทุมวัน,167,171,338,180,158,17,9.823529411764707,10.058823529411764,19.88235294117647,10.588235294117647,9.294117647058824,สวนลุมไนท์บาร์ซ่าร์ | เขตปทุมวัน
จันทร์พริ้ง | เขตจอมทอง,219,119,338,189,149,23,9.521739130434783,5.173913043478261,14.695652173913043,8.217391304347826,6.478260869565218,จันทร์พริ้ง | เขตจอมทอง
โรงเรียนสวนกุหลาบวิทยาลัย | เขตพระนคร,209,129,338,200,138,22,9.5,5.863636363636363,15.363636363636363,9.090909090909092,6.2727272727272725,โรงเรียนสวนกุหลาบวิทยาลัย | เขตพระนคร
คลองจั่นวิลล่า 7 | เขตสะพานสูง,193,145,338,193,145,25,7.72,5.8,13.52,7.72,5.8,คลองจั่นวิลล่า 7 | เขตสะพานสูง
ซอยนครสวรรค์ 12 | เขตดุสิต,190,148,338,219,119,24,7.916666666666667,6.166666666666667,14.083333333333334,9.125,4.958333333333333,ซอยนครสวรรค์ 12 | เขตดุสิต
วัดโพธิ์แมน | เขตยานนาวา,175,162,337,195,142,20,8.75,8.1,16.85,9.75,7.1,วัดโพธิ์แมน | เขตยานนาวา
มหาวิทยาลัยธุรกิจบัณฑิตย์(ประชาชื่น) | เขตหลักสี่,156,181,337,185,152,23,6.782608695652174,7.869565217391305,14.652173913043478,8.043478260869565,6.608695652173913,มหาวิทยาลัยธุรกิจบัณฑิตย์(ประชาชื่น) | เขตหลักสี่
ปุณณวิถี(สุขุมวิท101) | เขตพระโขนง,185,152,337,185,152,23,8.043478260869565,6.608695652173913,14.652173913043478,8.043478260869565,6.608695652173913,ปุณณวิถี(สุขุมวิท101) | เขตพระโขนง
สถานีตำรวจยานนาวา | เขตบางรัก,168,169,337,192,145,20,8.4,8.45,16.85,9.6,7.25,สถานีตำรวจยานนาวา | เขตบางรัก
มหาวิทยาลัยรามคำแหง 2 | เขตประเวศ,161,175,336,180,156,23,7.0,7.608695652173913,14.608695652173912,7.826086956521739,6.782608695652174,มหาวิทยาลัยรามคำแหง 2 | เขตประเวศ
แยกกรุงธนบุรีตรงข้ามบริษัทศรีไทยมาร์เก็ตติ้ง | เขตคลองสาน,173,163,336,171,165,23,7.521739130434782,7.086956521739131,14.608695652173912,7.434782608695652,7.173913043478261,แยกกรุงธนบุรีตรงข้ามบริษัทศรีไทยมาร์เก็ตติ้ง | เขตค...
หมู่บ้านเพชรวงแหวน | เขตบางบอน,172,164,336,216,120,26,6.615384615384615,6.3076923076923075,12.923076923076923,8.307692307692308,4.615384615384615,หมู่บ้านเพชรวงแหวน | เขตบางบอน
ตลาดไทยณรงค์ | เขตบางเขน,181,155,336,185,151,22,8.227272727272727,7.045454545454546,15.272727272727273,8.409090909090908,6.863636363636363,ตลาดไทยณรงค์ | เขตบางเขน
ศาลแขวงดุสิต | เขตตลิ่งชัน,181,154,335,196,139,23,7.869565217391305,6.695652173913044,14.565217391304348,8.521739130434783,6.043478260869565,ศาลแขวงดุสิต | เขตตลิ่งชัน
แยกนิด้า(ขาเข้า) | เขตบางกะปิ,189,146,335,199,136,23,8.217391304347826,6.3478260869565215,14.565217391304348,8.652173913043478,5.913043478260869,แยกนิด้า(ขาเข้า) | เขตบางกะปิ
หมู่บ้านรุ่งนภา 2 | เขตมีนบุรี,164,171,335,185,150,23,7.130434782608695,7.434782608695652,14.565217391304348,8.043478260869565,6.521739130434782,หมู่บ้านรุ่งนภา 2 | เขตมีนบุรี
วัดสารอด | เขตราษฎร์บูรณะ,221,114,335,165,170,23,9.608695652173912,4.956521739130435,14.565217391304348,7.173913043478261,7.391304347826087,วัดสารอด | เขตราษฎร์บูรณะ
ร้านบัวแก้วสังฆภัณฑ์ | เขตบางกะปิ,195,139,334,173,161,15,13.0,9.266666666666667,22.266666666666666,11.533333333333333,10.733333333333333,ร้านบัวแก้วสังฆภัณฑ์ | เขตบางกะปิ
"ซอยชื่นกมล,ตรงข้ามศูนย์โตโยต้าชัวร์ | เขตคันนายาว",201,133,334,192,142,21,9.571428571428571,6.333333333333333,15.904761904761905,9.142857142857142,6.761904761904762,"ซอยชื่นกมล,ตรงข้ามศูนย์โตโยต้าชัวร์ | เขตคันนายาว"
หมู่บ้านจัดสรรทหารเรือ | เขตประเวศ,208,126,334,183,151,23,9.043478260869565,5.478260869565218,14.521739130434783,7.956521739130435,6.565217391304348,หมู่บ้านจัดสรรทหารเรือ | เขตประเวศ
"ซอยเจริญกรุง 93,ตรงข้ามเอเชียทีค | เขตบางคอแหลม",115,219,334,176,158,28,4.107142857142857,7.821428571428571,11.928571428571429,6.285714285714286,5.642857142857143,"ซอยเจริญกรุง 93,ตรงข้ามเอเชียทีค | เขตบางคอแหลม"
แยกถนนเลียบคลองสอง | เขตคันนายาว,164,170,334,169,165,22,7.454545454545454,7.7272727272727275,15.181818181818182,7.681818181818182,7.5,แยกถนนเลียบคลองสอง | เขตคันนายาว
หมู่บ้านปัฐวิกรณ์ | เขตบึงกุ่ม,221,112,333,186,147,28,7.892857142857143,4.0,11.892857142857142,6.642857142857143,5.25,หมู่บ้านปัฐวิกรณ์ | เขตบึงกุ่ม
หมู่บ้านร่มทิพย์ | เขตคลองสามวา,213,120,333,182,151,21,10.142857142857142,5.714285714285714,15.857142857142858,8.666666666666666,7.190476190476191,หมู่บ้านร่มทิพย์ | เขตคลองสามวา
"กม.8,รามอินทรา52,ศูนย์นิสสัน,ปั้มปริโตนาส | เขตคันนายาว",193,140,333,195,138,24,8.041666666666666,5.833333333333333,13.875,8.125,5.75,"กม.8,รามอินทรา52,ศูนย์นิสสัน,ปั้มปริโตนาส | เขตคันน..."
ซอยสุขุมวิท 23 | เขตวัฒนา,229,104,333,157,176,15,15.266666666666667,6.933333333333334,22.2,10.466666666666667,11.733333333333333,ซอยสุขุมวิท 23 | เขตวัฒนา
ซอยอินทามะระ 59 | เขตดินแดง,180,152,332,170,162,22,8.181818181818182,6.909090909090909,15.090909090909092,7.7272727272727275,7.363636363636363,ซอยอินทามะระ 59 | เขตดินแดง
ซอยจันทน์ 29(ขาออก) | เขตสาทร,188,144,332,174,158,23,8.173913043478262,6.260869565217392,14.434782608695652,7.565217391304348,6.869565217391305,ซอยจันทน์ 29(ขาออก) | เขตสาทร
ตรงข้ามสนามกีฬาคลองจั่น(นวมินทร์33) | เขตบางกะปิ,179,153,332,182,150,24,7.458333333333333,6.375,13.833333333333334,7.583333333333333,6.25,ตรงข้ามสนามกีฬาคลองจั่น(นวมินทร์33) | เขตบางกะปิ
หมู่บ้านนิสา | เขตหนองแขม,226,106,332,183,149,24,9.416666666666666,4.416666666666667,13.833333333333334,7.625,6.208333333333333,หมู่บ้านนิสา | เขตหนองแขม
สำนักงานไปรษณีย์พัฒนาการ | เขตสวนหลวง,177,154,331,176,155,22,8.045454545454545,7.0,15.045454545454545,8.0,7.045454545454546,สำนักงานไปรษณีย์พัฒนาการ | เขตสวนหลวง
ตลาดเจริญนคร | เขตคลองสาน,155,176,331,171,160,19,8.157894736842104,9.263157894736842,17.42105263157895,9.0,8.421052631578947,ตลาดเจริญนคร | เขตคลองสาน
ตรงข้ามสุเหร่าคลองกุ่ม | เขตบึงกุ่ม,170,161,331,185,146,23,7.391304347826087,7.0,14.391304347826088,8.043478260869565,6.3478260869565215,ตรงข้ามสุเหร่าคลองกุ่ม | เขตบึงกุ่ม
ตรงข้ามโรงเรียนวิชูทิศ | เขตดินแดง,172,159,331,183,148,22,7.818181818181818,7.2272727272727275,15.045454545454545,8.318181818181818,6.7272727272727275,ตรงข้ามโรงเรียนวิชูทิศ | เขตดินแดง
บริษัทหินอ่อน (ถนนประชาอุทิศขาเข้า) | เขตวังทองหลาง,185,146,331,181,150,21,8.80952380952381,6.9523809523809526,15.761904761904763,8.619047619047619,7.142857142857143,บริษัทหินอ่อน (ถนนประชาอุทิศขาเข้า) | เขตวังทองหลาง
ตรงข้ามวัดนาคนิมิตร | เขตราษฎร์บูรณะ,185,145,330,172,158,15,12.333333333333334,9.666666666666666,22.0,11.466666666666667,10.533333333333333,ตรงข้ามวัดนาคนิมิตร | เขตราษฎร์บูรณะ
สถานีตำรวจคลองตัน | เขตสวนหลวง,176,154,330,176,154,20,8.8,7.7,16.5,8.8,7.7,สถานีตำรวจคลองตัน | เขตสวนหลวง
"ซอยปรีดีพนมยงค์ 44,โรงไก่ | เขตวัฒนา",187,143,330,182,148,20,9.35,7.15,16.5,9.1,7.4,"ซอยปรีดีพนมยงค์ 44,โรงไก่ | เขตวัฒนา"
แยกพงษ์เพชร(ซอยพงษ์เพชรพัฒนา) | เขตหลักสี่,199,130,329,192,137,22,9.045454545454545,5.909090909090909,14.954545454545455,8.727272727272727,6.2272727272727275,แยกพงษ์เพชร(ซอยพงษ์เพชรพัฒนา) | เขตหลักสี่
ต่างระดับศรีเอี่ยม(โรงแรมเมเปิล) | เขตบางนา,148,181,329,187,142,23,6.434782608695652,7.869565217391305,14.304347826086957,8.130434782608695,6.173913043478261,ต่างระดับศรีเอี่ยม(โรงแรมเมเปิล) | เขตบางนา
ตรีสมพลาสติกอินดัสเชียล | เขตบางบอน,237,92,329,173,156,25,9.48,3.68,13.16,6.92,6.24,ตรีสมพลาสติกอินดัสเชียล | เขตบางบอน
สุขสวัสดิ์ กม.9 | เขตราษฎร์บูรณะ,187,142,329,163,166,14,13.357142857142858,10.142857142857142,23.5,11.642857142857142,11.857142857142858,สุขสวัสดิ์ กม.9 | เขตราษฎร์บูรณะ
สถานีรถไฟหลักสี่ | เขตหลักสี่,173,155,328,163,165,15,11.533333333333333,10.333333333333334,21.866666666666667,10.866666666666667,11.0,สถานีรถไฟหลักสี่ | เขตหลักสี่
ซอยยาดองเก่า | เขตวัฒนา,181,147,328,154,174,19,9.526315789473685,7.7368421052631575,17.263157894736842,8.105263157894736,9.157894736842104,ซอยยาดองเก่า | เขตวัฒนา
ตรงข้ามซอยมัยลาภ | เขตบางเขน,175,153,328,195,133,23,7.608695652173913,6.6521739130434785,14.26086956521739,8.478260869565217,5.782608695652174,ตรงข้ามซอยมัยลาภ | เขตบางเขน
โรงพยาบาลพญาไท1 | เขตราชเทวี,152,176,328,188,140,20,7.6,8.8,16.4,9.4,7.0,โรงพยาบาลพญาไท1 | เขตราชเทวี
ตรงข้ามสหกรณ์กรุงเทพเอกมัย | เขตวัฒนา,174,154,328,165,163,12,14.5,12.833333333333334,27.333333333333332,13.75,13.583333333333334,ตรงข้ามสหกรณ์กรุงเทพเอกมัย | เขตวัฒนา
คลังน้ำมัน(ถนนวิภาวดีรังสิต) | เขตดอนเมือง,206,122,328,189,139,26,7.923076923076923,4.6923076923076925,12.615384615384615,7.269230769230769,5.346153846153846,คลังน้ำมัน(ถนนวิภาวดีรังสิต) | เขตดอนเมือง
"โรงเรียนเขมะสิริอนุสรณ์,ซอยราชวิถี 23 | เขตบางพลัด",189,138,327,201,126,22,8.590909090909092,6.2727272727272725,14.863636363636363,9.136363636363637,5.7272727272727275,"โรงเรียนเขมะสิริอนุสรณ์,ซอยราชวิถี 23 | เขตบางพลัด"
วัดบางโคล่นอก | เขตบางคอแหลม,238,89,327,186,141,26,9.153846153846153,3.423076923076923,12.576923076923077,7.153846153846154,5.423076923076923,วัดบางโคล่นอก | เขตบางคอแหลม
หมู่บ้านปูนซีเมนต์ | เขตจตุจักร,213,114,327,193,134,24,8.875,4.75,13.625,8.041666666666666,5.583333333333333,หมู่บ้านปูนซีเมนต์ | เขตจตุจักร
การรถไฟฟ้าขนส่งมวลชนแห่งประเทศไทย(รฟม.) | เขตห้วยขวาง,205,122,327,179,148,22,9.318181818181818,5.545454545454546,14.863636363636363,8.136363636363637,6.7272727272727275,การรถไฟฟ้าขนส่งมวลชนแห่งประเทศไทย(รฟม.) | เขตห้วยขว...
ท่าเรือวัดรางบัว | เขตภาษีเจริญ,168,158,326,177,149,23,7.304347826086956,6.869565217391305,14.173913043478262,7.695652173913044,6.478260869565218,ท่าเรือวัดรางบัว | เขตภาษีเจริญ
จัสโก้พระโขนง | เขตวัฒนา,167,159,326,175,151,20,8.35,7.95,16.3,8.75,7.55,จัสโก้พระโขนง | เขตวัฒนา
ท่าสะพานตากสิน (ข้ามฟาก) | เขตคลองสาน,134,192,326,176,150,25,5.36,7.68,13.04,7.04,6.0,ท่าสะพานตากสิน (ข้ามฟาก) | เขตคลองสาน
ซอยจรัญสนิทวงศ์ 74/1 | เขตบางพลัด,155,171,326,195,131,24,6.458333333333333,7.125,13.583333333333334,8.125,5.458333333333333,ซอยจรัญสนิทวงศ์ 74/1 | เขตบางพลัด
ซอยอินทามะระ 10 | เขตพญาไท,190,135,325,173,152,24,7.916666666666667,5.625,13.541666666666666,7.208333333333333,6.333333333333333,ซอยอินทามะระ 10 | เขตพญาไท
วงเวียนใหญ่(นิรันดร์รัตน์) | เขตคลองสาน,178,147,325,170,155,16,11.125,9.1875,20.3125,10.625,9.6875,วงเวียนใหญ่(นิรันดร์รัตน์) | เขตคลองสาน
พระยาสุเรนทร์ | เขตมีนบุรี,167,158,325,179,146,18,9.277777777777779,8.777777777777779,18.055555555555557,9.944444444444445,8.11111111111111,พระยาสุเรนทร์ | เขตมีนบุรี
แยกประชาเกษม | เขตพระนคร,140,185,325,176,149,21,6.666666666666667,8.80952380952381,15.476190476190476,8.380952380952381,7.095238095238095,แยกประชาเกษม | เขตพระนคร
BTS สะพานตากสิน | เขตบางรัก,136,189,325,172,153,21,6.476190476190476,9.0,15.476190476190476,8.19047619047619,7.285714285714286,BTS สะพานตากสิน | เขตบางรัก
ตรงข้ามวัดเจ้าอาม | เขตบางกอกน้อย,189,136,325,186,139,20,9.45,6.8,16.25,9.3,6.95,ตรงข้ามวัดเจ้าอาม | เขตบางกอกน้อย
บริษัทกรีนสปอร์ต | เขตบางกะปิ,163,162,325,176,149,22,7.409090909090909,7.363636363636363,14.772727272727273,8.0,6.7727272727272725,บริษัทกรีนสปอร์ต | เขตบางกะปิ
หนังสือพิมพ์แนวหน้า | เขตหลักสี่,192,132,324,229,95,26,7.384615384615385,5.076923076923077,12.461538461538462,8.807692307692308,3.6538461538461537,หนังสือพิมพ์แนวหน้า | เขตหลักสี่
ตรงข้ามบริษัท มิสทีน | เขตสะพานสูง,189,135,324,175,149,22,8.590909090909092,6.136363636363637,14.727272727272727,7.954545454545454,6.7727272727272725,ตรงข้ามบริษัท มิสทีน | เขตสะพานสูง
แยกวิภาวดี(ถนนสุทธิสารวินิจฉัยขาออก) | เขตพญาไท,193,131,324,193,131,22,8.772727272727273,5.954545454545454,14.727272727272727,8.772727272727273,5.954545454545454,แยกวิภาวดี(ถนนสุทธิสารวินิจฉัยขาออก) | เขตพญาไท
สี่แยกมหานาค | เขตดุสิต,175,149,324,227,97,26,6.730769230769231,5.730769230769231,12.461538461538462,8.73076923076923,3.730769230769231,สี่แยกมหานาค | เขตดุสิต
อู่รถเมล์ บริษัท วังศกาญจน์กิจ(บางขุนเทียน) | เขตบางขุนเทียน,181,142,323,206,117,26,6.961538461538462,5.461538461538462,12.423076923076923,7.923076923076923,4.5,อู่รถเมล์ บริษัท วังศกาญจน์กิจ(บางขุนเทียน) | เขตบา...
แยกสาทร(สมเด็จพระเจ้าตากสิน7) | เขตธนบุรี,160,163,323,177,146,18,8.88888888888889,9.055555555555555,17.944444444444443,9.833333333333334,8.11111111111111,แยกสาทร(สมเด็จพระเจ้าตากสิน7) | เขตธนบุรี
พระอาทิตย์ | เขตพระนคร,154,169,323,175,148,20,7.7,8.45,16.15,8.75,7.4,พระอาทิตย์ | เขตพระนคร
โรงเรียนเตรียมอุดมน้อมเกล้า | เขตสะพานสูง,206,117,323,213,110,24,8.583333333333334,4.875,13.458333333333334,8.875,4.583333333333333,โรงเรียนเตรียมอุดมน้อมเกล้า | เขตสะพานสูง
ซอยประชาชื่น 38 | เขตบางซื่อ,218,104,322,178,144,22,9.909090909090908,4.7272727272727275,14.636363636363637,8.090909090909092,6.545454545454546,ซอยประชาชื่น 38 | เขตบางซื่อ
ตรงข้ามสงวนซาวต์ออโต้แคร์ | เขตจตุจักร,173,149,322,187,135,25,6.92,5.96,12.88,7.48,5.4,ตรงข้ามสงวนซาวต์ออโต้แคร์ | เขตจตุจักร
ตรงข้ามบริษัท พูลผลจำกัด | เขตบางซื่อ,181,141,322,182,140,21,8.619047619047619,6.714285714285714,15.333333333333334,8.666666666666666,6.666666666666667,ตรงข้ามบริษัท พูลผลจำกัด | เขตบางซื่อ
"ธนาคารกรุงเทพสาขาวงศ์สว่าง,วัดเลียบ | เขตบางซื่อ",177,145,322,167,155,18,9.833333333333334,8.055555555555555,17.88888888888889,9.277777777777779,8.61111111111111,"ธนาคารกรุงเทพสาขาวงศ์สว่าง,วัดเลียบ | เขตบางซื่อ"
พุทธมณฑลสาย 1 ซอย 25 | เขตตลิ่งชัน,174,148,322,209,113,24,7.25,6.166666666666667,13.416666666666666,8.708333333333334,4.708333333333333,พุทธมณฑลสาย 1 ซอย 25 | เขตตลิ่งชัน
สถานีตำรวจบางกอกใหญ่(ซอยคริสตจักร) | เขตบางกอกใหญ่,171,151,322,172,150,18,9.5,8.38888888888889,17.88888888888889,9.555555555555555,8.333333333333334,สถานีตำรวจบางกอกใหญ่(ซอยคริสตจักร) | เขตบางกอกใหญ่
หมู่บ้านเดชา 2 | เขตบางกะปิ,192,130,322,172,150,23,8.347826086956522,5.6521739130434785,14.0,7.478260869565218,6.521739130434782,หมู่บ้านเดชา 2 | เขตบางกะปิ
ตลาดพัฒนาการซอย 70 | เขตประเวศ,193,128,321,185,136,23,8.391304347826088,5.565217391304348,13.956521739130435,8.043478260869565,5.913043478260869,ตลาดพัฒนาการซอย 70 | เขตประเวศ
วัดแคนางเลิ้ง | เขตป้อมปราบศัตรูพ่าย,140,181,321,185,136,26,5.384615384615385,6.961538461538462,12.346153846153847,7.115384615384615,5.230769230769231,วัดแคนางเลิ้ง | เขตป้อมปราบศัตรูพ่าย
ศูนย์โตโยต้าพระราม 9 | เขตห้วยขวาง,148,173,321,178,143,26,5.6923076923076925,6.653846153846154,12.346153846153847,6.846153846153846,5.5,ศูนย์โตโยต้าพระราม 9 | เขตห้วยขวาง
หมู่บ้านรุ่งกิจวิลล่า 7 | เขตลาดกระบัง,219,102,321,199,122,26,8.423076923076923,3.923076923076923,12.346153846153847,7.653846153846154,4.6923076923076925,หมู่บ้านรุ่งกิจวิลล่า 7 | เขตลาดกระบัง
จตุจักร 2 มีนบุรี | เขตมีนบุรี,197,123,320,173,147,19,10.368421052631579,6.473684210526316,16.842105263157894,9.105263157894736,7.7368421052631575,จตุจักร 2 มีนบุรี | เขตมีนบุรี
ท่าปล่อยรถ ปิ่นเกล้า | เขตบางพลัด,155,165,320,176,144,17,9.117647058823529,9.705882352941176,18.823529411764707,10.352941176470589,8.470588235294118,ท่าปล่อยรถ ปิ่นเกล้า | เขตบางพลัด
ตรงข้ามซอยเฉลิมพระเกียรติ 28 | เขตประเวศ,153,167,320,141,179,18,8.5,9.277777777777779,17.77777777777778,7.833333333333333,9.944444444444445,ตรงข้ามซอยเฉลิมพระเกียรติ 28 | เขตประเวศ
"ธนาคารกสิกร,หมู่บ้านปรีชา 2 | เขตบึงกุ่ม",154,166,320,183,137,21,7.333333333333333,7.904761904761905,15.238095238095237,8.714285714285714,6.523809523809524,"ธนาคารกสิกร,หมู่บ้านปรีชา 2 | เขตบึงกุ่ม"
ซอยชัยมงคล1 | เขตคลองเตย,186,133,319,161,158,21,8.857142857142858,6.333333333333333,15.19047619047619,7.666666666666667,7.523809523809524,ซอยชัยมงคล1 | เขตคลองเตย
คณะวิทยาศาสตร์ มหาวิทยาลัยมหิดล | เขตราชเทวี,182,137,319,215,104,26,7.0,5.269230769230769,12.26923076923077,8.26923076923077,4.0,คณะวิทยาศาสตร์ มหาวิทยาลัยมหิดล | เขตราชเทวี
ต่างระดับศรีเอี่ยม | เขตบางนา,180,139,319,193,126,24,7.5,5.791666666666667,13.291666666666666,8.041666666666666,5.25,ต่างระดับศรีเอี่ยม | เขตบางนา
"สถานีดับเพลิงบางโพ,ถนนประชาราษฎร์สาย 1 ซอย 16 | เขตบางซื่อ",173,146,319,184,135,23,7.521739130434782,6.3478260869565215,13.869565217391305,8.0,5.869565217391305,"สถานีดับเพลิงบางโพ,ถนนประชาราษฎร์สาย 1 ซอย 16 | เขต..."
ตรงข้ามซอยลาดพร้าว 71 | เขตวังทองหลาง,170,148,318,171,147,20,8.5,7.4,15.9,8.55,7.35,ตรงข้ามซอยลาดพร้าว 71 | เขตวังทองหลาง
จรเข้บัว 2 | เขตลาดพร้าว,132,186,318,195,123,28,4.714285714285714,6.642857142857143,11.357142857142858,6.964285714285714,4.392857142857143,จรเข้บัว 2 | เขตลาดพร้าว
ตรงข้ามเจริญนคร 56 | เขตธนบุรี,188,130,318,179,139,21,8.952380952380953,6.190476190476191,15.142857142857142,8.523809523809524,6.619047619047619,ตรงข้ามเจริญนคร 56 | เขตธนบุรี
ซอยบางนา-ตราด 28 | เขตบางนา,169,149,318,180,138,17,9.941176470588236,8.764705882352942,18.705882352941178,10.588235294117647,8.117647058823529,ซอยบางนา-ตราด 28 | เขตบางนา
"แยกวุฒากาศ,ตรงข้ามโรงเรียนพรประสาทวิทยา | เขตธนบุรี",186,132,318,178,140,22,8.454545454545455,6.0,14.454545454545455,8.090909090909092,6.363636363636363,"แยกวุฒากาศ,ตรงข้ามโรงเรียนพรประสาทวิทยา | เขตธนบุรี"
วงเวียนโอเดียน | เขตสัมพันธวงศ์,157,160,317,167,150,18,8.722222222222221,8.88888888888889,17.61111111111111,9.277777777777779,8.333333333333334,วงเวียนโอเดียน | เขตสัมพันธวงศ์
"ซอยเทอดไท 30,วัดขุนจันทร์ | เขตธนบุรี",185,132,317,170,147,24,7.708333333333333,5.5,13.208333333333334,7.083333333333333,6.125,"ซอยเทอดไท 30,วัดขุนจันทร์ | เขตธนบุรี"
"กรมยุทธบริการ,สำนักงานทหารพัฒนาหน่วยบัญชาการทหารพัฒนา | เขตบางซื่อ",160,156,316,201,115,26,6.153846153846154,6.0,12.153846153846153,7.730769230769231,4.423076923076923,"กรมยุทธบริการ,สำนักงานทหารพัฒนาหน่วยบัญชาการทหารพัฒ..."
โรงพยาบาลวิภาวดีถนนวิภาวดีรังสิต | เขตจตุจักร,187,129,316,183,133,21,8.904761904761905,6.142857142857143,15.047619047619047,8.714285714285714,6.333333333333333,โรงพยาบาลวิภาวดีถนนวิภาวดีรังสิต | เขตจตุจักร
องค์การสหประชาชาติ | เขตพระนคร,141,174,315,281,34,31,4.548387096774194,5.612903225806452,10.161290322580646,9.064516129032258,1.096774193548387,องค์การสหประชาชาติ | เขตพระนคร
สถานีตำรวจนครบาลสำราญราษฎร์ | เขตพระนคร,170,145,315,171,144,18,9.444444444444445,8.055555555555555,17.5,9.5,8.0,สถานีตำรวจนครบาลสำราญราษฎร์ | เขตพระนคร
แยกประชานุกูล(รัชดาภิเษก64) | เขตบางซื่อ,205,110,315,170,145,22,9.318181818181818,5.0,14.318181818181818,7.7272727272727275,6.590909090909091,แยกประชานุกูล(รัชดาภิเษก64) | เขตบางซื่อ
บิ๊กซีร่มเกล้า | เขตมีนบุรี,214,101,315,180,135,26,8.23076923076923,3.8846153846153846,12.115384615384615,6.923076923076923,5.1923076923076925,บิ๊กซีร่มเกล้า | เขตมีนบุรี
ตรงข้ามสำนักงานการเคหะแห่งชาติ | เขตบางกะปิ,167,148,315,166,149,19,8.789473684210526,7.7894736842105265,16.57894736842105,8.736842105263158,7.842105263157895,ตรงข้ามสำนักงานการเคหะแห่งชาติ | เขตบางกะปิ
แยกบางพลัด | เขตบางพลัด,181,134,315,178,137,18,10.055555555555555,7.444444444444445,17.5,9.88888888888889,7.611111111111111,แยกบางพลัด | เขตบางพลัด
สำนักงานคณะกรรมการวิจัยแห่งชาติ | เขตจตุจักร,173,141,314,173,141,22,7.863636363636363,6.409090909090909,14.272727272727273,7.863636363636363,6.409090909090909,สำนักงานคณะกรรมการวิจัยแห่งชาติ | เขตจตุจักร
มหาวิทยาลัยเกษมบัณฑิต(ถนนพัฒนาการขาออก) | เขตสวนหลวง,182,132,314,185,129,20,9.1,6.6,15.7,9.25,6.45,มหาวิทยาลัยเกษมบัณฑิต(ถนนพัฒนาการขาออก) | เขตสวนหลวง
"สำนักงานไปรษณีย์วัดพระยาไกร,ตรงข้ามมัสยิดบาหยัน | เขตบางคอแหลม",172,142,314,167,147,19,9.052631578947368,7.473684210526316,16.526315789473685,8.789473684210526,7.7368421052631575,"สำนักงานไปรษณีย์วัดพระยาไกร,ตรงข้ามมัสยิดบาหยัน | เ..."
ศาลเจ้าแซ่ซิ้ม | เขตธนบุรี,163,151,314,171,143,19,8.578947368421053,7.947368421052632,16.526315789473685,9.0,7.526315789473684,ศาลเจ้าแซ่ซิ้ม | เขตธนบุรี
โรงแรมมิโดโฮเต็ล | เขตพญาไท,159,154,313,171,142,23,6.913043478260869,6.695652173913044,13.608695652173912,7.434782608695652,6.173913043478261,โรงแรมมิโดโฮเต็ล | เขตพญาไท
วัดราชนัดดาราม(มหาไชย) | เขตพระนคร,137,176,313,144,169,13,10.538461538461538,13.538461538461538,24.076923076923077,11.076923076923077,13.0,วัดราชนัดดาราม(มหาไชย) | เขตพระนคร
ซอยสาธุประดิษฐ์ 1 | เขตสาทร,177,136,313,172,141,20,8.85,6.8,15.65,8.6,7.05,ซอยสาธุประดิษฐ์ 1 | เขตสาทร
ชุมชนสะฮาดะห์ | เขตสะพานสูง,115,198,313,190,123,28,4.107142857142857,7.071428571428571,11.178571428571429,6.785714285714286,4.392857142857143,ชุมชนสะฮาดะห์ | เขตสะพานสูง
"ตรงข้ามซอยเทอดไท 43,ตรงข้ามวัดนางชี | เขตภาษีเจริญ",169,144,313,167,146,19,8.894736842105264,7.578947368421052,16.473684210526315,8.789473684210526,7.684210526315789,"ตรงข้ามซอยเทอดไท 43,ตรงข้ามวัดนางชี | เขตภาษีเจริญ"
"ซอยนวมินทร์ 98,ตรงข้ามไปรษณีย์จรเข้บัว | เขตคันนายาว",166,146,312,187,125,24,6.916666666666667,6.083333333333333,13.0,7.791666666666667,5.208333333333333,"ซอยนวมินทร์ 98,ตรงข้ามไปรษณีย์จรเข้บัว | เขตคันนายาว"
บางกะปิคอนโด(แยกสวนสน) | เขตบางกะปิ,188,124,312,170,142,20,9.4,6.2,15.6,8.5,7.1,บางกะปิคอนโด(แยกสวนสน) | เขตบางกะปิ
ตรงข้ามพาต้าปิ่นเกล้า | เขตบางพลัด,188,124,312,155,157,7,26.857142857142858,17.714285714285715,44.57142857142857,22.142857142857142,22.428571428571427,ตรงข้ามพาต้าปิ่นเกล้า | เขตบางพลัด
โรงเรียนศรีวิกรม์ | เขตคลองเตย,173,139,312,152,160,14,12.357142857142858,9.928571428571429,22.285714285714285,10.857142857142858,11.428571428571429,โรงเรียนศรีวิกรม์ | เขตคลองเตย
โรงเรียนโสมาภา 2 | เขตบึงกุ่ม,174,138,312,173,139,23,7.565217391304348,6.0,13.565217391304348,7.521739130434782,6.043478260869565,โรงเรียนโสมาภา 2 | เขตบึงกุ่ม
ซอยเพชรเกษม 39 | เขตภาษีเจริญ,174,138,312,188,124,24,7.25,5.75,13.0,7.833333333333333,5.166666666666667,ซอยเพชรเกษม 39 | เขตภาษีเจริญ
"สถานีตำรวจวิภาวดี,หนังสือพิมพ์บ้านเมือง | เขตจตุจักร",186,126,312,185,127,20,9.3,6.3,15.6,9.25,6.35,"สถานีตำรวจวิภาวดี,หนังสือพิมพ์บ้านเมือง | เขตจตุจักร"
ซอยลาดพร้าว 80/3 | เขตวังทองหลาง,198,114,312,175,137,22,9.0,5.181818181818182,14.181818181818182,7.954545454545454,6.2272727272727275,ซอยลาดพร้าว 80/3 | เขตวังทองหลาง
โรงเรียนเสริมปัญญา | เขตบางคอแหลม,180,131,311,176,135,21,8.571428571428571,6.238095238095238,14.80952380952381,8.380952380952381,6.428571428571429,โรงเรียนเสริมปัญญา | เขตบางคอแหลม
บริษัท ชาญทัวร์ | เขตจตุจักร,156,155,311,183,128,18,8.666666666666666,8.61111111111111,17.27777777777778,10.166666666666666,7.111111111111111,บริษัท ชาญทัวร์ | เขตจตุจักร
MRT ดอนเมือง (MRT สายสีแดง) | เขตดอนเมือง,175,136,311,179,132,20,8.75,6.8,15.55,8.95,6.6,MRT ดอนเมือง (MRT สายสีแดง) | เขตดอนเมือง
เคหะการไฟฟ้า | เขตบางขุนเทียน,147,164,311,190,121,23,6.391304347826087,7.130434782608695,13.521739130434783,8.26086956521739,5.260869565217392,เคหะการไฟฟ้า | เขตบางขุนเทียน
ตรงข้ามศูนย์การค้าวรรัตน์ | เขตยานนาวา,174,137,311,183,128,16,10.875,8.5625,19.4375,11.4375,8.0,ตรงข้ามศูนย์การค้าวรรัตน์ | เขตยานนาวา
ท่าสะพานพุทธ | เขตคลองสาน,154,156,310,154,156,15,10.266666666666667,10.4,20.666666666666668,10.266666666666667,10.4,ท่าสะพานพุทธ | เขตคลองสาน
ตรงข้ามวัดปริวาส | เขตยานนาวา,173,137,310,171,139,21,8.238095238095237,6.523809523809524,14.761904761904763,8.142857142857142,6.619047619047619,ตรงข้ามวัดปริวาส | เขตยานนาวา
แอร์ลิงค์คอนโด | เขตลาดกระบัง,150,160,310,173,137,18,8.333333333333334,8.88888888888889,17.22222222222222,9.61111111111111,7.611111111111111,แอร์ลิงค์คอนโด | เขตลาดกระบัง
"ซีเมนต์ไทย1,ทางด่วน,ซอยรัชดาภิเษก 60 | เขตจตุจักร",187,123,310,178,132,23,8.130434782608695,5.3478260869565215,13.478260869565217,7.739130434782608,5.739130434782608,"ซีเมนต์ไทย1,ทางด่วน,ซอยรัชดาภิเษก 60 | เขตจตุจักร"
วัดราชประดิษฐ์ | เขตพระนคร,141,169,310,167,143,26,5.423076923076923,6.5,11.923076923076923,6.423076923076923,5.5,วัดราชประดิษฐ์ | เขตพระนคร
ซอยเฉลิมพระเกียรติ 28 | เขตประเวศ,155,155,310,153,157,19,8.157894736842104,8.157894736842104,16.31578947368421,8.052631578947368,8.263157894736842,ซอยเฉลิมพระเกียรติ 28 | เขตประเวศ
"ศูนย์เกียรามคำแหง,ตรงข้ามซอยรามคำแหง 123 | เขตบางกะปิ",164,146,310,165,145,21,7.809523809523809,6.9523809523809526,14.761904761904763,7.857142857142857,6.904761904761905,"ศูนย์เกียรามคำแหง,ตรงข้ามซอยรามคำแหง 123 | เขตบางกะ..."
วัดสุวรรณ | เขตคลองสาน,175,135,310,164,146,15,11.666666666666666,9.0,20.666666666666668,10.933333333333334,9.733333333333333,วัดสุวรรณ | เขตคลองสาน
หมู่บ้านนักกีฬา | เขตสะพานสูง,178,132,310,167,143,23,7.739130434782608,5.739130434782608,13.478260869565217,7.260869565217392,6.217391304347826,หมู่บ้านนักกีฬา | เขตสะพานสูง
ศูนย์ประชุมสิริกิติ์ | เขตคลองเตย,123,187,310,161,149,20,6.15,9.35,15.5,8.05,7.45,ศูนย์ประชุมสิริกิติ์ | เขตคลองเตย
ศรีไทยซุปเปอร์แวร์ | เขตราษฎร์บูรณะ,153,156,309,161,148,19,8.052631578947368,8.210526315789474,16.263157894736842,8.473684210526315,7.7894736842105265,ศรีไทยซุปเปอร์แวร์ | เขตราษฎร์บูรณะ
หมู่บ้านกฤษดานคร 20 | เขตทวีวัฒนา,122,187,309,180,129,26,4.6923076923076925,7.1923076923076925,11.884615384615385,6.923076923076923,4.961538461538462,หมู่บ้านกฤษดานคร 20 | เขตทวีวัฒนา
"ซอยสวนสยาม 26,ทางเข้าสถานีตำรวจบางชัน | เขตคันนายาว",160,149,309,171,138,23,6.956521739130435,6.478260869565218,13.434782608695652,7.434782608695652,6.0,"ซอยสวนสยาม 26,ทางเข้าสถานีตำรวจบางชัน | เขตคันนายาว"
BRT วัดปริวาส | เขตยานนาวา,127,182,309,177,132,22,5.7727272727272725,8.272727272727273,14.045454545454545,8.045454545454545,6.0,BRT วัดปริวาส | เขตยานนาวา
ท่าเรือสวัสดี (ข้ามฟาก) | เขตสัมพันธวงศ์,154,155,309,165,144,20,7.7,7.75,15.45,8.25,7.2,ท่าเรือสวัสดี (ข้ามฟาก) | เขตสัมพันธวงศ์
ตลาดเทิดไท | เขตลาดกระบัง,226,83,309,164,145,24,9.416666666666666,3.4583333333333335,12.875,6.833333333333333,6.041666666666667,ตลาดเทิดไท | เขตลาดกระบัง
หมู่บ้านวิชิตนคร | เขตจอมทอง,182,127,309,161,148,20,9.1,6.35,15.45,8.05,7.4,หมู่บ้านวิชิตนคร | เขตจอมทอง
ซอยสุขุมวิท 62/1 | เขตพระโขนง,127,181,308,169,139,21,6.0476190476190474,8.619047619047619,14.666666666666666,8.047619047619047,6.619047619047619,ซอยสุขุมวิท 62/1 | เขตพระโขนง
สวนหลวง สแควร์ | เขตปทุมวัน,130,178,308,164,144,19,6.842105263157895,9.368421052631579,16.210526315789473,8.631578947368421,7.578947368421052,สวนหลวง สแควร์ | เขตปทุมวัน
หมู่บ้านชลนิเวศน์ | เขตบางซื่อ,218,90,308,181,127,24,9.083333333333334,3.75,12.833333333333334,7.541666666666667,5.291666666666667,หมู่บ้านชลนิเวศน์ | เขตบางซื่อ
ตรงข้ามสัมมากรหทัยราษฎร์ | เขตคลองสามวา,172,136,308,168,140,21,8.19047619047619,6.476190476190476,14.666666666666666,8.0,6.666666666666667,ตรงข้ามสัมมากรหทัยราษฎร์ | เขตคลองสามวา
ซอยสุขสันต์ | เขตบางแค,170,138,308,174,134,22,7.7272727272727275,6.2727272727272725,14.0,7.909090909090909,6.090909090909091,ซอยสุขสันต์ | เขตบางแค
ตรงข้ามโรงละครแห่งชาติ | เขตพระนคร,135,172,307,145,162,15,9.0,11.466666666666667,20.466666666666665,9.666666666666666,10.8,ตรงข้ามโรงละครแห่งชาติ | เขตพระนคร
"ตรงข้ามหลังตลาดเตาปูน,เฉลิมพันธ์เก่า | เขตบางซื่อ",179,128,307,172,135,23,7.782608695652174,5.565217391304348,13.347826086956522,7.478260869565218,5.869565217391305,"ตรงข้ามหลังตลาดเตาปูน,เฉลิมพันธ์เก่า | เขตบางซื่อ"
BTS สนามเป้า | เขตพญาไท,165,142,307,173,134,22,7.5,6.454545454545454,13.954545454545455,7.863636363636363,6.090909090909091,BTS สนามเป้า | เขตพญาไท
ตึกทีม(ขาเข้า) | เขตบึงกุ่ม,155,151,306,203,103,25,6.2,6.04,12.24,8.12,4.12,ตึกทีม(ขาเข้า) | เขตบึงกุ่ม
ท่าปล่อยรถ ปิ่นเกล้า | เขตบางกอกน้อย,134,172,306,159,147,13,10.307692307692308,13.23076923076923,23.53846153846154,12.23076923076923,11.307692307692308,ท่าปล่อยรถ ปิ่นเกล้า | เขตบางกอกน้อย
เซเว่นปากซอยวัดมะกอก | เขตตลิ่งชัน,181,125,306,170,136,22,8.227272727272727,5.681818181818182,13.909090909090908,7.7272727272727275,6.181818181818182,เซเว่นปากซอยวัดมะกอก | เขตตลิ่งชัน
ตรงข้ามบริษัท SCS | เขตประเวศ,182,123,305,181,124,22,8.272727272727273,5.590909090909091,13.863636363636363,8.227272727272727,5.636363636363637,ตรงข้ามบริษัท SCS | เขตประเวศ
ซอยเพชรเกษม 112/1 | เขตหนองแขม,176,129,305,155,150,14,12.571428571428571,9.214285714285714,21.785714285714285,11.071428571428571,10.714285714285714,ซอยเพชรเกษม 112/1 | เขตหนองแขม
"ซอยกรุงเทพ-นนทบุรี 44,ตรงข้ามซอยสมถวิล | เขตบางซื่อ",184,120,304,152,152,17,10.823529411764707,7.0588235294117645,17.88235294117647,8.941176470588236,8.941176470588236,"ซอยกรุงเทพ-นนทบุรี 44,ตรงข้ามซอยสมถวิล | เขตบางซื่อ"
โรงเรียนทีปังกรวิทยาพัฒน์(ทวีวัฒนา) | เขตทวีวัฒนา,160,144,304,150,154,13,12.307692307692308,11.076923076923077,23.384615384615383,11.538461538461538,11.846153846153847,โรงเรียนทีปังกรวิทยาพัฒน์(ทวีวัฒนา) | เขตทวีวัฒนา
แยกท่าพระโรงเรียนอนุบาลประสาทวิทยาอนุชน | เขตบางกอกใหญ่,181,123,304,177,127,24,7.541666666666667,5.125,12.666666666666666,7.375,5.291666666666667,แยกท่าพระโรงเรียนอนุบาลประสาทวิทยาอนุชน | เขตบางกอก...
ซอยลาดหญ้า 11 | เขตคลองสาน,164,140,304,152,152,18,9.11111111111111,7.777777777777778,16.88888888888889,8.444444444444445,8.444444444444445,ซอยลาดหญ้า 11 | เขตคลองสาน
ตรงข้ามหมู่บ้านอมรชัย 3 | เขตทวีวัฒนา,150,154,304,169,135,23,6.521739130434782,6.695652173913044,13.217391304347826,7.3478260869565215,5.869565217391305,ตรงข้ามหมู่บ้านอมรชัย 3 | เขตทวีวัฒนา
ตรงข้ามโรงรับจำนำฮ่งฮวด | เขตบางคอแหลม,161,143,304,167,137,20,8.05,7.15,15.2,8.35,6.85,ตรงข้ามโรงรับจำนำฮ่งฮวด | เขตบางคอแหลม
วัดนายโรง | เขตบางกอกน้อย,179,125,304,174,130,23,7.782608695652174,5.434782608695652,13.217391304347826,7.565217391304348,5.6521739130434785,วัดนายโรง | เขตบางกอกน้อย
โรงเรียนศึกษานารี | เขตธนบุรี,162,142,304,153,151,8,20.25,17.75,38.0,19.125,18.875,โรงเรียนศึกษานารี | เขตธนบุรี
ซอยบางนา-ตราด 15 | เขตบางนา,178,126,304,165,139,16,11.125,7.875,19.0,10.3125,8.6875,ซอยบางนา-ตราด 15 | เขตบางนา
สุขสวัสดิ์ กม.9 (ขึ้นทางด่วน) | เขตราษฎร์บูรณะ,178,126,304,168,136,23,7.739130434782608,5.478260869565218,13.217391304347826,7.304347826086956,5.913043478260869,สุขสวัสดิ์ กม.9 (ขึ้นทางด่วน) | เขตราษฎร์บูรณะ
ซอยโรงน้ำแข็ง | เขตสาทร,161,142,303,157,146,17,9.470588235294118,8.352941176470589,17.823529411764707,9.235294117647058,8.588235294117647,ซอยโรงน้ำแข็ง | เขตสาทร
หมู่บ้านวังทอง | เขตบึงกุ่ม,179,124,303,163,140,21,8.523809523809524,5.904761904761905,14.428571428571429,7.761904761904762,6.666666666666667,หมู่บ้านวังทอง | เขตบึงกุ่ม
ตรงข้ามธนาคารไทยพาณิชย์แจ้งวัฒนะ | เขตหลักสี่,182,121,303,177,126,23,7.913043478260869,5.260869565217392,13.173913043478262,7.695652173913044,5.478260869565218,ตรงข้ามธนาคารไทยพาณิชย์แจ้งวัฒนะ | เขตหลักสี่
อาร์เอสแมนชั่น | เขตห้วยขวาง,128,175,303,163,140,18,7.111111111111111,9.722222222222221,16.833333333333332,9.055555555555555,7.777777777777778,อาร์เอสแมนชั่น | เขตห้วยขวาง
ตรงข้ามอาคารโมเดิร์นฟอร์ม | เขตสวนหลวง,116,187,303,174,129,21,5.523809523809524,8.904761904761905,14.428571428571429,8.285714285714286,6.142857142857143,ตรงข้ามอาคารโมเดิร์นฟอร์ม | เขตสวนหลวง
ซอยวิภาวดี 58 | เขตหลักสี่,207,96,303,185,118,21,9.857142857142858,4.571428571428571,14.428571428571429,8.80952380952381,5.619047619047619,ซอยวิภาวดี 58 | เขตหลักสี่
ตรงข้ามเตาปูนแมนชั่น | เขตบางซื่อ,186,117,303,172,131,19,9.789473684210526,6.157894736842105,15.947368421052632,9.052631578947368,6.894736842105263,ตรงข้ามเตาปูนแมนชั่น | เขตบางซื่อ
ซอยหกพี่น้อง | เขตบางเขน,184,119,303,165,138,22,8.363636363636363,5.409090909090909,13.772727272727273,7.5,6.2727272727272725,ซอยหกพี่น้อง | เขตบางเขน
แยกบางกะปิ(แยกถนนนวมินทร์) | เขตบางกะปิ,164,138,302,185,117,23,7.130434782608695,6.0,13.130434782608695,8.043478260869565,5.086956521739131,แยกบางกะปิ(แยกถนนนวมินทร์) | เขตบางกะปิ
ซอยประชาอุทิศ 17 แยก1 | เขตราษฎร์บูรณะ,162,140,302,169,133,23,7.043478260869565,6.086956521739131,13.130434782608695,7.3478260869565215,5.782608695652174,ซอยประชาอุทิศ 17 แยก1 | เขตราษฎร์บูรณะ
ตรงข้ามการสื่อสารโทรคมนาคมหลักสี่ | เขตหลักสี่,193,109,302,207,95,24,8.041666666666666,4.541666666666667,12.583333333333334,8.625,3.9583333333333335,ตรงข้ามการสื่อสารโทรคมนาคมหลักสี่ | เขตหลักสี่
ตลาดใหญ่บ้านขมิ้น | เขตบางกอกน้อย,166,136,302,164,138,21,7.904761904761905,6.476190476190476,14.380952380952381,7.809523809523809,6.571428571428571,ตลาดใหญ่บ้านขมิ้น | เขตบางกอกน้อย
หมู่บ้านชวนชื่น | เขตสะพานสูง,188,114,302,194,108,26,7.230769230769231,4.384615384615385,11.615384615384615,7.461538461538462,4.153846153846154,หมู่บ้านชวนชื่น | เขตสะพานสูง
ซอยพระเจน | เขตปทุมวัน,163,138,301,164,137,22,7.409090909090909,6.2727272727272725,13.681818181818182,7.454545454545454,6.2272727272727275,ซอยพระเจน | เขตปทุมวัน
หลังสวน 2 | เขตปทุมวัน,159,142,301,171,130,18,8.833333333333334,7.888888888888889,16.72222222222222,9.5,7.222222222222222,หลังสวน 2 | เขตปทุมวัน
ตรงข้ามชินเขตน์2 | เขตหลักสี่,175,126,301,179,122,22,7.954545454545454,5.7272727272727275,13.681818181818182,8.136363636363637,5.545454545454546,ตรงข้ามชินเขตน์2 | เขตหลักสี่
ซอยลาดพร้าว 111 | เขตบางกะปิ,200,101,301,171,130,23,8.695652173913043,4.391304347826087,13.08695652173913,7.434782608695652,5.6521739130434785,ซอยลาดพร้าว 111 | เขตบางกะปิ
แยกแฮปปี้แลนด์นวมินทร์ 16 | เขตบางกะปิ,197,104,301,171,130,23,8.565217391304348,4.521739130434782,13.08695652173913,7.434782608695652,5.6521739130434785,แยกแฮปปี้แลนด์นวมินทร์ 16 | เขตบางกะปิ
ตรงข้ามร้านอาหารสรทอง | เขตคลองเตย,151,150,301,183,118,19,7.947368421052632,7.894736842105263,15.842105263157896,9.631578947368421,6.2105263157894735,ตรงข้ามร้านอาหารสรทอง | เขตคลองเตย
ซอยเจริญนคร 61 | เขตธนบุรี,158,143,301,165,136,17,9.294117647058824,8.411764705882353,17.705882352941178,9.705882352941176,8.0,ซอยเจริญนคร 61 | เขตธนบุรี
BTS ตลาดพลู | เขตธนบุรี,110,190,300,163,137,20,5.5,9.5,15.0,8.15,6.85,BTS ตลาดพลู | เขตธนบุรี
หมู่บ้านศุภวรรณ3 | เขตบางแค,174,126,300,169,131,23,7.565217391304348,5.478260869565218,13.043478260869565,7.3478260869565215,5.695652173913044,หมู่บ้านศุภวรรณ3 | เขตบางแค
ป้ายโรงแรมตรัง | เขตพระนคร,144,156,300,162,138,17,8.470588235294118,9.176470588235293,17.647058823529413,9.529411764705882,8.117647058823529,ป้ายโรงแรมตรัง | เขตพระนคร
หมู่บ้านกลางเมือง(ซอยนาคนิวาส 11) | เขตลาดพร้าว,181,119,300,165,135,18,10.055555555555555,6.611111111111111,16.666666666666668,9.166666666666666,7.5,หมู่บ้านกลางเมือง(ซอยนาคนิวาส 11) | เขตลาดพร้าว
ซอยสุขุมวิท 47 | เขตคลองเตย,160,140,300,136,164,6,26.666666666666668,23.333333333333332,50.0,22.666666666666668,27.333333333333332,ซอยสุขุมวิท 47 | เขตคลองเตย
ทบ.11 | เขตดุสิต,131,169,300,180,120,23,5.695652173913044,7.3478260869565215,13.043478260869565,7.826086956521739,5.217391304347826,ทบ.11 | เขตดุสิต
อาคารไทย CC | เขตสาทร,188,112,300,171,129,19,9.894736842105264,5.894736842105263,15.789473684210526,9.0,6.7894736842105265,อาคารไทย CC | เขตสาทร
แยกสี่พระยา | เขตบางรัก,178,122,300,156,144,18,9.88888888888889,6.777777777777778,16.666666666666668,8.666666666666666,8.0,แยกสี่พระยา | เขตบางรัก
ท่าน้ำดินแดง | เขตคลองสาน,133,167,300,163,137,21,6.333333333333333,7.9523809523809526,14.285714285714286,7.761904761904762,6.523809523809524,ท่าน้ำดินแดง | เขตคลองสาน
ตรงข้ามตลาดคลองขวาง | เขตหนองแขม,190,109,299,160,139,20,9.5,5.45,14.95,8.0,6.95,ตรงข้ามตลาดคลองขวาง | เขตหนองแขม
แยกภุชงค์ | เขตปทุมวัน,149,149,298,155,143,14,10.642857142857142,10.642857142857142,21.285714285714285,11.071428571428571,10.214285714285714,แยกภุชงค์ | เขตปทุมวัน
หมู่บ้านฐิติพร 1 | เขตสะพานสูง,205,93,298,169,129,24,8.541666666666666,3.875,12.416666666666666,7.041666666666667,5.375,หมู่บ้านฐิติพร 1 | เขตสะพานสูง
โรงบำบัดน้ำเสีย | เขตดินแดง,153,145,298,177,121,21,7.285714285714286,6.904761904761905,14.19047619047619,8.428571428571429,5.761904761904762,โรงบำบัดน้ำเสีย | เขตดินแดง
ซอยนราธิวาสราชนครินทร์ 10 | เขตสาทร,177,120,297,173,124,21,8.428571428571429,5.714285714285714,14.142857142857142,8.238095238095237,5.904761904761905,ซอยนราธิวาสราชนครินทร์ 10 | เขตสาทร
สะพานใหม่ตรงข้ามตลาดยิ่งเจริญ | เขตบางเขน,143,154,297,157,140,12,11.916666666666666,12.833333333333334,24.75,13.083333333333334,11.666666666666666,สะพานใหม่ตรงข้ามตลาดยิ่งเจริญ | เขตบางเขน
ชุมชนวัดหลวง | เขตบางซื่อ,167,130,297,164,133,17,9.823529411764707,7.647058823529412,17.470588235294116,9.647058823529411,7.823529411764706,ชุมชนวัดหลวง | เขตบางซื่อ
ตรงข้ามมหาวิทยาลัยกรุงเทพธนบุรี | เขตทวีวัฒนา,151,146,297,153,144,20,7.55,7.3,14.85,7.65,7.2,ตรงข้ามมหาวิทยาลัยกรุงเทพธนบุรี | เขตทวีวัฒนา
ตรงข้ามสามเสน11-13 | เขตดุสิต,180,117,297,163,134,22,8.181818181818182,5.318181818181818,13.5,7.409090909090909,6.090909090909091,ตรงข้ามสามเสน11-13 | เขตดุสิต
แยกสุทธิสาร | เขตดินแดง,173,124,297,156,141,8,21.625,15.5,37.125,19.5,17.625,แยกสุทธิสาร | เขตดินแดง
ซอยลาดพร้าว 101 | เขตบางกะปิ,156,140,296,161,135,21,7.428571428571429,6.666666666666667,14.095238095238095,7.666666666666667,6.428571428571429,ซอยลาดพร้าว 101 | เขตบางกะปิ
ตลาดเตาปูน | เขตบางซื่อ,184,112,296,161,135,23,8.0,4.869565217391305,12.869565217391305,7.0,5.869565217391305,ตลาดเตาปูน | เขตบางซื่อ
ตรงข้ามวัดสารอด | เขตราษฎร์บูรณะ,172,124,296,194,102,17,10.117647058823529,7.294117647058823,17.41176470588235,11.411764705882353,6.0,ตรงข้ามวัดสารอด | เขตราษฎร์บูรณะ
ตรงข้ามสำนักงานเขตจตุจักร | เขตจตุจักร,166,130,296,186,110,24,6.916666666666667,5.416666666666667,12.333333333333334,7.75,4.583333333333333,ตรงข้ามสำนักงานเขตจตุจักร | เขตจตุจักร
สมาคมฮินแหน่นแห่งประเทศไทย | เขตจอมทอง,179,117,296,169,127,22,8.136363636363637,5.318181818181818,13.454545454545455,7.681818181818182,5.7727272727272725,สมาคมฮินแหน่นแห่งประเทศไทย | เขตจอมทอง
ตรงข้ามบริษัทแอมเวย์(เก่า) | เขตบางกะปิ,188,108,296,171,125,24,7.833333333333333,4.5,12.333333333333334,7.125,5.208333333333333,ตรงข้ามบริษัทแอมเวย์(เก่า) | เขตบางกะปิ
จรเข้บัว(ขาออก) | เขตลาดพร้าว,172,124,296,167,129,21,8.19047619047619,5.904761904761905,14.095238095238095,7.9523809523809526,6.142857142857143,จรเข้บัว(ขาออก) | เขตลาดพร้าว
"ไปรษณีย์จรเข้บัว,สหฟาร์ม | เขตคันนายาว",175,121,296,170,126,19,9.210526315789474,6.368421052631579,15.578947368421053,8.947368421052632,6.631578947368421,"ไปรษณีย์จรเข้บัว,สหฟาร์ม | เขตคันนายาว"
ตรงข้ามคลองจั่นวิลล่า 7 | เขตสะพานสูง,182,114,296,169,127,23,7.913043478260869,4.956521739130435,12.869565217391305,7.3478260869565215,5.521739130434782,ตรงข้ามคลองจั่นวิลล่า 7 | เขตสะพานสูง
องค์การตลาดเพื่อเกษตรกร(อ.ต.ก.) | เขตจตุจักร,152,144,296,161,135,21,7.238095238095238,6.857142857142857,14.095238095238095,7.666666666666667,6.428571428571429,องค์การตลาดเพื่อเกษตรกร(อ.ต.ก.) | เขตจตุจักร
แยกนเรศ | เขตบางรัก,151,144,295,166,129,19,7.947368421052632,7.578947368421052,15.526315789473685,8.736842105263158,6.7894736842105265,แยกนเรศ | เขตบางรัก
วัดธาตุทอง | เขตวัฒนา,139,156,295,168,127,23,6.043478260869565,6.782608695652174,12.826086956521738,7.304347826086956,5.521739130434782,วัดธาตุทอง | เขตวัฒนา
หมู่บ้านชมเดือนอ่อนนุช 59/1 | เขตประเวศ,178,117,295,164,131,23,7.739130434782608,5.086956521739131,12.826086956521738,7.130434782608695,5.695652173913044,หมู่บ้านชมเดือนอ่อนนุช 59/1 | เขตประเวศ
เจริญนคร ซอย 10 | เขตคลองสาน,173,121,294,144,150,15,11.533333333333333,8.066666666666666,19.6,9.6,10.0,เจริญนคร ซอย 10 | เขตคลองสาน
"หมู่บ้านพิพรพงษ์ 2,3,4 | เขตดอนเมือง",186,108,294,158,136,22,8.454545454545455,4.909090909090909,13.363636363636363,7.181818181818182,6.181818181818182,"หมู่บ้านพิพรพงษ์ 2,3,4 | เขตดอนเมือง"
โรงละครแห่งชาติ | เขตพระนคร,101,193,294,187,107,24,4.208333333333333,8.041666666666666,12.25,7.791666666666667,4.458333333333333,โรงละครแห่งชาติ | เขตพระนคร
ซอยลาดพร้าว 42 | เขตห้วยขวาง,181,112,293,147,146,18,10.055555555555555,6.222222222222222,16.27777777777778,8.166666666666666,8.11111111111111,ซอยลาดพร้าว 42 | เขตห้วยขวาง
ตรงข้ามสภาทนายความ | เขตบางเขน,182,111,293,165,128,23,7.913043478260869,4.826086956521739,12.73913043478261,7.173913043478261,5.565217391304348,ตรงข้ามสภาทนายความ | เขตบางเขน
ชุมชนทรัพย์สินใหม่ | เขตวังทองหลาง,163,130,293,173,120,21,7.761904761904762,6.190476190476191,13.952380952380953,8.238095238095237,5.714285714285714,ชุมชนทรัพย์สินใหม่ | เขตวังทองหลาง
ตรงข้ามตลาดสดห้วยขวาง | เขตดินแดง,141,151,292,153,139,18,7.833333333333333,8.38888888888889,16.22222222222222,8.5,7.722222222222222,ตรงข้ามตลาดสดห้วยขวาง | เขตดินแดง
หมู่บ้านประชานิเวศน์ 1 | เขตบางซื่อ,168,124,292,149,143,8,21.0,15.5,36.5,18.625,17.875,หมู่บ้านประชานิเวศน์ 1 | เขตบางซื่อ
โรงแรมดุสิตปริ๊นเซสศรีนครินทร์ | เขตประเวศ,133,159,292,169,123,23,5.782608695652174,6.913043478260869,12.695652173913043,7.3478260869565215,5.3478260869565215,โรงแรมดุสิตปริ๊นเซสศรีนครินทร์ | เขตประเวศ
"ตรงข้ามโรงแรมแม่น้ำรามาดาพลาซา,พนาสิริ | เขตบางคอแหลม",156,135,291,153,138,18,8.666666666666666,7.5,16.166666666666668,8.5,7.666666666666667,"ตรงข้ามโรงแรมแม่น้ำรามาดาพลาซา,พนาสิริ | เขตบางคอแห..."
ตรงข้ามอาคารพร้อมพันธ์ | เขตจตุจักร,160,131,291,165,126,21,7.619047619047619,6.238095238095238,13.857142857142858,7.857142857142857,6.0,ตรงข้ามอาคารพร้อมพันธ์ | เขตจตุจักร
"ตรงข้ามโรงเรียนเตรียมพัฒนาการ,พัฒนาการ53 | เขตสวนหลวง",174,117,291,159,132,23,7.565217391304348,5.086956521739131,12.652173913043478,6.913043478260869,5.739130434782608,"ตรงข้ามโรงเรียนเตรียมพัฒนาการ,พัฒนาการ53 | เขตสวนหล..."
จามจุรีสแควร์ | เขตปทุมวัน,150,141,291,170,121,18,8.333333333333334,7.833333333333333,16.166666666666668,9.444444444444445,6.722222222222222,จามจุรีสแควร์ | เขตปทุมวัน
หมู่บ้านศุภลักษณ์ | เขตดอนเมือง,209,82,291,173,118,25,8.36,3.28,11.64,6.92,4.72,หมู่บ้านศุภลักษณ์ | เขตดอนเมือง
แยกบ้านม้า(รามคำแหงขาออก) | เขตบางกะปิ,155,136,291,182,109,19,8.157894736842104,7.157894736842105,15.31578947368421,9.578947368421053,5.7368421052631575,แยกบ้านม้า(รามคำแหงขาออก) | เขตบางกะปิ
โลตัสพระราม4(ถนนเกษมราษฏร์) | เขตคลองเตย,121,170,291,150,141,22,5.5,7.7272727272727275,13.227272727272727,6.818181818181818,6.409090909090909,โลตัสพระราม4(ถนนเกษมราษฏร์) | เขตคลองเตย
สำนักงานขนส่งพื้นที่ 3 | เขตพระโขนง,136,155,291,170,121,18,7.555555555555555,8.61111111111111,16.166666666666668,9.444444444444445,6.722222222222222,สำนักงานขนส่งพื้นที่ 3 | เขตพระโขนง
สถานีตำรวจโชคชัย | เขตลาดพร้าว,151,139,290,150,140,10,15.1,13.9,29.0,15.0,14.0,สถานีตำรวจโชคชัย | เขตลาดพร้าว
โรงเรียนนนทรีวิทยา | เขตยานนาวา,133,157,290,153,137,14,9.5,11.214285714285714,20.714285714285715,10.928571428571429,9.785714285714286,โรงเรียนนนทรีวิทยา | เขตยานนาวา
หมู่บ้านสัมมากร | เขตสะพานสูง,207,83,290,149,141,18,11.5,4.611111111111111,16.11111111111111,8.277777777777779,7.833333333333333,หมู่บ้านสัมมากร | เขตสะพานสูง
วัดดอกไม้ | เขตยานนาวา,162,128,290,190,100,24,6.75,5.333333333333333,12.083333333333334,7.916666666666667,4.166666666666667,วัดดอกไม้ | เขตยานนาวา
โรงเรียนนวมิทราชูทิศ(สิงหเสนีย์) | เขตบึงกุ่ม,201,89,290,163,127,23,8.73913043478261,3.869565217391304,12.608695652173912,7.086956521739131,5.521739130434782,โรงเรียนนวมิทราชูทิศ(สิงหเสนีย์) | เขตบึงกุ่ม
ซอยสาธุประดิษฐ์ 52 | เขตยานนาวา,127,162,289,166,123,21,6.0476190476190474,7.714285714285714,13.761904761904763,7.904761904761905,5.857142857142857,ซอยสาธุประดิษฐ์ 52 | เขตยานนาวา
"MRT ห้วยขวาง,ซอยประชาษฎร์บำเพ็ญ 1 | เขตดินแดง",153,136,289,164,125,19,8.052631578947368,7.157894736842105,15.210526315789474,8.631578947368421,6.578947368421052,"MRT ห้วยขวาง,ซอยประชาษฎร์บำเพ็ญ 1 | เขตดินแดง"
ซอยนครสวรรค์ 2 | เขตป้อมปราบศัตรูพ่าย,145,144,289,172,117,20,7.25,7.2,14.45,8.6,5.85,ซอยนครสวรรค์ 2 | เขตป้อมปราบศัตรูพ่าย
ซอยโพธิ์เจริญ | เขตยานนาวา,161,128,289,153,136,19,8.473684210526315,6.7368421052631575,15.210526315789474,8.052631578947368,7.157894736842105,ซอยโพธิ์เจริญ | เขตยานนาวา
หมู่บ้าน GRAND สาทร - ปิ่นเกล้า | เขตตลิ่งชัน,155,134,289,168,121,23,6.739130434782608,5.826086956521739,12.565217391304348,7.304347826086956,5.260869565217392,หมู่บ้าน GRAND สาทร - ปิ่นเกล้า | เขตตลิ่งชัน
ไวท์เฮ้าแมนชั่น | เขตประเวศ,150,138,288,170,118,21,7.142857142857143,6.571428571428571,13.714285714285714,8.095238095238095,5.619047619047619,ไวท์เฮ้าแมนชั่น | เขตประเวศ
แยกบางกะปิ | เขตบางกะปิ,148,140,288,165,123,19,7.7894736842105265,7.368421052631579,15.157894736842104,8.68421052631579,6.473684210526316,แยกบางกะปิ | เขตบางกะปิ
วีพีคิว เพลส | เขตภาษีเจริญ,157,131,288,177,111,23,6.826086956521739,5.695652173913044,12.521739130434783,7.695652173913044,4.826086956521739,วีพีคิว เพลส | เขตภาษีเจริญ
พรเพ็ญ | เขตหนองแขม,168,120,288,163,125,19,8.842105263157896,6.315789473684211,15.157894736842104,8.578947368421053,6.578947368421052,พรเพ็ญ | เขตหนองแขม
ตรงข้ามโรงเรียนสารสาสน์วิเทศร่มเกล้า | เขตลาดกระบัง,172,116,288,197,91,21,8.19047619047619,5.523809523809524,13.714285714285714,9.380952380952381,4.333333333333333,ตรงข้ามโรงเรียนสารสาสน์วิเทศร่มเกล้า | เขตลาดกระบัง
ศาลแขวงพระนครเหนือ | เขตจตุจักร,150,137,287,152,135,17,8.823529411764707,8.058823529411764,16.88235294117647,8.941176470588236,7.9411764705882355,ศาลแขวงพระนครเหนือ | เขตจตุจักร
โรงเรียนธนกิจ | เขตบางกอกน้อย,155,132,287,145,142,13,11.923076923076923,10.153846153846153,22.076923076923077,11.153846153846153,10.923076923076923,โรงเรียนธนกิจ | เขตบางกอกน้อย
ตรงข้ามโรงพยาบาลกล้วยน้ำไท 2 | เขตบางนา,156,131,287,161,126,21,7.428571428571429,6.238095238095238,13.666666666666666,7.666666666666667,6.0,ตรงข้ามโรงพยาบาลกล้วยน้ำไท 2 | เขตบางนา
ซอยสวนพลู 1 | เขตสาทร,163,123,286,144,142,12,13.583333333333334,10.25,23.833333333333332,12.0,11.833333333333334,ซอยสวนพลู 1 | เขตสาทร
ฮ้อปูดอง | เขตคันนายาว,202,84,286,180,106,25,8.08,3.36,11.44,7.2,4.24,ฮ้อปูดอง | เขตคันนายาว
วัดราชนัดดาราม(มหาไชย) | เขตป้อมปราบศัตรูพ่าย,112,174,286,131,155,17,6.588235294117647,10.235294117647058,16.823529411764707,7.705882352941177,9.117647058823529,วัดราชนัดดาราม(มหาไชย) | เขตป้อมปราบศัตรูพ่าย
บ่อนไก่ | เขตสาทร,165,121,286,137,149,10,16.5,12.1,28.6,13.7,14.9,บ่อนไก่ | เขตสาทร
"ลาดยาว,ตรงข้ามการไฟฟ้าส่วนภูมิภาค (สำนักงานใหญ่) | เขตจตุจักร",168,118,286,170,116,21,8.0,5.619047619047619,13.619047619047619,8.095238095238095,5.523809523809524,"ลาดยาว,ตรงข้ามการไฟฟ้าส่วนภูมิภาค (สำนักงานใหญ่) | ..."
ปากซอยถนนสามวา | เขตมีนบุรี,170,116,286,131,155,17,10.0,6.823529411764706,16.823529411764707,7.705882352941177,9.117647058823529,ปากซอยถนนสามวา | เขตมีนบุรี
โรงเรียนอนุบาลศิรินุสรณ์วิทยา | เขตบางขุนเทียน,182,104,286,173,113,23,7.913043478260869,4.521739130434782,12.434782608695652,7.521739130434782,4.913043478260869,โรงเรียนอนุบาลศิรินุสรณ์วิทยา | เขตบางขุนเทียน
ตรงข้ามโรงเรียนเจริญศึกษา | เขตป้อมปราบศัตรูพ่าย,179,107,286,174,112,21,8.523809523809524,5.095238095238095,13.619047619047619,8.285714285714286,5.333333333333333,ตรงข้ามโรงเรียนเจริญศึกษา | เขตป้อมปราบศัตรูพ่าย
หมู่บ้านมัณทนา | เขตภาษีเจริญ,152,133,285,157,128,21,7.238095238095238,6.333333333333333,13.571428571428571,7.476190476190476,6.095238095238095,หมู่บ้านมัณทนา | เขตภาษีเจริญ
เจริญนคร ซอย 38 | เขตคลองสาน,151,134,285,156,129,20,7.55,6.7,14.25,7.8,6.45,เจริญนคร ซอย 38 | เขตคลองสาน
หมู่บ้านราชพฤกษ์ | เขตหลักสี่,165,120,285,159,126,23,7.173913043478261,5.217391304347826,12.391304347826088,6.913043478260869,5.478260869565218,หมู่บ้านราชพฤกษ์ | เขตหลักสี่
ฟอร์จูนทาวน์ | เขตดินแดง,131,154,285,142,143,9,14.555555555555555,17.11111111111111,31.666666666666668,15.777777777777779,15.88888888888889,ฟอร์จูนทาวน์ | เขตดินแดง
กรมส่งเสริมการค้าระหว่างประเทศ | เขตจตุจักร,125,160,285,210,75,27,4.62962962962963,5.925925925925926,10.555555555555555,7.777777777777778,2.7777777777777777,กรมส่งเสริมการค้าระหว่างประเทศ | เขตจตุจักร
แยกนราธิวาส | เขตสาทร,110,175,285,169,116,23,4.782608695652174,7.608695652173913,12.391304347826088,7.3478260869565215,5.043478260869565,แยกนราธิวาส | เขตสาทร
ซอยวิภาวดี 5 | เขตจตุจักร,173,112,285,187,98,21,8.238095238095237,5.333333333333333,13.571428571428571,8.904761904761905,4.666666666666667,ซอยวิภาวดี 5 | เขตจตุจักร
SV ซิตี้ | เขตยานนาวา,130,155,285,175,110,22,5.909090909090909,7.045454545454546,12.954545454545455,7.954545454545454,5.0,SV ซิตี้ | เขตยานนาวา
ตรงข้ามกองทัพภาคที่ 1 | เขตดุสิต,149,136,285,235,50,29,5.137931034482759,4.689655172413793,9.827586206896552,8.10344827586207,1.7241379310344827,ตรงข้ามกองทัพภาคที่ 1 | เขตดุสิต
หมู่บ้านพงษ์ศิริชัย 4 | เขตหนองแขม,189,95,284,154,130,23,8.217391304347826,4.130434782608695,12.347826086956522,6.695652173913044,5.6521739130434785,หมู่บ้านพงษ์ศิริชัย 4 | เขตหนองแขม
366 ถนน พระราม3 | เขตยานนาวา,159,125,284,164,120,23,6.913043478260869,5.434782608695652,12.347826086956522,7.130434782608695,5.217391304347826,366 ถนน พระราม3 | เขตยานนาวา
บริษัท ล็อกซเล่ย์ | เขตคลองเตย,166,117,283,163,120,19,8.736842105263158,6.157894736842105,14.894736842105264,8.578947368421053,6.315789473684211,บริษัท ล็อกซเล่ย์ | เขตคลองเตย
โรงแรมดุสิต(ถนนพระราม4) | เขตปทุมวัน,148,135,283,148,135,15,9.866666666666667,9.0,18.866666666666667,9.866666666666667,9.0,โรงแรมดุสิต(ถนนพระราม4) | เขตปทุมวัน
ท่าเกียกกาย | เขตดุสิต,94,189,283,232,51,29,3.2413793103448274,6.517241379310345,9.758620689655173,8.0,1.7586206896551724,ท่าเกียกกาย | เขตดุสิต
"ซอยรามคำแหง 77,ตรงข้ามโอสถสภารามคำแหง | เขตบางกะปิ",187,95,282,166,116,22,8.5,4.318181818181818,12.818181818181818,7.545454545454546,5.2727272727272725,"ซอยรามคำแหง 77,ตรงข้ามโอสถสภารามคำแหง | เขตบางกะปิ"
เสถียรธรรมสถาน | เขตบางเขน,131,151,282,145,137,18,7.277777777777778,8.38888888888889,15.666666666666666,8.055555555555555,7.611111111111111,เสถียรธรรมสถาน | เขตบางเขน
ตลาดโบ้เบ้ | เขตปทุมวัน,140,142,282,153,129,16,8.75,8.875,17.625,9.5625,8.0625,ตลาดโบ้เบ้ | เขตปทุมวัน
แยกราชวัตร(ถนนพระราม 5 ขาเข้า) | เขตดุสิต,144,137,281,167,114,25,5.76,5.48,11.24,6.68,4.56,แยกราชวัตร(ถนนพระราม 5 ขาเข้า) | เขตดุสิต
"อุดมสุข 2,ซอยศรีนครินทร์ 63 | เขตประเวศ",163,118,281,154,127,18,9.055555555555555,6.555555555555555,15.61111111111111,8.555555555555555,7.055555555555555,"อุดมสุข 2,ซอยศรีนครินทร์ 63 | เขตประเวศ"
ท่าน้ำสะพานพระปิ่นเกล้า | เขตบางกอกน้อย,114,167,281,154,127,9,12.666666666666666,18.555555555555557,31.22222222222222,17.11111111111111,14.11111111111111,ท่าน้ำสะพานพระปิ่นเกล้า | เขตบางกอกน้อย
ราชพฤกษ์ 6 มหาวิทยาลัยสยาม | เขตภาษีเจริญ,166,114,280,171,109,22,7.545454545454546,5.181818181818182,12.727272727272727,7.7727272727272725,4.954545454545454,ราชพฤกษ์ 6 มหาวิทยาลัยสยาม | เขตภาษีเจริญ
บิ๊กซีสวนหลวง | เขตประเวศ,192,88,280,146,134,23,8.347826086956522,3.8260869565217392,12.173913043478262,6.3478260869565215,5.826086956521739,บิ๊กซีสวนหลวง | เขตประเวศ
สะพานเหลือง | เขตปทุมวัน,152,128,280,143,137,15,10.133333333333333,8.533333333333333,18.666666666666668,9.533333333333333,9.133333333333333,สะพานเหลือง | เขตปทุมวัน
สหกรณ์กรุงเทพลาดหญ้า | เขตคลองสาน,150,130,280,153,127,16,9.375,8.125,17.5,9.5625,7.9375,สหกรณ์กรุงเทพลาดหญ้า | เขตคลองสาน
แยกมะลิทอง | เขตธนบุรี,167,113,280,154,126,24,6.958333333333333,4.708333333333333,11.666666666666666,6.416666666666667,5.25,แยกมะลิทอง | เขตธนบุรี
BTS นานา | เขตคลองเตย,141,139,280,145,135,19,7.421052631578948,7.315789473684211,14.736842105263158,7.631578947368421,7.105263157894737,BTS นานา | เขตคลองเตย
"ซอยอินทามะระ 32,ป้อมตำรวจสุทธิสาร | เขตดินแดง",158,121,279,143,136,16,9.875,7.5625,17.4375,8.9375,8.5,"ซอยอินทามะระ 32,ป้อมตำรวจสุทธิสาร | เขตดินแดง"
ประชาสงเคราะห์1 | เขตดินแดง,140,139,279,161,118,21,6.666666666666667,6.619047619047619,13.285714285714286,7.666666666666667,5.619047619047619,ประชาสงเคราะห์1 | เขตดินแดง
แยกอรุณอัมรินทร์(บริษัทสุราบางยี่ขัน) | เขตบางกอกน้อย,145,134,279,139,140,13,11.153846153846153,10.307692307692308,21.46153846153846,10.692307692307692,10.76923076923077,แยกอรุณอัมรินทร์(บริษัทสุราบางยี่ขัน) | เขตบางกอกน้...
ร้านอาหารแม่อิ่ม(ถนนประชาอุทิศขาออก) | เขตทุ่งครุ,197,82,279,149,130,21,9.380952380952381,3.9047619047619047,13.285714285714286,7.095238095238095,6.190476190476191,ร้านอาหารแม่อิ่ม(ถนนประชาอุทิศขาออก) | เขตทุ่งครุ
การไฟฟ้านครหลวงเขตธนบุรี(คลองมอญ) | เขตบางกอกน้อย,138,141,279,162,117,20,6.9,7.05,13.95,8.1,5.85,การไฟฟ้านครหลวงเขตธนบุรี(คลองมอญ) | เขตบางกอกน้อย
พุทธมณฑลสาย 2 ซอย 24 | เขตทวีวัฒนา,207,72,279,155,124,21,9.857142857142858,3.4285714285714284,13.285714285714286,7.380952380952381,5.904761904761905,พุทธมณฑลสาย 2 ซอย 24 | เขตทวีวัฒนา
สวนพระนคร | เขตลาดกระบัง,146,132,278,162,116,19,7.684210526315789,6.947368421052632,14.631578947368421,8.526315789473685,6.105263157894737,สวนพระนคร | เขตลาดกระบัง
KC toys | เขตภาษีเจริญ,157,121,278,156,122,23,6.826086956521739,5.260869565217392,12.08695652173913,6.782608695652174,5.304347826086956,KC toys | เขตภาษีเจริญ
แยกสวนหลวง | เขตสวนหลวง,150,128,278,168,110,21,7.142857142857143,6.095238095238095,13.238095238095237,8.0,5.238095238095238,แยกสวนหลวง | เขตสวนหลวง
ท่าปล่อยรถ กทม.2 | เขตดินแดง,120,158,278,154,124,18,6.666666666666667,8.777777777777779,15.444444444444445,8.555555555555555,6.888888888888889,ท่าปล่อยรถ กทม.2 | เขตดินแดง
โรงเรียนเบญจมินทร์ | เขตบึงกุ่ม,171,107,278,162,116,24,7.125,4.458333333333333,11.583333333333334,6.75,4.833333333333333,โรงเรียนเบญจมินทร์ | เขตบึงกุ่ม
SRT วงเวียนใหญ่ | เขตคลองสาน,151,126,277,123,154,6,25.166666666666668,21.0,46.166666666666664,20.5,25.666666666666668,SRT วงเวียนใหญ่ | เขตคลองสาน
ตรงข้ามโรงเรียนพันจ่าทหารเรือ | เขตบางกอกใหญ่,137,140,277,162,115,18,7.611111111111111,7.777777777777778,15.38888888888889,9.0,6.388888888888889,ตรงข้ามโรงเรียนพันจ่าทหารเรือ | เขตบางกอกใหญ่
หมู่บ้านเอกสิน | เขตลาดพร้าว,162,115,277,156,121,20,8.1,5.75,13.85,7.8,6.05,หมู่บ้านเอกสิน | เขตลาดพร้าว
ท่าปล่อยรถ เดอะมอลล์ท่าพระ | เขตธนบุรี,163,114,277,155,122,19,8.578947368421053,6.0,14.578947368421053,8.157894736842104,6.421052631578948,ท่าปล่อยรถ เดอะมอลล์ท่าพระ | เขตธนบุรี
ซอยโยธินพัฒนา 3 | เขตลาดพร้าว,160,116,276,140,136,10,16.0,11.6,27.6,14.0,13.6,ซอยโยธินพัฒนา 3 | เขตลาดพร้าว
ตลาดรุ่งเจริญ(ถนนสาธุประดิษฐ์ขาเข้า) | เขตยานนาวา,128,148,276,156,120,20,6.4,7.4,13.8,7.8,6.0,ตลาดรุ่งเจริญ(ถนนสาธุประดิษฐ์ขาเข้า) | เขตยานนาวา
ตลาดราษฎร์บูรณะ | เขตราษฎร์บูรณะ,142,133,275,166,109,19,7.473684210526316,7.0,14.473684210526315,8.736842105263158,5.7368421052631575,ตลาดราษฎร์บูรณะ | เขตราษฎร์บูรณะ
วัดนวลจันทร์(ถนนนวลจันทร์ขาเข้า) | เขตบึงกุ่ม,163,112,275,177,98,24,6.791666666666667,4.666666666666667,11.458333333333334,7.375,4.083333333333333,วัดนวลจันทร์(ถนนนวลจันทร์ขาเข้า) | เขตบึงกุ่ม
ท่าดินแดง (ข้ามฟาก) | เขตคลองสาน,69,205,274,160,114,27,2.5555555555555554,7.592592592592593,10.148148148148149,5.925925925925926,4.222222222222222,ท่าดินแดง (ข้ามฟาก) | เขตคลองสาน
นาวีเจริญทรัพย์ | เขตบางแค,160,114,274,173,101,18,8.88888888888889,6.333333333333333,15.222222222222221,9.61111111111111,5.611111111111111,นาวีเจริญทรัพย์ | เขตบางแค
"ซอยกรุงเทพ-นนทบุรี 13,ซอยไสวสุวรรณ | เขตบางซื่อ",131,143,274,147,127,21,6.238095238095238,6.809523809523809,13.047619047619047,7.0,6.0476190476190474,"ซอยกรุงเทพ-นนทบุรี 13,ซอยไสวสุวรรณ | เขตบางซื่อ"
หมู่บ้านมหาดไทย 1 | เขตตลิ่งชัน,161,113,274,163,111,22,7.318181818181818,5.136363636363637,12.454545454545455,7.409090909090909,5.045454545454546,หมู่บ้านมหาดไทย 1 | เขตตลิ่งชัน
สำนักงานใหญ่ ขสมก. | เขตห้วยขวาง,153,121,274,150,124,20,7.65,6.05,13.7,7.5,6.2,สำนักงานใหญ่ ขสมก. | เขตห้วยขวาง
สจล.(คณะวิทยาศาสตร์) | เขตลาดกระบัง,150,123,273,173,100,18,8.333333333333334,6.833333333333333,15.166666666666666,9.61111111111111,5.555555555555555,สจล.(คณะวิทยาศาสตร์) | เขตลาดกระบัง
กรมทหารราบที่11(ประตู3) | เขตบางเขน,130,143,273,150,123,15,8.666666666666666,9.533333333333333,18.2,10.0,8.2,กรมทหารราบที่11(ประตู3) | เขตบางเขน
"ซอยนวมินทร์ 58,หมู่บ้านสินธานี 1,ตรงข้ามประกันสังคม | เขตบึงกุ่ม",154,119,273,159,114,19,8.105263157894736,6.2631578947368425,14.368421052631579,8.368421052631579,6.0,"ซอยนวมินทร์ 58,หมู่บ้านสินธานี 1,ตรงข้ามประกันสังคม..."
แยกประชานุกูล(ซอยรัชดาภิเษก 35) | เขตบางซื่อ,181,92,273,160,113,23,7.869565217391305,4.0,11.869565217391305,6.956521739130435,4.913043478260869,แยกประชานุกูล(ซอยรัชดาภิเษก 35) | เขตบางซื่อ
แยกอ่อนนุช-สุขาภิบาล 2 | เขตประเวศ,179,93,272,153,119,21,8.523809523809524,4.428571428571429,12.952380952380953,7.285714285714286,5.666666666666667,แยกอ่อนนุช-สุขาภิบาล 2 | เขตประเวศ
โรงงานKT(ถนนบางขุนเทียน-ชายทะเลขาออก) | เขตบางขุนเทียน,156,116,272,138,134,18,8.666666666666666,6.444444444444445,15.11111111111111,7.666666666666667,7.444444444444445,โรงงานKT(ถนนบางขุนเทียน-ชายทะเลขาออก) | เขตบางขุนเท...
โรงเรียนลำสาลี | เขตบางกะปิ,148,124,272,162,110,19,7.7894736842105265,6.526315789473684,14.31578947368421,8.526315789473685,5.7894736842105265,โรงเรียนลำสาลี | เขตบางกะปิ
บริษัทหินอ่อน (ถนนประชาอุทิศขาออก) | เขตวังทองหลาง,165,107,272,159,113,18,9.166666666666666,5.944444444444445,15.11111111111111,8.833333333333334,6.277777777777778,บริษัทหินอ่อน (ถนนประชาอุทิศขาออก) | เขตวังทองหลาง
"ซอยต้นสน,ตรงข้ามสถานฑูตอังกฤษ | เขตปทุมวัน",128,144,272,138,134,20,6.4,7.2,13.6,6.9,6.7,"ซอยต้นสน,ตรงข้ามสถานฑูตอังกฤษ | เขตปทุมวัน"
ฐานทัพอากาศ | เขตดอนเมือง,199,72,271,169,102,23,8.652173913043478,3.130434782608696,11.782608695652174,7.3478260869565215,4.434782608695652,ฐานทัพอากาศ | เขตดอนเมือง
บริษัทเอเชียติ๊ก(ถนนเจริญกรุงขาเขา) | เขตบางคอแหลม,127,144,271,155,116,21,6.0476190476190474,6.857142857142857,12.904761904761905,7.380952380952381,5.523809523809524,บริษัทเอเชียติ๊ก(ถนนเจริญกรุงขาเขา) | เขตบางคอแหลม
สำนักงานเขตบางขุนเทียนสนามฟุตบอลสุขโกกี | เขตบางขุนเทียน,188,83,271,161,110,23,8.173913043478262,3.608695652173913,11.782608695652174,7.0,4.782608695652174,สำนักงานเขตบางขุนเทียนสนามฟุตบอลสุขโกกี | เขตบางขุน...
แยกคลองต้นไทร | เขตคลองสาน,138,132,270,146,124,18,7.666666666666667,7.333333333333333,15.0,8.11111111111111,6.888888888888889,แยกคลองต้นไทร | เขตคลองสาน
เขตสวนหลวง | เขตสวนหลวง,142,128,270,183,87,22,6.454545454545454,5.818181818181818,12.272727272727273,8.318181818181818,3.9545454545454546,เขตสวนหลวง | เขตสวนหลวง
แยกบางบอน(ถนนกัลปพฤกษ์ขาออก) | เขตบางบอน,163,106,269,148,121,19,8.578947368421053,5.578947368421052,14.157894736842104,7.7894736842105265,6.368421052631579,แยกบางบอน(ถนนกัลปพฤกษ์ขาออก) | เขตบางบอน
ซอยเพชรเกษม 54 | เขตภาษีเจริญ,137,132,269,165,104,20,6.85,6.6,13.45,8.25,5.2,ซอยเพชรเกษม 54 | เขตภาษีเจริญ
ซอยสมเด็จพระปิ่นเกล้า 3 | เขตบางพลัด,102,167,269,149,120,17,6.0,9.823529411764707,15.823529411764707,8.764705882352942,7.0588235294117645,ซอยสมเด็จพระปิ่นเกล้า 3 | เขตบางพลัด
"ซอยนวมินทร์ 151,หมู่บ้านเอื้องสุข | เขตบึงกุ่ม",161,106,267,164,103,20,8.05,5.3,13.35,8.2,5.15,"ซอยนวมินทร์ 151,หมู่บ้านเอื้องสุข | เขตบึงกุ่ม"
ตรงข้ามแกรนด์วิลเลจ | เขตวังทองหลาง,168,99,267,154,113,16,10.5,6.1875,16.6875,9.625,7.0625,ตรงข้ามแกรนด์วิลเลจ | เขตวังทองหลาง
ซอยภาวนา | เขตห้วยขวาง,146,121,267,150,117,18,8.11111111111111,6.722222222222222,14.833333333333334,8.333333333333334,6.5,ซอยภาวนา | เขตห้วยขวาง
บริษัทกรุงเทพธุรภัณฑ์กรุ๊ปจำกัด | เขตพญาไท,172,94,266,150,116,20,8.6,4.7,13.3,7.5,5.8,บริษัทกรุงเทพธุรภัณฑ์กรุ๊ปจำกัด | เขตพญาไท
ตรงข้ามกรมทหารเรือ(อรุณอัมรินทร์) | เขตบางกอกน้อย,143,123,266,162,104,22,6.5,5.590909090909091,12.090909090909092,7.363636363636363,4.7272727272727275,ตรงข้ามกรมทหารเรือ(อรุณอัมรินทร์) | เขตบางกอกน้อย
ตรงข้ามรามคำแหง 68 | เขตบางกะปิ,175,90,265,153,112,23,7.608695652173913,3.9130434782608696,11.521739130434783,6.6521739130434785,4.869565217391305,ตรงข้ามรามคำแหง 68 | เขตบางกะปิ
สภาวิศวกร | เขตวังทองหลาง,140,125,265,148,117,20,7.0,6.25,13.25,7.4,5.85,สภาวิศวกร | เขตวังทองหลาง
หมู่บ้านสวัสดิการทหาร | เขตบางเขน,147,118,265,168,97,23,6.391304347826087,5.130434782608695,11.521739130434783,7.304347826086956,4.217391304347826,หมู่บ้านสวัสดิการทหาร | เขตบางเขน
ด่านคลองประปา 2 | เขตพญาไท,131,134,265,146,119,14,9.357142857142858,9.571428571428571,18.928571428571427,10.428571428571429,8.5,ด่านคลองประปา 2 | เขตพญาไท
ประชาราษฎร์สาย 1 ซอย 26 | เขตบางซื่อ,150,115,265,141,124,17,8.823529411764707,6.764705882352941,15.588235294117647,8.294117647058824,7.294117647058823,ประชาราษฎร์สาย 1 ซอย 26 | เขตบางซื่อ
ซอยพหลโยธิน 65 | เขตบางเขน,157,107,264,161,103,20,7.85,5.35,13.2,8.05,5.15,ซอยพหลโยธิน 65 | เขตบางเขน
ท่าเรือวัดม่วง | เขตบางแค,118,145,263,144,119,20,5.9,7.25,13.15,7.2,5.95,ท่าเรือวัดม่วง | เขตบางแค
ซอยเฉลิมพระเกียรติ 16 | เขตประเวศ,185,78,263,152,111,21,8.80952380952381,3.7142857142857144,12.523809523809524,7.238095238095238,5.285714285714286,ซอยเฉลิมพระเกียรติ 16 | เขตประเวศ
ตรงข้ามมหาวิทยาลัยเกษมบัณฑิต ร่มเกล้า | เขตมีนบุรี,169,94,263,150,113,22,7.681818181818182,4.2727272727272725,11.954545454545455,6.818181818181818,5.136363636363637,ตรงข้ามมหาวิทยาลัยเกษมบัณฑิต ร่มเกล้า | เขตมีนบุรี
ธนาคารเพื่อการเกษตรและสหกรณ์การเกษตร (สำนักงานใหญ่) | เขตจตุจักร,197,66,263,165,98,20,9.85,3.3,13.15,8.25,4.9,ธนาคารเพื่อการเกษตรและสหกรณ์การเกษตร (สำนักงานใหญ่)...
"โรงเรียนอนุบาลใจทิพย์,เดอะมอลล์รามคำแหง 3 | เขตบางกะปิ",169,94,263,140,123,18,9.38888888888889,5.222222222222222,14.61111111111111,7.777777777777778,6.833333333333333,"โรงเรียนอนุบาลใจทิพย์,เดอะมอลล์รามคำแหง 3 | เขตบางก..."
BTS ทองหล่อ(ทางออก 1) | เขตคลองเตย,151,111,262,123,139,9,16.77777777777778,12.333333333333334,29.11111111111111,13.666666666666666,15.444444444444445,BTS ทองหล่อ(ทางออก 1) | เขตคลองเตย
ซอยสุขุมวิท 34(ซอยสุภางค์) | เขตคลองเตย,152,110,262,132,130,17,8.941176470588236,6.470588235294118,15.411764705882353,7.764705882352941,7.647058823529412,ซอยสุขุมวิท 34(ซอยสุภางค์) | เขตคลองเตย
วัดหลักสี่ | เขตหลักสี่,148,114,262,134,128,11,13.454545454545455,10.363636363636363,23.818181818181817,12.181818181818182,11.636363636363637,วัดหลักสี่ | เขตหลักสี่
"วิทยาลัยการท่องเที่ยว,หมู่บ้านมโนรมย์4 | เขตคลองสามวา",165,97,262,145,117,16,10.3125,6.0625,16.375,9.0625,7.3125,"วิทยาลัยการท่องเที่ยว,หมู่บ้านมโนรมย์4 | เขตคลองสาม..."
หมู่บ้านอรุณวรรณ | เขตคลองสามวา,171,91,262,148,114,19,9.0,4.7894736842105265,13.789473684210526,7.7894736842105265,6.0,หมู่บ้านอรุณวรรณ | เขตคลองสามวา
ตลาดนางเลิ้ง | เขตป้อมปราบศัตรูพ่าย,127,135,262,156,106,20,6.35,6.75,13.1,7.8,5.3,ตลาดนางเลิ้ง | เขตป้อมปราบศัตรูพ่าย
ตรงข้ามโรงเรียนเพชรถนอม | เขตลาดพร้าว,159,103,262,165,97,23,6.913043478260869,4.478260869565218,11.391304347826088,7.173913043478261,4.217391304347826,ตรงข้ามโรงเรียนเพชรถนอม | เขตลาดพร้าว
ตรงข้ามวชิรพยาบาล | เขตดุสิต,142,119,261,158,103,16,8.875,7.4375,16.3125,9.875,6.4375,ตรงข้ามวชิรพยาบาล | เขตดุสิต
"อาคารเอื้ออมรสุข,ซอยอมร | เขตยานนาวา",165,96,261,147,114,20,8.25,4.8,13.05,7.35,5.7,"อาคารเอื้ออมรสุข,ซอยอมร | เขตยานนาวา"
วัดสน | เขตราษฎร์บูรณะ,147,114,261,153,108,17,8.647058823529411,6.705882352941177,15.352941176470589,9.0,6.352941176470588,วัดสน | เขตราษฎร์บูรณะ
บริษัท สามเสนบริวเวอรี่ จำกัด | เขตดุสิต,120,141,261,180,81,24,5.0,5.875,10.875,7.5,3.375,บริษัท สามเสนบริวเวอรี่ จำกัด | เขตดุสิต
ทำเนียบรัฐบาล | เขตดุสิต,137,124,261,170,91,23,5.956521739130435,5.391304347826087,11.347826086956522,7.391304347826087,3.9565217391304346,ทำเนียบรัฐบาล | เขตดุสิต
MRT หัวลำโพง(ทางออก4) | เขตบางรัก,150,111,261,149,112,19,7.894736842105263,5.842105263157895,13.736842105263158,7.842105263157895,5.894736842105263,MRT หัวลำโพง(ทางออก4) | เขตบางรัก
จุฬาลงกรณ์ 11 | เขตบางรัก,132,129,261,128,133,12,11.0,10.75,21.75,10.666666666666666,11.083333333333334,จุฬาลงกรณ์ 11 | เขตบางรัก
ชุมชนรุ่งมณีพัฒนา | เขตวังทองหลาง,145,116,261,142,119,17,8.529411764705882,6.823529411764706,15.352941176470589,8.352941176470589,7.0,ชุมชนรุ่งมณีพัฒนา | เขตวังทองหลาง
วัดชัยชนะสงคราม(วัดตึก) | เขตป้อมปราบศัตรูพ่าย,122,139,261,112,149,13,9.384615384615385,10.692307692307692,20.076923076923077,8.615384615384615,11.461538461538462,วัดชัยชนะสงคราม(วัดตึก) | เขตป้อมปราบศัตรูพ่าย
MRT วัดมังกร | เขตป้อมปราบศัตรูพ่าย,135,126,261,115,146,5,27.0,25.2,52.2,23.0,29.2,MRT วัดมังกร | เขตป้อมปราบศัตรูพ่าย
แม้นศรี | เขตป้อมปราบศัตรูพ่าย,156,105,261,141,120,16,9.75,6.5625,16.3125,8.8125,7.5,แม้นศรี | เขตป้อมปราบศัตรูพ่าย
โรงเรียนราชวินิตร | เขตดุสิต,110,150,260,152,108,20,5.5,7.5,13.0,7.6,5.4,โรงเรียนราชวินิตร | เขตดุสิต
SRT หัวหมาก | เขตสวนหลวง,42,218,260,148,112,26,1.6153846153846154,8.384615384615385,10.0,5.6923076923076925,4.3076923076923075,SRT หัวหมาก | เขตสวนหลวง
"โกดังชัยยงค์,ซอยราษฎร์บูรณะ 36 | เขตราษฎร์บูรณะ",156,104,260,140,120,17,9.176470588235293,6.117647058823529,15.294117647058824,8.235294117647058,7.0588235294117645,"โกดังชัยยงค์,ซอยราษฎร์บูรณะ 36 | เขตราษฎร์บูรณะ"
โรงงานKT(ถนนบางขุนเทียน-ชายทะเลขาเข้า) | เขตบางขุนเทียน,129,131,260,140,120,19,6.7894736842105265,6.894736842105263,13.68421052631579,7.368421052631579,6.315789473684211,โรงงานKT(ถนนบางขุนเทียน-ชายทะเลขาเข้า) | เขตบางขุนเ...
ซอยรามคำแหง 43/1 | เขตบางกะปิ,142,118,260,146,114,19,7.473684210526316,6.2105263157894735,13.68421052631579,7.684210526315789,6.0,ซอยรามคำแหง 43/1 | เขตบางกะปิ
โรงเรียนสตรีเศรษฐบุตรบำเพ็ญ | เขตมีนบุรี,142,118,260,183,77,24,5.916666666666667,4.916666666666667,10.833333333333334,7.625,3.2083333333333335,โรงเรียนสตรีเศรษฐบุตรบำเพ็ญ | เขตมีนบุรี
ราชพฤกษ์ 19 | เขตตลิ่งชัน,125,135,260,137,123,16,7.8125,8.4375,16.25,8.5625,7.6875,ราชพฤกษ์ 19 | เขตตลิ่งชัน
ตรงข้ามคลองจั่นวิลล่า 4 | เขตสะพานสูง,154,106,260,179,81,28,5.5,3.7857142857142856,9.285714285714286,6.392857142857143,2.892857142857143,ตรงข้ามคลองจั่นวิลล่า 4 | เขตสะพานสูง
หมู่บ้านวังทองวิภาวดีซอย 47 | เขตดอนเมือง,225,35,260,154,106,27,8.333333333333334,1.2962962962962963,9.62962962962963,5.703703703703703,3.925925925925926,หมู่บ้านวังทองวิภาวดีซอย 47 | เขตดอนเมือง
"เจริญนคร ซอย 22,23 | เขตคลองสาน",114,145,259,148,111,21,5.428571428571429,6.904761904761905,12.333333333333334,7.0476190476190474,5.285714285714286,"เจริญนคร ซอย 22,23 | เขตคลองสาน"
ตรงข้ามโรงพยาบาลเจริญกรุง(ตรงข้ามซอยเจริญกรุง 86) | เขตบางคอแหลม,103,156,259,161,98,20,5.15,7.8,12.95,8.05,4.9,ตรงข้ามโรงพยาบาลเจริญกรุง(ตรงข้ามซอยเจริญกรุง 86) |...
ซอยรามอินทรา 65 | เขตบึงกุ่ม,159,100,259,140,119,11,14.454545454545455,9.090909090909092,23.545454545454547,12.727272727272727,10.818181818181818,ซอยรามอินทรา 65 | เขตบึงกุ่ม
บ้านโสภา (ถนนบางเชือกหนัง) | เขตตลิ่งชัน,140,119,259,145,114,18,7.777777777777778,6.611111111111111,14.38888888888889,8.055555555555555,6.333333333333333,บ้านโสภา (ถนนบางเชือกหนัง) | เขตตลิ่งชัน
สจล.(สำนักงานอธิการบดี) | เขตลาดกระบัง,170,89,259,157,102,18,9.444444444444445,4.944444444444445,14.38888888888889,8.722222222222221,5.666666666666667,สจล.(สำนักงานอธิการบดี) | เขตลาดกระบัง
ครัวคุณย่า | เขตดุสิต,129,130,259,144,115,17,7.588235294117647,7.647058823529412,15.235294117647058,8.470588235294118,6.764705882352941,ครัวคุณย่า | เขตดุสิต
ซอยวัดมหาพฤฒาราม | เขตบางรัก,142,116,258,139,119,15,9.466666666666667,7.733333333333333,17.2,9.266666666666667,7.933333333333334,ซอยวัดมหาพฤฒาราม | เขตบางรัก
"ซอยลาดพร้าว 40,ศิริชัยไก่ย่าง | เขตจตุจักร",145,113,258,151,107,16,9.0625,7.0625,16.125,9.4375,6.6875,"ซอยลาดพร้าว 40,ศิริชัยไก่ย่าง | เขตจตุจักร"
ตรงข้ามวัดตะกล่ำ | เขตประเวศ,156,102,258,139,119,15,10.4,6.8,17.2,9.266666666666667,7.933333333333334,ตรงข้ามวัดตะกล่ำ | เขตประเวศ
ตรงข้ามอาคารเสริมมิตร | เขตวัฒนา,128,130,258,132,126,18,7.111111111111111,7.222222222222222,14.333333333333334,7.333333333333333,7.0,ตรงข้ามอาคารเสริมมิตร | เขตวัฒนา
"ซอยลาดพร้าว64,ตรงข้ามศึกษาภัณฑ์พาณิชย์ | เขตวังทองหลาง",112,146,258,141,117,19,5.894736842105263,7.684210526315789,13.578947368421053,7.421052631578948,6.157894736842105,"ซอยลาดพร้าว64,ตรงข้ามศึกษาภัณฑ์พาณิชย์ | เขตวังทองห..."
ตรงข้ามโรงเรียนชินวร | เขตบึงกุ่ม,137,120,257,149,108,15,9.133333333333333,8.0,17.133333333333333,9.933333333333334,7.2,ตรงข้ามโรงเรียนชินวร | เขตบึงกุ่ม
ตึกช้าง | เขตจตุจักร,144,113,257,143,114,17,8.470588235294118,6.647058823529412,15.117647058823529,8.411764705882353,6.705882352941177,ตึกช้าง | เขตจตุจักร
ซอยสมเด็จเจ้าพระยา 12 | เขตคลองสาน,155,102,257,149,108,19,8.157894736842104,5.368421052631579,13.526315789473685,7.842105263157895,5.684210526315789,ซอยสมเด็จเจ้าพระยา 12 | เขตคลองสาน
นางลิ้นจี่ | เขตยานนาวา,126,131,257,144,113,15,8.4,8.733333333333333,17.133333333333333,9.6,7.533333333333333,นางลิ้นจี่ | เขตยานนาวา
ตลาดโอ๋เอ๋ | เขตจอมทอง,140,117,257,138,119,20,7.0,5.85,12.85,6.9,5.95,ตลาดโอ๋เอ๋ | เขตจอมทอง
BTS สะพานควาย(ทางออก1) | เขตพญาไท,121,136,257,129,128,18,6.722222222222222,7.555555555555555,14.277777777777779,7.166666666666667,7.111111111111111,BTS สะพานควาย(ทางออก1) | เขตพญาไท
บางขุนนนท์ทาวเวอร์(ชักพระ1) | เขตตลิ่งชัน,132,124,256,146,110,19,6.947368421052632,6.526315789473684,13.473684210526315,7.684210526315789,5.7894736842105265,บางขุนนนท์ทาวเวอร์(ชักพระ1) | เขตตลิ่งชัน
ซอยมัยลาภ(ถนนประเสริฐมนูกิจขาออก) | เขตลาดพร้าว,147,109,256,137,119,18,8.166666666666666,6.055555555555555,14.222222222222221,7.611111111111111,6.611111111111111,ซอยมัยลาภ(ถนนประเสริฐมนูกิจขาออก) | เขตลาดพร้าว
สำนักงานเขตบางกอกใหญ่ | เขตบางกอกใหญ่,116,140,256,172,84,24,4.833333333333333,5.833333333333333,10.666666666666666,7.166666666666667,3.5,สำนักงานเขตบางกอกใหญ่ | เขตบางกอกใหญ่
ซอยนาคนิวาส 13 | เขตลาดพร้าว,140,116,256,157,99,21,6.666666666666667,5.523809523809524,12.19047619047619,7.476190476190476,4.714285714285714,ซอยนาคนิวาส 13 | เขตลาดพร้าว
วัดมะเกลือ | เขตจอมทอง,140,116,256,132,124,15,9.333333333333334,7.733333333333333,17.066666666666666,8.8,8.266666666666667,วัดมะเกลือ | เขตจอมทอง
สถาบันความงามควีน | เขตคันนายาว,140,116,256,143,113,18,7.777777777777778,6.444444444444445,14.222222222222221,7.944444444444445,6.277777777777778,สถาบันความงามควีน | เขตคันนายาว
ซอยเอกชัย 99/1 | เขตบางบอน,150,105,255,154,101,21,7.142857142857143,5.0,12.142857142857142,7.333333333333333,4.809523809523809,ซอยเอกชัย 99/1 | เขตบางบอน
ตลาดนัดวังรุ้ง | เขตบึงกุ่ม,156,99,255,152,103,18,8.666666666666666,5.5,14.166666666666666,8.444444444444445,5.722222222222222,ตลาดนัดวังรุ้ง | เขตบึงกุ่ม
"บริษัท สหพัฒนพิบูลจำกัด, | เขตห้วยขวาง",116,139,255,145,110,19,6.105263157894737,7.315789473684211,13.421052631578947,7.631578947368421,5.7894736842105265,"บริษัท สหพัฒนพิบูลจำกัด, | เขตห้วยขวาง"
ตรงข้ามกระทรวงมหาดไทย | เขตพระนคร,98,157,255,165,90,18,5.444444444444445,8.722222222222221,14.166666666666666,9.166666666666666,5.0,ตรงข้ามกระทรวงมหาดไทย | เขตพระนคร
ตรงข้ามสนามกีฬาการท่าเรือ | เขตคลองเตย,136,118,254,131,123,18,7.555555555555555,6.555555555555555,14.11111111111111,7.277777777777778,6.833333333333333,ตรงข้ามสนามกีฬาการท่าเรือ | เขตคลองเตย
"ดับเพลิง,อ่อนนุช | เขตคลองเตย",133,121,254,139,115,18,7.388888888888889,6.722222222222222,14.11111111111111,7.722222222222222,6.388888888888889,"ดับเพลิง,อ่อนนุช | เขตคลองเตย"
โรงเรียนอนุบาลสายทิพย์ | เขตสวนหลวง,154,100,254,141,113,19,8.105263157894736,5.2631578947368425,13.368421052631579,7.421052631578948,5.947368421052632,โรงเรียนอนุบาลสายทิพย์ | เขตสวนหลวง
ตรงข้ามศาลแขวงดุสิต | เขตตลิ่งชัน,192,62,254,166,88,24,8.0,2.5833333333333335,10.583333333333334,6.916666666666667,3.6666666666666665,ตรงข้ามศาลแขวงดุสิต | เขตตลิ่งชัน
แยกโรงไม้(ถนนนาคนิวาสขาเข้า) | เขตลาดพร้าว,153,101,254,141,113,18,8.5,5.611111111111111,14.11111111111111,7.833333333333333,6.277777777777778,แยกโรงไม้(ถนนนาคนิวาสขาเข้า) | เขตลาดพร้าว
วัดชัยชนะสงคราม(วัดตึก) | เขตสัมพันธวงศ์,117,137,254,122,132,13,9.0,10.538461538461538,19.53846153846154,9.384615384615385,10.153846153846153,วัดชัยชนะสงคราม(วัดตึก) | เขตสัมพันธวงศ์
ปั๊มแก๊ส LPG | เขตบางบอน,144,110,254,121,133,17,8.470588235294118,6.470588235294118,14.941176470588236,7.117647058823529,7.823529411764706,ปั๊มแก๊ส LPG | เขตบางบอน
ซอยนวมินทร์ 135 | เขตบึงกุ่ม,157,97,254,138,116,18,8.722222222222221,5.388888888888889,14.11111111111111,7.666666666666667,6.444444444444445,ซอยนวมินทร์ 135 | เขตบึงกุ่ม
แยกลาดพร้าว-รัชดา(ซอยลาดพร้าว 25) | เขตจตุจักร,86,168,254,138,116,23,3.739130434782609,7.304347826086956,11.043478260869565,6.0,5.043478260869565,แยกลาดพร้าว-รัชดา(ซอยลาดพร้าว 25) | เขตจตุจักร
"ศรีนครินทร์ซอย45,ตรงข้ามหมู่บ้านมิตรภาพ | เขตประเวศ",145,108,253,147,106,19,7.631578947368421,5.684210526315789,13.31578947368421,7.7368421052631575,5.578947368421052,"ศรีนครินทร์ซอย45,ตรงข้ามหมู่บ้านมิตรภาพ | เขตประเวศ"
ตรงข้ามซอยสุขสม | เขตบึงกุ่ม,177,76,253,149,104,21,8.428571428571429,3.619047619047619,12.047619047619047,7.095238095238095,4.9523809523809526,ตรงข้ามซอยสุขสม | เขตบึงกุ่ม
กระทรวงกลาโหม | เขตพระนคร,127,126,253,129,124,19,6.684210526315789,6.631578947368421,13.31578947368421,6.7894736842105265,6.526315789473684,กระทรวงกลาโหม | เขตพระนคร
ตรงข้ามกรมป้องกันและบรรเทาสาธารณภัย | เขตดุสิต,144,109,253,157,96,20,7.2,5.45,12.65,7.85,4.8,ตรงข้ามกรมป้องกันและบรรเทาสาธารณภัย | เขตดุสิต
ซอยเอกชัย 11 | เขตจอมทอง,163,89,252,146,106,21,7.761904761904762,4.238095238095238,12.0,6.9523809523809526,5.0476190476190474,ซอยเอกชัย 11 | เขตจอมทอง
"TOT,ซอยอินทามะระ 32 | เขตดินแดง",154,98,252,136,116,19,8.105263157894736,5.157894736842105,13.263157894736842,7.157894736842105,6.105263157894737,"TOT,ซอยอินทามะระ 32 | เขตดินแดง"
ซอยเอกมัย 2 | เขตวัฒนา,119,133,252,139,113,16,7.4375,8.3125,15.75,8.6875,7.0625,ซอยเอกมัย 2 | เขตวัฒนา
หมู่บ้านปรีชา 2(รามคำแหง159/1) | เขตสะพานสูง,142,110,252,156,96,22,6.454545454545454,5.0,11.454545454545455,7.090909090909091,4.363636363636363,หมู่บ้านปรีชา 2(รามคำแหง159/1) | เขตสะพานสูง
โรงเรียนขจรโรจน์ | เขตทุ่งครุ,142,110,252,141,111,21,6.761904761904762,5.238095238095238,12.0,6.714285714285714,5.285714285714286,โรงเรียนขจรโรจน์ | เขตทุ่งครุ
ตรงข้ามซอยอนามัย | เขตราษฎร์บูรณะ,144,108,252,136,116,15,9.6,7.2,16.8,9.066666666666666,7.733333333333333,ตรงข้ามซอยอนามัย | เขตราษฎร์บูรณะ
"ซอยน้ำใส,ซอยพหลโยธิน 61 | เขตบางเขน",133,118,251,141,110,17,7.823529411764706,6.9411764705882355,14.764705882352942,8.294117647058824,6.470588235294118,"ซอยน้ำใส,ซอยพหลโยธิน 61 | เขตบางเขน"
สาทร-คอนแวนต์ | เขตสาทร,130,121,251,129,122,9,14.444444444444445,13.444444444444445,27.88888888888889,14.333333333333334,13.555555555555555,สาทร-คอนแวนต์ | เขตสาทร
BTS สะพานควาย | เขตพญาไท,137,113,250,139,111,22,6.2272727272727275,5.136363636363637,11.363636363636363,6.318181818181818,5.045454545454546,BTS สะพานควาย | เขตพญาไท
รามอินทรา 86 | เขตมีนบุรี,157,93,250,146,104,20,7.85,4.65,12.5,7.3,5.2,รามอินทรา 86 | เขตมีนบุรี
สวนเฉลิมพระเกียรติร.9มีนบุรี | เขตมีนบุรี,138,112,250,153,97,20,6.9,5.6,12.5,7.65,4.85,สวนเฉลิมพระเกียรติร.9มีนบุรี | เขตมีนบุรี
ตรงข้ามอินทราสแควร์ประตูน้ำ | เขตราชเทวี,119,131,250,133,117,16,7.4375,8.1875,15.625,8.3125,7.3125,ตรงข้ามอินทราสแควร์ประตูน้ำ | เขตราชเทวี
ซอยประชาอุทิศ 54 | เขตทุ่งครุ,169,80,249,146,103,20,8.45,4.0,12.45,7.3,5.15,ซอยประชาอุทิศ 54 | เขตทุ่งครุ
หมู่บ้านพิบูลย์บางซื่อ | เขตบางซื่อ,173,76,249,146,103,22,7.863636363636363,3.4545454545454546,11.318181818181818,6.636363636363637,4.681818181818182,หมู่บ้านพิบูลย์บางซื่อ | เขตบางซื่อ
ตรงข้ามธนาคารกสิกรไทยราษฎร์บูรณะ 32/2 | เขตราษฎร์บูรณะ,155,94,249,176,73,23,6.739130434782608,4.086956521739131,10.826086956521738,7.6521739130434785,3.1739130434782608,ตรงข้ามธนาคารกสิกรไทยราษฎร์บูรณะ 32/2 | เขตราษฎร์บู...
บริษัทสานติบรรจุภัณฑ์จำกัด | เขตมีนบุรี,172,77,249,149,100,21,8.19047619047619,3.6666666666666665,11.857142857142858,7.095238095238095,4.761904761904762,บริษัทสานติบรรจุภัณฑ์จำกัด | เขตมีนบุรี
วัดพระพิเรนทร์ | เขตป้อมปราบศัตรูพ่าย,128,121,249,140,109,18,7.111111111111111,6.722222222222222,13.833333333333334,7.777777777777778,6.055555555555555,วัดพระพิเรนทร์ | เขตป้อมปราบศัตรูพ่าย
ซอยนวลจันทร์ 50 | เขตบึงกุ่ม,146,103,249,135,114,17,8.588235294117647,6.0588235294117645,14.647058823529411,7.9411764705882355,6.705882352941177,ซอยนวลจันทร์ 50 | เขตบึงกุ่ม
"""ซอยศรีนครินทร์ 42 | เขตประเวศ",92,157,249,37,49,2,46.0,78.5,124.5,18.5,24.5,"""ซอยศรีนครินทร์ 42 | เขตประเวศ"
"แยกสุขุมวิท-อโศก,ตลาดอโศก | เขตวัฒนา",121,128,249,132,117,18,6.722222222222222,7.111111111111111,13.833333333333334,7.333333333333333,6.5,"แยกสุขุมวิท-อโศก,ตลาดอโศก | เขตวัฒนา"
โรงเรียนสารสาสน์วิเทศบางบอน(ป้าย1) | เขตบางบอน,152,97,249,195,54,25,6.08,3.88,9.96,7.8,2.16,โรงเรียนสารสาสน์วิเทศบางบอน(ป้าย1) | เขตบางบอน
ตรงข้ามบิ๊กซีเอกชัย | เขตบางบอน,136,112,248,139,109,19,7.157894736842105,5.894736842105263,13.052631578947368,7.315789473684211,5.7368421052631575,ตรงข้ามบิ๊กซีเอกชัย | เขตบางบอน
ซอยลาดพร้าว 41/1 | เขตห้วยขวาง,119,129,248,134,114,15,7.933333333333334,8.6,16.533333333333335,8.933333333333334,7.6,ซอยลาดพร้าว 41/1 | เขตห้วยขวาง
บุญถาวรรัชดาภิเษก | เขตดินแดง,140,108,248,138,110,13,10.76923076923077,8.307692307692308,19.076923076923077,10.615384615384615,8.461538461538462,บุญถาวรรัชดาภิเษก | เขตดินแดง
ซอยครูเพี้ยน | เขตบางเขน,169,78,247,156,91,22,7.681818181818182,3.5454545454545454,11.227272727272727,7.090909090909091,4.136363636363637,ซอยครูเพี้ยน | เขตบางเขน
BTS สุรศักดิ์ (ทางออก3) | เขตสาทร,145,102,247,123,124,10,14.5,10.2,24.7,12.3,12.4,BTS สุรศักดิ์ (ทางออก3) | เขตสาทร
ตรงข้ามไปรษณีย์ลาดพร้าว(ลาดพร้าว72) | เขตวังทองหลาง,142,105,247,136,111,18,7.888888888888889,5.833333333333333,13.722222222222221,7.555555555555555,6.166666666666667,ตรงข้ามไปรษณีย์ลาดพร้าว(ลาดพร้าว72) | เขตวังทองหลาง
SRT อโศก | เขตราชเทวี,125,122,247,117,130,14,8.928571428571429,8.714285714285714,17.642857142857142,8.357142857142858,9.285714285714286,SRT อโศก | เขตราชเทวี
ใต้ทางด่วนสาธุประดิษฐ์ | เขตบางคอแหลม,130,116,246,131,115,11,11.818181818181818,10.545454545454545,22.363636363636363,11.909090909090908,10.454545454545455,ใต้ทางด่วนสาธุประดิษฐ์ | เขตบางคอแหลม
แยกวัดสิงห์(ถนนกัลปพฤกษ์ขาเข้า) | เขตภาษีเจริญ,146,100,246,139,107,9,16.22222222222222,11.11111111111111,27.333333333333332,15.444444444444445,11.88888888888889,แยกวัดสิงห์(ถนนกัลปพฤกษ์ขาเข้า) | เขตภาษีเจริญ
ฟู้ดแลนด์ | เขตวังทองหลาง,120,126,246,146,100,24,5.0,5.25,10.25,6.083333333333333,4.166666666666667,ฟู้ดแลนด์ | เขตวังทองหลาง
ท่ามหานาค | เขตป้อมปราบศัตรูพ่าย,102,144,246,148,98,19,5.368421052631579,7.578947368421052,12.947368421052632,7.7894736842105265,5.157894736842105,ท่ามหานาค | เขตป้อมปราบศัตรูพ่าย
ท่าปากคลองตลาด (ยอดพิมาน) | เขตธนบุรี,108,138,246,146,100,17,6.352941176470588,8.117647058823529,14.470588235294118,8.588235294117647,5.882352941176471,ท่าปากคลองตลาด (ยอดพิมาน) | เขตธนบุรี
วัดเทพากร | เขตบางพลัด,119,127,246,122,124,17,7.0,7.470588235294118,14.470588235294118,7.176470588235294,7.294117647058823,วัดเทพากร | เขตบางพลัด
ตรงข้ามซอยสาธุประดิษฐ์ 49 | เขตยานนาวา,122,124,246,135,111,19,6.421052631578948,6.526315789473684,12.947368421052632,7.105263157894737,5.842105263157895,ตรงข้ามซอยสาธุประดิษฐ์ 49 | เขตยานนาวา
ตรงข้ามโรงเรียนสุดใจ | เขตมีนบุรี,138,107,245,135,110,20,6.9,5.35,12.25,6.75,5.5,ตรงข้ามโรงเรียนสุดใจ | เขตมีนบุรี
โรงพยาบาลวิชัยเวช อินเตอร์ | เขตหนองแขม,162,83,245,146,99,25,6.48,3.32,9.8,5.84,3.96,โรงพยาบาลวิชัยเวช อินเตอร์ | เขตหนองแขม
หมู่บ้านเกษรา | เขตคันนายาว,135,110,245,145,100,20,6.75,5.5,12.25,7.25,5.0,หมู่บ้านเกษรา | เขตคันนายาว
ซอยเลียบคลองสอง 1 | เขตคลองสามวา,129,115,244,134,110,15,8.6,7.666666666666667,16.266666666666666,8.933333333333334,7.333333333333333,ซอยเลียบคลองสอง 1 | เขตคลองสามวา
ตรงข้ามหมู่บ้านวังทอง | เขตบึงกุ่ม,125,119,244,140,104,20,6.25,5.95,12.2,7.0,5.2,ตรงข้ามหมู่บ้านวังทอง | เขตบึงกุ่ม
ท่าเรือแยกหลานหลวง | เขตดุสิต,106,138,244,132,112,14,7.571428571428571,9.857142857142858,17.428571428571427,9.428571428571429,8.0,ท่าเรือแยกหลานหลวง | เขตดุสิต
"ซอยสุขุมวิท 27,ตรงข้ามสายน้ำผึ้ง | เขตคลองเตย",135,109,244,124,120,11,12.272727272727273,9.909090909090908,22.181818181818183,11.272727272727273,10.909090909090908,"ซอยสุขุมวิท 27,ตรงข้ามสายน้ำผึ้ง | เขตคลองเตย"
โรงพยาบาลเยาวรักษ์ | เขตธนบุรี,148,96,244,134,110,19,7.7894736842105265,5.052631578947368,12.842105263157896,7.052631578947368,5.7894736842105265,โรงพยาบาลเยาวรักษ์ | เขตธนบุรี
BTS ปุณณวิถี(ทางออก 3) | เขตพระโขนง,130,113,243,138,105,18,7.222222222222222,6.277777777777778,13.5,7.666666666666667,5.833333333333333,BTS ปุณณวิถี(ทางออก 3) | เขตพระโขนง
คลองถม(ฝั่งเจริญกรุง) | เขตป้อมปราบศัตรูพ่าย,118,125,243,112,131,8,14.75,15.625,30.375,14.0,16.375,คลองถม(ฝั่งเจริญกรุง) | เขตป้อมปราบศัตรูพ่าย
ตลาดโบ้เบ้ | เขตป้อมปราบศัตรูพ่าย,115,128,243,117,126,11,10.454545454545455,11.636363636363637,22.09090909090909,10.636363636363637,11.454545454545455,ตลาดโบ้เบ้ | เขตป้อมปราบศัตรูพ่าย
ซอยสาธุประดิษฐ์ 12 | เขตบางคอแหลม,112,131,243,130,113,15,7.466666666666667,8.733333333333333,16.2,8.666666666666666,7.533333333333333,ซอยสาธุประดิษฐ์ 12 | เขตบางคอแหลม
ตรงข้ามบริษัทกรุงเทพคลังเอกสารจำกัด | เขตราษฎร์บูรณะ,123,120,243,152,91,19,6.473684210526316,6.315789473684211,12.789473684210526,8.0,4.7894736842105265,ตรงข้ามบริษัทกรุงเทพคลังเอกสารจำกัด | เขตราษฎร์บูรณะ
ครัวแมกไม้ | เขตคันนายาว,90,153,243,118,125,20,4.5,7.65,12.15,5.9,6.25,ครัวแมกไม้ | เขตคันนายาว
ซอยลาดพร้าว 14 | เขตจตุจักร,123,120,243,137,106,19,6.473684210526316,6.315789473684211,12.789473684210526,7.2105263157894735,5.578947368421052,ซอยลาดพร้าว 14 | เขตจตุจักร
พุทธมณฑลสาย 3-บรมราชชนนี(ขาเข้า) | เขตทวีวัฒนา,187,55,242,150,92,22,8.5,2.5,11.0,6.818181818181818,4.181818181818182,พุทธมณฑลสาย 3-บรมราชชนนี(ขาเข้า) | เขตทวีวัฒนา
แยกบางนา(บางนา-ตราดขาออก) | เขตบางนา,125,117,242,131,111,17,7.352941176470588,6.882352941176471,14.235294117647058,7.705882352941177,6.529411764705882,แยกบางนา(บางนา-ตราดขาออก) | เขตบางนา
ตลาดวัดนาค | เขตจอมทอง,144,98,242,130,112,15,9.6,6.533333333333333,16.133333333333333,8.666666666666666,7.466666666666667,ตลาดวัดนาค | เขตจอมทอง
จุฬาลงกรณ์มหาวิทยาลัย (คณะวิทยาศาสตร์) | เขตปทุมวัน,127,115,242,129,113,16,7.9375,7.1875,15.125,8.0625,7.0625,จุฬาลงกรณ์มหาวิทยาลัย (คณะวิทยาศาสตร์) | เขตปทุมวัน
ซอยบาร์โบส 2 | เขตคลองเตย,122,119,241,130,111,14,8.714285714285714,8.5,17.214285714285715,9.285714285714286,7.928571428571429,ซอยบาร์โบส 2 | เขตคลองเตย
วิทยาลัยพณิชยการเชตุพน | เขตราษฎร์บูรณะ,125,116,241,143,98,20,6.25,5.8,12.05,7.15,4.9,วิทยาลัยพณิชยการเชตุพน | เขตราษฎร์บูรณะ
BRT สะพานพระราม9 | เขตบางคอแหลม,135,106,241,141,100,22,6.136363636363637,4.818181818181818,10.954545454545455,6.409090909090909,4.545454545454546,BRT สะพานพระราม9 | เขตบางคอแหลม
ราชดำเนินคอนโดมิเนียม | เขตป้อมปราบศัตรูพ่าย,136,104,240,126,114,14,9.714285714285714,7.428571428571429,17.142857142857142,9.0,8.142857142857142,ราชดำเนินคอนโดมิเนียม | เขตป้อมปราบศัตรูพ่าย
บริษัท เบนซ์ตลิ่งชัน จำกัด | เขตตลิ่งชัน,132,108,240,139,101,22,6.0,4.909090909090909,10.909090909090908,6.318181818181818,4.590909090909091,บริษัท เบนซ์ตลิ่งชัน จำกัด | เขตตลิ่งชัน
ตรงข้ามซอยคลังมนตรี | เขตบางซื่อ,105,135,240,126,114,16,6.5625,8.4375,15.0,7.875,7.125,ตรงข้ามซอยคลังมนตรี | เขตบางซื่อ
ตรงข้ามโรงเรียนพัฒนาช่างเทคนิคยานยนต์ | เขตบางแค,137,102,239,145,94,24,5.708333333333333,4.25,9.958333333333334,6.041666666666667,3.9166666666666665,ตรงข้ามโรงเรียนพัฒนาช่างเทคนิคยานยนต์ | เขตบางแค
จุฬาลงกรณ์มหาวิทยาลัย | เขตปทุมวัน,115,124,239,122,117,13,8.846153846153847,9.538461538461538,18.384615384615383,9.384615384615385,9.0,จุฬาลงกรณ์มหาวิทยาลัย | เขตปทุมวัน
คริสตจักรธนบุรี | เขตบางบอน,149,90,239,134,105,18,8.277777777777779,5.0,13.277777777777779,7.444444444444445,5.833333333333333,คริสตจักรธนบุรี | เขตบางบอน
MRT รัชดาภิเษก | เขตห้วยขวาง,127,111,238,126,112,6,21.166666666666668,18.5,39.666666666666664,21.0,18.666666666666668,MRT รัชดาภิเษก | เขตห้วยขวาง
ตรงล๊อก 6 | เขตคลองเตย,134,104,238,139,99,17,7.882352941176471,6.117647058823529,14.0,8.176470588235293,5.823529411764706,ตรงล๊อก 6 | เขตคลองเตย
ตรงข้ามโรงพยาบาลลาดพร้าว | เขตวังทองหลาง,114,124,238,133,105,16,7.125,7.75,14.875,8.3125,6.5625,ตรงข้ามโรงพยาบาลลาดพร้าว | เขตวังทองหลาง
แยกร่มเกล้า-ลาดกระบัง | เขตลาดกระบัง,142,96,238,143,95,17,8.352941176470589,5.647058823529412,14.0,8.411764705882353,5.588235294117647,แยกร่มเกล้า-ลาดกระบัง | เขตลาดกระบัง
สวนนาคราภิรมย์ | เขตพระนคร,127,111,238,138,100,17,7.470588235294118,6.529411764705882,14.0,8.117647058823529,5.882352941176471,สวนนาคราภิรมย์ | เขตพระนคร
โรงพยาบาลเทพธารินทร์ | เขตคลองเตย,136,102,238,134,104,17,8.0,6.0,14.0,7.882352941176471,6.117647058823529,โรงพยาบาลเทพธารินทร์ | เขตคลองเตย
"ภูเขาทอง,วัดสระเกศ | เขตป้อมปราบศัตรูพ่าย",124,113,237,141,96,18,6.888888888888889,6.277777777777778,13.166666666666666,7.833333333333333,5.333333333333333,"ภูเขาทอง,วัดสระเกศ | เขตป้อมปราบศัตรูพ่าย"
โรงเรียนเพชรรัตน์ | เขตบางซื่อ,168,69,237,130,107,18,9.333333333333334,3.8333333333333335,13.166666666666666,7.222222222222222,5.944444444444445,โรงเรียนเพชรรัตน์ | เขตบางซื่อ
วัดหลักสี่ | เขตดอนเมือง,134,102,236,122,114,14,9.571428571428571,7.285714285714286,16.857142857142858,8.714285714285714,8.142857142857142,วัดหลักสี่ | เขตดอนเมือง
"ซอยเลียบคลองสอง 11,ตรงข้ามเขตคลองสามวา | เขตคลองสามวา",121,115,236,158,78,22,5.5,5.2272727272727275,10.727272727272727,7.181818181818182,3.5454545454545454,"ซอยเลียบคลองสอง 11,ตรงข้ามเขตคลองสามวา | เขตคลองสาม..."
ซอยเอกชัย 95/1 | เขตบางบอน,143,93,236,122,114,17,8.411764705882353,5.470588235294118,13.882352941176471,7.176470588235294,6.705882352941177,ซอยเอกชัย 95/1 | เขตบางบอน
หมู่บ้านการ์เด้นโฮม | เขตสายไหม,155,81,236,140,96,19,8.157894736842104,4.2631578947368425,12.421052631578947,7.368421052631579,5.052631578947368,หมู่บ้านการ์เด้นโฮม | เขตสายไหม
ตรงข้ามซอยสมเด็จเจ้าพระยา 12 | เขตคลองสาน,138,98,236,134,102,17,8.117647058823529,5.764705882352941,13.882352941176471,7.882352941176471,6.0,ตรงข้ามซอยสมเด็จเจ้าพระยา 12 | เขตคลองสาน
ตลาดสาย 2 | เขตบางแค,130,106,236,117,119,16,8.125,6.625,14.75,7.3125,7.4375,ตลาดสาย 2 | เขตบางแค
ตรงข้ามวัดเสาหิน | เขตบางซื่อ,134,101,235,129,106,16,8.375,6.3125,14.6875,8.0625,6.625,ตรงข้ามวัดเสาหิน | เขตบางซื่อ
ตรงข้ามพระยาสุเรนทร์ | เขตมีนบุรี,140,95,235,129,106,15,9.333333333333334,6.333333333333333,15.666666666666666,8.6,7.066666666666666,ตรงข้ามพระยาสุเรนทร์ | เขตมีนบุรี
เกษตรนวมินทร์แยก 2 | เขตบึงกุ่ม,101,134,235,136,99,18,5.611111111111111,7.444444444444445,13.055555555555555,7.555555555555555,5.5,เกษตรนวมินทร์แยก 2 | เขตบึงกุ่ม
โลตัส เอ็กซ์เพรส | เขตตลิ่งชัน,130,105,235,149,86,21,6.190476190476191,5.0,11.19047619047619,7.095238095238095,4.095238095238095,โลตัส เอ็กซ์เพรส | เขตตลิ่งชัน
ตรงข้ามธนาคารกรุงไทย | เขตวัฒนา,141,94,235,136,99,16,8.8125,5.875,14.6875,8.5,6.1875,ตรงข้ามธนาคารกรุงไทย | เขตวัฒนา
"หมู่บ้านพระปิ่น 2,ซอยบรมราชชนนี 68 | เขตทวีวัฒนา",184,50,234,138,96,24,7.666666666666667,2.0833333333333335,9.75,5.75,4.0,"หมู่บ้านพระปิ่น 2,ซอยบรมราชชนนี 68 | เขตทวีวัฒนา"
ซอยคลังมนตรี | เขตบางซื่อ,147,87,234,128,106,18,8.166666666666666,4.833333333333333,13.0,7.111111111111111,5.888888888888889,ซอยคลังมนตรี | เขตบางซื่อ
เสนานิเวศน์ | เขตลาดพร้าว,142,92,234,121,113,19,7.473684210526316,4.842105263157895,12.31578947368421,6.368421052631579,5.947368421052632,เสนานิเวศน์ | เขตลาดพร้าว
ท่าประตูน้ำ | เขตปทุมวัน,121,113,234,109,125,10,12.1,11.3,23.4,10.9,12.5,ท่าประตูน้ำ | เขตปทุมวัน
จุฬาลงกรณ์มหาวิทยาลัย (สัตวแพทย์/ทันตแพทย์) | เขตปทุมวัน,107,126,233,131,102,14,7.642857142857143,9.0,16.642857142857142,9.357142857142858,7.285714285714286,จุฬาลงกรณ์มหาวิทยาลัย (สัตวแพทย์/ทันตแพทย์) | เขตปท...
ท่าปล่อยรถ เทเวศร์ (53R) | เขตพระนคร,110,123,233,125,108,18,6.111111111111111,6.833333333333333,12.944444444444445,6.944444444444445,6.0,ท่าปล่อยรถ เทเวศร์ (53R) | เขตพระนคร
ซอยนวลจันทร์ 21 | เขตบึงกุ่ม,134,99,233,129,104,16,8.375,6.1875,14.5625,8.0625,6.5,ซอยนวลจันทร์ 21 | เขตบึงกุ่ม
ธนาคารไทยพาณิชย์สาขาลาดพร้าว | เขตจตุจักร,126,106,232,124,108,18,7.0,5.888888888888889,12.88888888888889,6.888888888888889,6.0,ธนาคารไทยพาณิชย์สาขาลาดพร้าว | เขตจตุจักร
การบินไทยหลานหลวง | เขตป้อมปราบศัตรูพ่าย,156,76,232,130,102,18,8.666666666666666,4.222222222222222,12.88888888888889,7.222222222222222,5.666666666666667,การบินไทยหลานหลวง | เขตป้อมปราบศัตรูพ่าย
โรงเรียนสุภัทราวดี | เขตบางกอกน้อย,118,114,232,124,108,14,8.428571428571429,8.142857142857142,16.571428571428573,8.857142857142858,7.714285714285714,โรงเรียนสุภัทราวดี | เขตบางกอกน้อย
MRT บางโพ | เขตบางซื่อ,106,126,232,129,103,16,6.625,7.875,14.5,8.0625,6.4375,MRT บางโพ | เขตบางซื่อ
บิ๊กซีลาดพร้าว | เขตจตุจักร,121,110,231,134,97,20,6.05,5.5,11.55,6.7,4.85,บิ๊กซีลาดพร้าว | เขตจตุจักร
สถาบันเทคโนโลยีปทุมวัน | เขตปทุมวัน,114,117,231,117,114,13,8.76923076923077,9.0,17.76923076923077,9.0,8.76923076923077,สถาบันเทคโนโลยีปทุมวัน | เขตปทุมวัน
โรงเรียนสารสาสน์วิเทศบางบอน(ป้าย2) | เขตบางบอน,123,108,231,136,95,19,6.473684210526316,5.684210526315789,12.157894736842104,7.157894736842105,5.0,โรงเรียนสารสาสน์วิเทศบางบอน(ป้าย2) | เขตบางบอน
โรงเรียนภาษานุสรณ์บางแค | เขตบางแค,127,104,231,130,101,17,7.470588235294118,6.117647058823529,13.588235294117647,7.647058823529412,5.9411764705882355,โรงเรียนภาษานุสรณ์บางแค | เขตบางแค
การไฟฟ้าคลองเตย | เขตคลองเตย,143,88,231,134,97,20,7.15,4.4,11.55,6.7,4.85,การไฟฟ้าคลองเตย | เขตคลองเตย
สุขุมวิท62แยก8 | เขตพระโขนง,95,135,230,131,99,21,4.523809523809524,6.428571428571429,10.952380952380953,6.238095238095238,4.714285714285714,สุขุมวิท62แยก8 | เขตพระโขนง
ตรงข้ามโรงเรียนสันติราษฎร์วิทยาลัย | เขตราชเทวี,111,119,230,121,109,14,7.928571428571429,8.5,16.428571428571427,8.642857142857142,7.785714285714286,ตรงข้ามโรงเรียนสันติราษฎร์วิทยาลัย | เขตราชเทวี
SRT บางบอน | เขตบางขุนเทียน,138,92,230,120,110,17,8.117647058823529,5.411764705882353,13.529411764705882,7.0588235294117645,6.470588235294118,SRT บางบอน | เขตบางขุนเทียน
สะพานเนาวจำเนียร(ขาออก) | เขตบางกอกใหญ่,118,112,230,132,98,18,6.555555555555555,6.222222222222222,12.777777777777779,7.333333333333333,5.444444444444445,สะพานเนาวจำเนียร(ขาออก) | เขตบางกอกใหญ่
ตรงข้ามหมู่บ้านราชพฤกษ์ | เขตประเวศ,145,85,230,127,103,18,8.055555555555555,4.722222222222222,12.777777777777779,7.055555555555555,5.722222222222222,ตรงข้ามหมู่บ้านราชพฤกษ์ | เขตประเวศ
ท่าเรือแยกหลานหลวง | เขตป้อมปราบศัตรูพ่าย,117,113,230,129,101,12,9.75,9.416666666666666,19.166666666666668,10.75,8.416666666666666,ท่าเรือแยกหลานหลวง | เขตป้อมปราบศัตรูพ่าย
"โรงเรียนคอนแวนต์,ตลาดปีนัง | เขตคลองเตย",113,117,230,129,101,19,5.947368421052632,6.157894736842105,12.105263157894736,6.7894736842105265,5.315789473684211,"โรงเรียนคอนแวนต์,ตลาดปีนัง | เขตคลองเตย"
ธนาคารกรุงเทพประชาอุทิศ(ขาออก) | เขตทุ่งครุ,146,84,230,124,106,14,10.428571428571429,6.0,16.428571428571427,8.857142857142858,7.571428571428571,ธนาคารกรุงเทพประชาอุทิศ(ขาออก) | เขตทุ่งครุ
หมู่บ้านเก้าวัฒนาวิลล่า | เขตหนองแขม,155,74,229,125,104,15,10.333333333333334,4.933333333333334,15.266666666666667,8.333333333333334,6.933333333333334,หมู่บ้านเก้าวัฒนาวิลล่า | เขตหนองแขม
ท่าสะพานหัวช้าง | เขตปทุมวัน,124,105,229,130,99,10,12.4,10.5,22.9,13.0,9.9,ท่าสะพานหัวช้าง | เขตปทุมวัน
มหาวิทยาลัยกรุงเทพกล้วยน้ำไท | เขตคลองเตย,102,127,229,124,105,17,6.0,7.470588235294118,13.470588235294118,7.294117647058823,6.176470588235294,มหาวิทยาลัยกรุงเทพกล้วยน้ำไท | เขตคลองเตย
เมเจอร์เอกมัย | เขตวัฒนา,137,92,229,117,112,18,7.611111111111111,5.111111111111111,12.722222222222221,6.5,6.222222222222222,เมเจอร์เอกมัย | เขตวัฒนา
ปณ.อุดมสุข | เขตบางนา,124,105,229,133,96,14,8.857142857142858,7.5,16.357142857142858,9.5,6.857142857142857,ปณ.อุดมสุข | เขตบางนา
ซอยราษฎร์บูรณะ 18 | เขตราษฎร์บูรณะ,138,91,229,139,90,18,7.666666666666667,5.055555555555555,12.722222222222221,7.722222222222222,5.0,ซอยราษฎร์บูรณะ 18 | เขตราษฎร์บูรณะ
บางปะแก้วซอยสุขสวัสดิ์ | เขตจอมทอง,143,85,228,133,95,19,7.526315789473684,4.473684210526316,12.0,7.0,5.0,บางปะแก้วซอยสุขสวัสดิ์ | เขตจอมทอง
ร้านบุญถาวรบรมราชชนนี | เขตทวีวัฒนา,122,106,228,138,90,20,6.1,5.3,11.4,6.9,4.5,ร้านบุญถาวรบรมราชชนนี | เขตทวีวัฒนา
วิทยาเขตรามคำแหง | เขตประเวศ,134,93,227,137,90,20,6.7,4.65,11.35,6.85,4.5,วิทยาเขตรามคำแหง | เขตประเวศ
ซอยประชาอุทิศ 89/2 | เขตทุ่งครุ,138,89,227,125,102,14,9.857142857142858,6.357142857142857,16.214285714285715,8.928571428571429,7.285714285714286,ซอยประชาอุทิศ 89/2 | เขตทุ่งครุ
หม่อมเจ้าสง่างามฯ | เขตมีนบุรี,175,52,227,123,104,21,8.333333333333334,2.4761904761904763,10.80952380952381,5.857142857142857,4.9523809523809526,หม่อมเจ้าสง่างามฯ | เขตมีนบุรี
จุฬาลงกรณ์มหาวิทยาลัย (คณะนิติศาสตร์) | เขตปทุมวัน,130,97,227,129,98,16,8.125,6.0625,14.1875,8.0625,6.125,จุฬาลงกรณ์มหาวิทยาลัย (คณะนิติศาสตร์) | เขตปทุมวัน
ตรงข้ามมหาวิทยาลัยเกษมบัณฑิต | เขตสวนหลวง,103,124,227,140,87,13,7.923076923076923,9.538461538461538,17.46153846153846,10.76923076923077,6.6923076923076925,ตรงข้ามมหาวิทยาลัยเกษมบัณฑิต | เขตสวนหลวง
หมู่บ้านซิตตี้ลากูน | เขตหลักสี่,115,112,227,112,115,12,9.583333333333334,9.333333333333334,18.916666666666668,9.333333333333334,9.583333333333334,หมู่บ้านซิตตี้ลากูน | เขตหลักสี่
วังสราญรมย์ | เขตพระนคร,109,118,227,126,101,17,6.411764705882353,6.9411764705882355,13.352941176470589,7.411764705882353,5.9411764705882355,วังสราญรมย์ | เขตพระนคร
มาเจริญ | เขตหนองแขม,128,98,226,125,101,18,7.111111111111111,5.444444444444445,12.555555555555555,6.944444444444445,5.611111111111111,มาเจริญ | เขตหนองแขม
ตรงข้ามโรงเรียนศึกษานารี 2 | เขตบางบอน,118,107,225,136,89,19,6.2105263157894735,5.631578947368421,11.842105263157896,7.157894736842105,4.684210526315789,ตรงข้ามโรงเรียนศึกษานารี 2 | เขตบางบอน
บริษัทชีพโลหะ | เขตบางขุนเทียน,118,107,225,110,115,13,9.076923076923077,8.23076923076923,17.307692307692307,8.461538461538462,8.846153846153847,บริษัทชีพโลหะ | เขตบางขุนเทียน
ซอยลาดพร้าว 41/1 | เขตลาดพร้าว,111,114,225,112,113,10,11.1,11.4,22.5,11.2,11.3,ซอยลาดพร้าว 41/1 | เขตลาดพร้าว
"สถาบันนิด้า,มหาวิทยาลัยนิด้า | เขตบางกะปิ",129,95,224,118,106,17,7.588235294117647,5.588235294117647,13.176470588235293,6.9411764705882355,6.235294117647059,"สถาบันนิด้า,มหาวิทยาลัยนิด้า | เขตบางกะปิ"
สวนจิตรลดา(ราชวิถี32) | เขตดุสิต,113,111,224,136,88,15,7.533333333333333,7.4,14.933333333333334,9.066666666666666,5.866666666666666,สวนจิตรลดา(ราชวิถี32) | เขตดุสิต
โรงเรียนสารสาสน์วิเทศร่มเกล้า | เขตลาดกระบัง,140,84,224,152,72,20,7.0,4.2,11.2,7.6,3.6,โรงเรียนสารสาสน์วิเทศร่มเกล้า | เขตลาดกระบัง
ตลาดคลองเตย(ถนนพระราม 3 ขาออก) | เขตคลองเตย,114,110,224,120,104,17,6.705882352941177,6.470588235294118,13.176470588235293,7.0588235294117645,6.117647058823529,ตลาดคลองเตย(ถนนพระราม 3 ขาออก) | เขตคลองเตย
ตลาดหทัยมิตร | เขตคลองสามวา,116,108,224,127,97,10,11.6,10.8,22.4,12.7,9.7,ตลาดหทัยมิตร | เขตคลองสามวา
สถานีตำรวจสุทธิสาร | เขตห้วยขวาง,132,92,224,116,108,9,14.666666666666666,10.222222222222221,24.88888888888889,12.88888888888889,12.0,สถานีตำรวจสุทธิสาร | เขตห้วยขวาง
ซอยไมตรี | เขตยานนาวา,109,115,224,129,95,15,7.266666666666667,7.666666666666667,14.933333333333334,8.6,6.333333333333333,ซอยไมตรี | เขตยานนาวา
โรงเรียนสอนคนตาบอดกรุงเทพ | เขตราชเทวี,109,114,223,122,101,14,7.785714285714286,8.142857142857142,15.928571428571429,8.714285714285714,7.214285714285714,โรงเรียนสอนคนตาบอดกรุงเทพ | เขตราชเทวี
ตรงข้ามหมู่บ้านเอกสิน | เขตลาดพร้าว,141,82,223,125,98,17,8.294117647058824,4.823529411764706,13.117647058823529,7.352941176470588,5.764705882352941,ตรงข้ามหมู่บ้านเอกสิน | เขตลาดพร้าว
ซอยพัฒนาการ 44 | เขตสวนหลวง,137,86,223,117,106,16,8.5625,5.375,13.9375,7.3125,6.625,ซอยพัฒนาการ 44 | เขตสวนหลวง
MRT ศูนย์การประชุมแห่งชาติสิริกิติ์ | เขตคลองเตย,102,121,223,120,103,16,6.375,7.5625,13.9375,7.5,6.4375,MRT ศูนย์การประชุมแห่งชาติสิริกิติ์ | เขตคลองเตย
เทสโก้โลตัสพระราม3(ฝั่งนราธิวาสฯ) | เขตยานนาวา,125,98,223,129,94,18,6.944444444444445,5.444444444444445,12.38888888888889,7.166666666666667,5.222222222222222,เทสโก้โลตัสพระราม3(ฝั่งนราธิวาสฯ) | เขตยานนาวา
ซอยลาดหญ้า 17 | เขตคลองสาน,74,149,223,179,44,27,2.740740740740741,5.518518518518518,8.25925925925926,6.62962962962963,1.6296296296296295,ซอยลาดหญ้า 17 | เขตคลองสาน
ตรงข้ามวัดคลองภูมิ | เขตยานนาวา,123,100,223,129,94,14,8.785714285714286,7.142857142857143,15.928571428571429,9.214285714285714,6.714285714285714,ตรงข้ามวัดคลองภูมิ | เขตยานนาวา
ซอยสุขุมวิท 66 | เขตบางนา,116,106,222,138,84,19,6.105263157894737,5.578947368421052,11.68421052631579,7.2631578947368425,4.421052631578948,ซอยสุขุมวิท 66 | เขตบางนา
ซอยราษฎร์บูรณะ 6 | เขตราษฎร์บูรณะ,142,80,222,124,98,17,8.352941176470589,4.705882352941177,13.058823529411764,7.294117647058823,5.764705882352941,ซอยราษฎร์บูรณะ 6 | เขตราษฎร์บูรณะ
ศูนย์อนามัย 37 | เขตสวนหลวง,118,104,222,136,86,17,6.9411764705882355,6.117647058823529,13.058823529411764,8.0,5.0588235294117645,ศูนย์อนามัย 37 | เขตสวนหลวง
ตรงข้ามหมู่บ้านพงษ์ศิริชัย 4 | เขตหนองแขม,150,72,222,128,94,18,8.333333333333334,4.0,12.333333333333334,7.111111111111111,5.222222222222222,ตรงข้ามหมู่บ้านพงษ์ศิริชัย 4 | เขตหนองแขม
แยกบางโพ | เขตบางซื่อ,114,108,222,133,89,20,5.7,5.4,11.1,6.65,4.45,แยกบางโพ | เขตบางซื่อ
"แยกกรุงเทพกรีฑา,หมู่บ้านนักกีฬา | เขตบางกะปิ",115,107,222,123,99,17,6.764705882352941,6.294117647058823,13.058823529411764,7.235294117647059,5.823529411764706,"แยกกรุงเทพกรีฑา,หมู่บ้านนักกีฬา | เขตบางกะปิ"
SRT พญาไท | เขตราชเทวี,126,96,222,128,94,18,7.0,5.333333333333333,12.333333333333334,7.111111111111111,5.222222222222222,SRT พญาไท | เขตราชเทวี
ตรงข้ามโรงเรียนศึกษานารี | เขตธนบุรี,133,89,222,116,106,10,13.3,8.9,22.2,11.6,10.6,ตรงข้ามโรงเรียนศึกษานารี | เขตธนบุรี
โรงเรียนอนุบาลเด่นหล้า | เขตบางแค,142,80,222,137,85,17,8.352941176470589,4.705882352941177,13.058823529411764,8.058823529411764,5.0,โรงเรียนอนุบาลเด่นหล้า | เขตบางแค
สถาบันวิจัยจุฬาภรณ์ | เขตหลักสี่,114,108,222,165,57,13,8.76923076923077,8.307692307692308,17.076923076923077,12.692307692307692,4.384615384615385,สถาบันวิจัยจุฬาภรณ์ | เขตหลักสี่
ตรงข้ามวัดโสมนัสวรวิหาร | เขตป้อมปราบศัตรูพ่าย,132,90,222,138,84,17,7.764705882352941,5.294117647058823,13.058823529411764,8.117647058823529,4.9411764705882355,ตรงข้ามวัดโสมนัสวรวิหาร | เขตป้อมปราบศัตรูพ่าย
โรงพยาบาลพระมงกุฎเกล้า | เขตราชเทวี,98,124,222,159,63,13,7.538461538461538,9.538461538461538,17.076923076923077,12.23076923076923,4.846153846153846,โรงพยาบาลพระมงกุฎเกล้า | เขตราชเทวี
ท่าผ่านฟ้าลีลาศ | เขตป้อมปราบศัตรูพ่าย,68,154,222,119,103,19,3.5789473684210527,8.105263157894736,11.68421052631579,6.2631578947368425,5.421052631578948,ท่าผ่านฟ้าลีลาศ | เขตป้อมปราบศัตรูพ่าย
กรมแพทย์ทหารบก | เขตราชเทวี,114,107,221,132,89,17,6.705882352941177,6.294117647058823,13.0,7.764705882352941,5.235294117647059,กรมแพทย์ทหารบก | เขตราชเทวี
ปั้มน้ำมันบางจาก กม.6 (รามอินทรา) | เขตบึงกุ่ม,123,98,221,126,95,16,7.6875,6.125,13.8125,7.875,5.9375,ปั้มน้ำมันบางจาก กม.6 (รามอินทรา) | เขตบึงกุ่ม
นิช 3 | เขตวังทองหลาง,143,78,221,128,93,19,7.526315789473684,4.105263157894737,11.631578947368421,6.7368421052631575,4.894736842105263,นิช 3 | เขตวังทองหลาง
ตรงข้ามสวนเบญจศิริ | เขตคลองเตย,132,89,221,105,116,13,10.153846153846153,6.846153846153846,17.0,8.076923076923077,8.923076923076923,ตรงข้ามสวนเบญจศิริ | เขตคลองเตย
ซีด้าร์แมนชั่น | เขตตลิ่งชัน,129,92,221,144,77,15,8.6,6.133333333333334,14.733333333333333,9.6,5.133333333333334,ซีด้าร์แมนชั่น | เขตตลิ่งชัน
แยกสุทธิสาร(ดับเพลิง) | เขตดินแดง,130,91,221,136,85,15,8.666666666666666,6.066666666666666,14.733333333333333,9.066666666666666,5.666666666666667,แยกสุทธิสาร(ดับเพลิง) | เขตดินแดง
เสนานิเวศน์(เสนานิเวศน์ซอย 200) | เขตลาดพร้าว,151,69,220,119,101,20,7.55,3.45,11.0,5.95,5.05,เสนานิเวศน์(เสนานิเวศน์ซอย 200) | เขตลาดพร้าว
วิทยาเขตพณิชยการพระนคร | เขตดุสิต,103,117,220,136,84,14,7.357142857142857,8.357142857142858,15.714285714285714,9.714285714285714,6.0,วิทยาเขตพณิชยการพระนคร | เขตดุสิต
โรงพยาบาลวิภาราม | เขตสวนหลวง,79,141,220,136,84,20,3.95,7.05,11.0,6.8,4.2,โรงพยาบาลวิภาราม | เขตสวนหลวง
ท่าสะพานวิทยุ | เขตราชเทวี,110,110,220,115,105,8,13.75,13.75,27.5,14.375,13.125,ท่าสะพานวิทยุ | เขตราชเทวี
สถานีตำรวจนครบาลพญาไท | เขตราชเทวี,122,98,220,133,87,19,6.421052631578948,5.157894736842105,11.578947368421053,7.0,4.578947368421052,สถานีตำรวจนครบาลพญาไท | เขตราชเทวี
ลุมพินีทาวเวอร์(ตรงข้ามบ่อนไก่) | เขตปทุมวัน,125,95,220,111,109,3,41.666666666666664,31.666666666666668,73.33333333333333,37.0,36.333333333333336,ลุมพินีทาวเวอร์(ตรงข้ามบ่อนไก่) | เขตปทุมวัน
บุญถาวรรัชดาภิเษก | เขตห้วยขวาง,132,88,220,119,101,14,9.428571428571429,6.285714285714286,15.714285714285714,8.5,7.214285714285714,บุญถาวรรัชดาภิเษก | เขตห้วยขวาง
ซอยปรีดีพนมยงค์ 28 | เขตวัฒนา,135,85,220,132,88,19,7.105263157894737,4.473684210526316,11.578947368421053,6.947368421052632,4.631578947368421,ซอยปรีดีพนมยงค์ 28 | เขตวัฒนา
MRT บางซื่อ | เขตบางซื่อ,117,103,220,129,91,17,6.882352941176471,6.0588235294117645,12.941176470588236,7.588235294117647,5.352941176470588,MRT บางซื่อ | เขตบางซื่อ
ร้านขายยาวุฒาเวช | เขตจอมทอง,132,87,219,132,87,17,7.764705882352941,5.117647058823529,12.882352941176471,7.764705882352941,5.117647058823529,ร้านขายยาวุฒาเวช | เขตจอมทอง
วัดด่าน | เขตยานนาวา,116,103,219,121,98,19,6.105263157894737,5.421052631578948,11.526315789473685,6.368421052631579,5.157894736842105,วัดด่าน | เขตยานนาวา
สถาบันดนตรีเคพีเอ็น | เขตบางเขน,94,125,219,119,100,11,8.545454545454545,11.363636363636363,19.90909090909091,10.818181818181818,9.090909090909092,สถาบันดนตรีเคพีเอ็น | เขตบางเขน
วัดโพธิ์ท่าเตียน | เขตพระนคร,94,125,219,112,107,21,4.476190476190476,5.9523809523809526,10.428571428571429,5.333333333333333,5.095238095238095,วัดโพธิ์ท่าเตียน | เขตพระนคร
ตรงข้ามบ้านใหม่ | เขตบางคอแหลม,103,115,218,113,105,16,6.4375,7.1875,13.625,7.0625,6.5625,ตรงข้ามบ้านใหม่ | เขตบางคอแหลม
ซอยยิ้มประยูร | เขตบางซื่อ,129,89,218,110,108,18,7.166666666666667,4.944444444444445,12.11111111111111,6.111111111111111,6.0,ซอยยิ้มประยูร | เขตบางซื่อ
วัดปทุมวนาราม | เขตปทุมวัน,109,108,217,108,109,13,8.384615384615385,8.307692307692308,16.692307692307693,8.307692307692308,8.384615384615385,วัดปทุมวนาราม | เขตปทุมวัน
ยูโรเอเซียอินเตอร์เทรด | เขตบางแค,132,85,217,126,91,17,7.764705882352941,5.0,12.764705882352942,7.411764705882353,5.352941176470588,ยูโรเอเซียอินเตอร์เทรด | เขตบางแค
ซอยประชาอุทิศ 22 | เขตราษฎร์บูรณะ,150,67,217,119,98,20,7.5,3.35,10.85,5.95,4.9,ซอยประชาอุทิศ 22 | เขตราษฎร์บูรณะ
ตลาดแฮปปี้แลนด์ | เขตบางกะปิ,102,115,217,114,103,13,7.846153846153846,8.846153846153847,16.692307692307693,8.76923076923077,7.923076923076923,ตลาดแฮปปี้แลนด์ | เขตบางกะปิ
หมู่บ้านมณียาซอย 4 | เขตบึงกุ่ม,133,84,217,112,105,9,14.777777777777779,9.333333333333334,24.11111111111111,12.444444444444445,11.666666666666666,หมู่บ้านมณียาซอย 4 | เขตบึงกุ่ม
ซอยแม่แช่ม | เขตลาดกระบัง,132,85,217,119,98,18,7.333333333333333,4.722222222222222,12.055555555555555,6.611111111111111,5.444444444444445,ซอยแม่แช่ม | เขตลาดกระบัง
ARL พญาไท | เขตราชเทวี,101,116,217,122,95,15,6.733333333333333,7.733333333333333,14.466666666666667,8.133333333333333,6.333333333333333,ARL พญาไท | เขตราชเทวี
ท่าสะพานพุทธ | เขตธนบุรี,108,109,217,116,101,11,9.818181818181818,9.909090909090908,19.727272727272727,10.545454545454545,9.181818181818182,ท่าสะพานพุทธ | เขตธนบุรี
วัดมกุฏกษัตริยาราม | เขตพระนคร,96,121,217,123,94,14,6.857142857142857,8.642857142857142,15.5,8.785714285714286,6.714285714285714,วัดมกุฏกษัตริยาราม | เขตพระนคร
ตรงข้ามสโมสรการท่าเรือ | เขตคลองเตย,105,111,216,132,84,15,7.0,7.4,14.4,8.8,5.6,ตรงข้ามสโมสรการท่าเรือ | เขตคลองเตย
ตรงข้าม รร.เศรษฐบุตรบำเพ็ญ | เขตมีนบุรี,128,88,216,129,87,19,6.7368421052631575,4.631578947368421,11.368421052631579,6.7894736842105265,4.578947368421052,ตรงข้าม รร.เศรษฐบุตรบำเพ็ญ | เขตมีนบุรี
โรงเรียนปราโมชวิทยารามอินทรา | เขตบางเขน,85,131,216,118,98,18,4.722222222222222,7.277777777777778,12.0,6.555555555555555,5.444444444444445,โรงเรียนปราโมชวิทยารามอินทรา | เขตบางเขน
ตรงข้ามตลาดบางขุนนนท์ | เขตบางกอกน้อย,121,94,215,122,93,15,8.066666666666666,6.266666666666667,14.333333333333334,8.133333333333333,6.2,ตรงข้ามตลาดบางขุนนนท์ | เขตบางกอกน้อย
ถนนบรมราชชนนี 1 - 2 | เขตตลิ่งชัน,140,75,215,127,88,18,7.777777777777778,4.166666666666667,11.944444444444445,7.055555555555555,4.888888888888889,ถนนบรมราชชนนี 1 - 2 | เขตตลิ่งชัน
คลองเตย | เขตคลองเตย,110,105,215,160,55,19,5.7894736842105265,5.526315789473684,11.31578947368421,8.421052631578947,2.8947368421052633,คลองเตย | เขตคลองเตย
ตรงข้ามโรงเรียนเจริญผล | เขตหลักสี่,110,105,215,118,97,16,6.875,6.5625,13.4375,7.375,6.0625,ตรงข้ามโรงเรียนเจริญผล | เขตหลักสี่
โรงเรียนแสงทองโทรทัศน์ | เขตธนบุรี,121,94,215,118,97,19,6.368421052631579,4.947368421052632,11.31578947368421,6.2105263157894735,5.105263157894737,โรงเรียนแสงทองโทรทัศน์ | เขตธนบุรี
ตรงข้ามอิมพิเรียลลาดพร้าว | เขตวังทองหลาง,109,106,215,127,88,20,5.45,5.3,10.75,6.35,4.4,ตรงข้ามอิมพิเรียลลาดพร้าว | เขตวังทองหลาง
หมู่บ้านพุตตาน | เขตหนองแขม,145,70,215,118,97,19,7.631578947368421,3.6842105263157894,11.31578947368421,6.2105263157894735,5.105263157894737,หมู่บ้านพุตตาน | เขตหนองแขม
ท่าสุเหร่าบ้านดอน | เขตวัฒนา,84,131,215,101,114,8,10.5,16.375,26.875,12.625,14.25,ท่าสุเหร่าบ้านดอน | เขตวัฒนา
BTS อ่อนนุช | เขตคลองเตย,146,69,215,110,105,9,16.22222222222222,7.666666666666667,23.88888888888889,12.222222222222221,11.666666666666666,BTS อ่อนนุช | เขตคลองเตย
เทคนิคกรุงเทพซอยพยับหมอก 2 | เขตสาทร,110,104,214,117,97,14,7.857142857142857,7.428571428571429,15.285714285714286,8.357142857142858,6.928571428571429,เทคนิคกรุงเทพซอยพยับหมอก 2 | เขตสาทร
สะพานเหลือง | เขตบางรัก,124,90,214,107,107,11,11.272727272727273,8.181818181818182,19.454545454545453,9.727272727272727,9.727272727272727,สะพานเหลือง | เขตบางรัก
ตรงข้ามสวนธนคอนโด | เขตทุ่งครุ,110,104,214,114,100,14,7.857142857142857,7.428571428571429,15.285714285714286,8.142857142857142,7.142857142857143,ตรงข้ามสวนธนคอนโด | เขตทุ่งครุ
ซอยสันติสุข | เขตดุสิต,98,116,214,115,99,15,6.533333333333333,7.733333333333333,14.266666666666667,7.666666666666667,6.6,ซอยสันติสุข | เขตดุสิต
โรงเรียนเตรียมศึกษาบางกะปิ | เขตบางกะปิ,114,100,214,111,103,13,8.76923076923077,7.6923076923076925,16.46153846153846,8.538461538461538,7.923076923076923,โรงเรียนเตรียมศึกษาบางกะปิ | เขตบางกะปิ
แยกบางบอน3(ขาออก) | เขตบางบอน,143,71,214,139,75,21,6.809523809523809,3.380952380952381,10.19047619047619,6.619047619047619,3.5714285714285716,แยกบางบอน3(ขาออก) | เขตบางบอน
โรงพยาบาลพัฒนเวช | เขตวัฒนา,126,87,213,114,99,15,8.4,5.8,14.2,7.6,6.6,โรงพยาบาลพัฒนเวช | เขตวัฒนา
ตรงข้ามกรมที่ดินประเวศ | เขตสะพานสูง,126,87,213,129,84,18,7.0,4.833333333333333,11.833333333333334,7.166666666666667,4.666666666666667,ตรงข้ามกรมที่ดินประเวศ | เขตสะพานสูง
อาคารอมตะตึกสีม่วง | เขตพญาไท,68,145,213,121,92,19,3.5789473684210527,7.631578947368421,11.210526315789474,6.368421052631579,4.842105263157895,อาคารอมตะตึกสีม่วง | เขตพญาไท
"วัดสะพาน ,วัดกระโจมทอง | เขตตลิ่งชัน",128,84,212,102,110,20,6.4,4.2,10.6,5.1,5.5,"วัดสะพาน ,วัดกระโจมทอง | เขตตลิ่งชัน"
กม.7 รามอินทรา(ขาออก) | เขตคันนายาว,144,68,212,125,87,14,10.285714285714286,4.857142857142857,15.142857142857142,8.928571428571429,6.214285714285714,กม.7 รามอินทรา(ขาออก) | เขตคันนายาว
โรงเรียนธนกิจ | เขตบางพลัด,111,101,212,124,88,14,7.928571428571429,7.214285714285714,15.142857142857142,8.857142857142858,6.285714285714286,โรงเรียนธนกิจ | เขตบางพลัด
กองบัญชาการกองทัพบก | เขตพระนคร,118,94,212,122,90,15,7.866666666666666,6.266666666666667,14.133333333333333,8.133333333333333,6.0,กองบัญชาการกองทัพบก | เขตพระนคร
BTS เพลินจิต(ทางออก4) | เขตปทุมวัน,109,103,212,119,93,14,7.785714285714286,7.357142857142857,15.142857142857142,8.5,6.642857142857143,BTS เพลินจิต(ทางออก4) | เขตปทุมวัน
ตรงข้ามกองบินตำรวจ | เขตบางเขน,135,76,211,111,100,18,7.5,4.222222222222222,11.722222222222221,6.166666666666667,5.555555555555555,ตรงข้ามกองบินตำรวจ | เขตบางเขน
ธนาคารแห่งประเทศไทย | เขตพระนคร,110,101,211,147,64,22,5.0,4.590909090909091,9.590909090909092,6.681818181818182,2.909090909090909,ธนาคารแห่งประเทศไทย | เขตพระนคร
"ซอยศรีนครินทร์ 32,มัสยิดดารุ่ลอมีน | เขตสวนหลวง",122,89,211,120,91,16,7.625,5.5625,13.1875,7.5,5.6875,"ซอยศรีนครินทร์ 32,มัสยิดดารุ่ลอมีน | เขตสวนหลวง"
ตรงข้ามซอยหทัยราษฎร์ 15 | เขตมีนบุรี,117,94,211,118,93,13,9.0,7.230769230769231,16.23076923076923,9.076923076923077,7.153846153846154,ตรงข้ามซอยหทัยราษฎร์ 15 | เขตมีนบุรี
"วัดสิตาราม,หลานหลวง | เขตป้อมปราบศัตรูพ่าย",124,87,211,116,95,13,9.538461538461538,6.6923076923076925,16.23076923076923,8.923076923076923,7.3076923076923075,"วัดสิตาราม,หลานหลวง | เขตป้อมปราบศัตรูพ่าย"
นิคมมักกะสัน(ถนนเพชรบุรีขาออก) | เขตราชเทวี,121,90,211,115,96,14,8.642857142857142,6.428571428571429,15.071428571428571,8.214285714285714,6.857142857142857,นิคมมักกะสัน(ถนนเพชรบุรีขาออก) | เขตราชเทวี
สถานี BTS บางหว้า | เขตภาษีเจริญ,125,85,210,135,75,19,6.578947368421052,4.473684210526316,11.052631578947368,7.105263157894737,3.9473684210526314,สถานี BTS บางหว้า | เขตภาษีเจริญ
โรงเรียนวัดบึงทองหลาง | เขตบางกะปิ,125,85,210,121,89,14,8.928571428571429,6.071428571428571,15.0,8.642857142857142,6.357142857142857,โรงเรียนวัดบึงทองหลาง | เขตบางกะปิ
จุฬาลงกรณ์วิทยาลัย (หอศิลป์จามจุรี) | เขตปทุมวัน,110,100,210,117,93,15,7.333333333333333,6.666666666666667,14.0,7.8,6.2,จุฬาลงกรณ์วิทยาลัย (หอศิลป์จามจุรี) | เขตปทุมวัน
ซอยนวมินทร์ 74 | เขตคันนายาว,105,105,210,110,100,16,6.5625,6.5625,13.125,6.875,6.25,ซอยนวมินทร์ 74 | เขตคันนายาว
ตรงข้ามซอยพหลโยธิน 51 | เขตบางเขน,119,91,210,125,85,14,8.5,6.5,15.0,8.928571428571429,6.071428571428571,ตรงข้ามซอยพหลโยธิน 51 | เขตบางเขน
รัชวิภา(ซอยพหลโยธิน 36) | เขตจตุจักร,64,145,209,141,68,24,2.6666666666666665,6.041666666666667,8.708333333333334,5.875,2.8333333333333335,รัชวิภา(ซอยพหลโยธิน 36) | เขตจตุจักร
ศาลแรงงานกลาง | เขตบางรัก,119,90,209,107,102,11,10.818181818181818,8.181818181818182,19.0,9.727272727272727,9.272727272727273,ศาลแรงงานกลาง | เขตบางรัก
โรงเรียนมัธยมหนองจอก | เขตหนองจอก,139,70,209,123,86,14,9.928571428571429,5.0,14.928571428571429,8.785714285714286,6.142857142857143,โรงเรียนมัธยมหนองจอก | เขตหนองจอก
"ตรงข้ามวัดจีน,หมู่บ้านพนาสนธิ์ | เขตคลองสามวา",119,90,209,122,87,15,7.933333333333334,6.0,13.933333333333334,8.133333333333333,5.8,"ตรงข้ามวัดจีน,หมู่บ้านพนาสนธิ์ | เขตคลองสามวา"
หมู่บ้านศุภวรรณ | เขตบางแค,102,107,209,127,82,16,6.375,6.6875,13.0625,7.9375,5.125,หมู่บ้านศุภวรรณ | เขตบางแค
วัดมหาธาตุยุวราชรังสฤษฎิ์ราชวรมหาวิหาร | เขตพระนคร,88,121,209,113,96,20,4.4,6.05,10.45,5.65,4.8,วัดมหาธาตุยุวราชรังสฤษฎิ์ราชวรมหาวิหาร | เขตพระนคร
รามคำแหง 2 ซอย 13 | เขตประเวศ,63,145,208,120,88,17,3.7058823529411766,8.529411764705882,12.235294117647058,7.0588235294117645,5.176470588235294,รามคำแหง 2 ซอย 13 | เขตประเวศ
"โรงพยาบาลคลองตัน,ตรงข้ามโรงพยาบาลเพชรเวช | เขตห้วยขวาง",85,123,208,111,97,18,4.722222222222222,6.833333333333333,11.555555555555555,6.166666666666667,5.388888888888889,"โรงพยาบาลคลองตัน,ตรงข้ามโรงพยาบาลเพชรเวช | เขตห้วยข..."
ร้านอุปกรณ์ดับเพลิง(อิมพีเรียลพระราม9) | เขตสวนหลวง,128,79,207,109,98,13,9.846153846153847,6.076923076923077,15.923076923076923,8.384615384615385,7.538461538461538,ร้านอุปกรณ์ดับเพลิง(อิมพีเรียลพระราม9) | เขตสวนหลวง
ตรงข้ามโรงพยาบาลภูมิพลอดุลยเดช | เขตสายไหม,141,66,207,121,86,15,9.4,4.4,13.8,8.066666666666666,5.733333333333333,ตรงข้ามโรงพยาบาลภูมิพลอดุลยเดช | เขตสายไหม
หมู่บ้านชนิกา | เขตบางบอน,160,47,207,112,95,20,8.0,2.35,10.35,5.6,4.75,หมู่บ้านชนิกา | เขตบางบอน
กระทรวงศึกษาธิการ | เขตดุสิต,91,116,207,123,84,15,6.066666666666666,7.733333333333333,13.8,8.2,5.6,กระทรวงศึกษาธิการ | เขตดุสิต
ตลาดนกแก้ว(ถนนนาคนิวาสขาเข้า) | เขตลาดพร้าว,123,84,207,114,93,17,7.235294117647059,4.9411764705882355,12.176470588235293,6.705882352941177,5.470588235294118,ตลาดนกแก้ว(ถนนนาคนิวาสขาเข้า) | เขตลาดพร้าว
แยกถนนเอกชัย | เขตบางบอน,134,72,206,122,84,20,6.7,3.6,10.3,6.1,4.2,แยกถนนเอกชัย | เขตบางบอน
สุขุมวิท62แยก4-6 | เขตพระโขนง,72,134,206,120,86,20,3.6,6.7,10.3,6.0,4.3,สุขุมวิท62แยก4-6 | เขตพระโขนง
ซอยราษฎร์บูรณะ 28 ตรงข้ามโรงแก้ว | เขตราษฎร์บูรณะ,140,66,206,127,79,19,7.368421052631579,3.473684210526316,10.842105263157896,6.684210526315789,4.157894736842105,ซอยราษฎร์บูรณะ 28 ตรงข้ามโรงแก้ว | เขตราษฎร์บูรณะ
MRT วัดเสมียนนารี (MRT สายสีแดง) | เขตจตุจักร,151,55,206,122,84,20,7.55,2.75,10.3,6.1,4.2,MRT วัดเสมียนนารี (MRT สายสีแดง) | เขตจตุจักร
ไบเทคบางนา | เขตบางนา,78,128,206,101,105,14,5.571428571428571,9.142857142857142,14.714285714285714,7.214285714285714,7.5,ไบเทคบางนา | เขตบางนา
หมู่บ้านยลประภา | เขตบึงกุ่ม,130,76,206,119,87,16,8.125,4.75,12.875,7.4375,5.4375,หมู่บ้านยลประภา | เขตบึงกุ่ม
ซอยนาคนาวา(พัฒนาการ 32-34) | เขตสวนหลวง,118,87,205,130,75,17,6.9411764705882355,5.117647058823529,12.058823529411764,7.647058823529412,4.411764705882353,ซอยนาคนาวา(พัฒนาการ 32-34) | เขตสวนหลวง
โรงเรียนบางกอกศึกษา(ลาดพร้าว112) | เขตวังทองหลาง,126,79,205,110,95,14,9.0,5.642857142857143,14.642857142857142,7.857142857142857,6.785714285714286,โรงเรียนบางกอกศึกษา(ลาดพร้าว112) | เขตวังทองหลาง
BTS พร้อมพงษ์ | เขตคลองเตย,111,94,205,108,97,13,8.538461538461538,7.230769230769231,15.76923076923077,8.307692307692308,7.461538461538462,BTS พร้อมพงษ์ | เขตคลองเตย
BTS ทองหล่อ | เขตคลองเตย,129,76,205,91,114,4,32.25,19.0,51.25,22.75,28.5,BTS ทองหล่อ | เขตคลองเตย
แยกอรุณอัมรินทร์(ซอยสุวิชานดำริ) | เขตบางพลัด,98,107,205,113,92,14,7.0,7.642857142857143,14.642857142857142,8.071428571428571,6.571428571428571,แยกอรุณอัมรินทร์(ซอยสุวิชานดำริ) | เขตบางพลัด
"ซอยจันทร์แจ่มใส, ออเงิน | เขตสายไหม",121,84,205,105,100,14,8.642857142857142,6.0,14.642857142857142,7.5,7.142857142857143,"ซอยจันทร์แจ่มใส, ออเงิน | เขตสายไหม"
ตรงข้ามสถานีตำรวจลาดกระบัง | เขตลาดกระบัง,117,88,205,121,84,15,7.8,5.866666666666666,13.666666666666666,8.066666666666666,5.6,ตรงข้ามสถานีตำรวจลาดกระบัง | เขตลาดกระบัง
พระราม 9 ซอย 49 | เขตสวนหลวง,119,86,205,116,89,13,9.153846153846153,6.615384615384615,15.76923076923077,8.923076923076923,6.846153846153846,พระราม 9 ซอย 49 | เขตสวนหลวง
คลินิคออเงิน | เขตสายไหม,117,88,205,118,87,15,7.8,5.866666666666666,13.666666666666666,7.866666666666666,5.8,คลินิคออเงิน | เขตสายไหม
หมู่บ้านเคหะนคร2 | เขตลาดกระบัง,132,72,204,114,90,14,9.428571428571429,5.142857142857143,14.571428571428571,8.142857142857142,6.428571428571429,หมู่บ้านเคหะนคร2 | เขตลาดกระบัง
หมู่บ้านมณสินี | เขตลาดกระบัง,146,58,204,122,82,20,7.3,2.9,10.2,6.1,4.1,หมู่บ้านมณสินี | เขตลาดกระบัง
ตรงข้ามซอยราษฎร์บูรณะ 28 | เขตราษฎร์บูรณะ,108,96,204,118,86,16,6.75,6.0,12.75,7.375,5.375,ตรงข้ามซอยราษฎร์บูรณะ 28 | เขตราษฎร์บูรณะ
หมู่บ้านเดอะซิตี้ | เขตทวีวัฒนา,134,70,204,122,82,18,7.444444444444445,3.888888888888889,11.333333333333334,6.777777777777778,4.555555555555555,หมู่บ้านเดอะซิตี้ | เขตทวีวัฒนา
ท่าเรือเพชรเกษม 35 | เขตภาษีเจริญ,93,110,203,120,83,16,5.8125,6.875,12.6875,7.5,5.1875,ท่าเรือเพชรเกษม 35 | เขตภาษีเจริญ
ตรงข้ามโรงเรียนมหรรณพาราม | เขตตลิ่งชัน,102,101,203,127,76,16,6.375,6.3125,12.6875,7.9375,4.75,ตรงข้ามโรงเรียนมหรรณพาราม | เขตตลิ่งชัน
"MAXVALU,เต็กลุงใหญ่ | เขตคลองสามวา",117,86,203,113,90,13,9.0,6.615384615384615,15.615384615384615,8.692307692307692,6.923076923076923,"MAXVALU,เต็กลุงใหญ่ | เขตคลองสามวา"
ตรงข้ามไอซีซี | เขตยานนาวา,130,73,203,129,74,17,7.647058823529412,4.294117647058823,11.941176470588236,7.588235294117647,4.352941176470588,ตรงข้ามไอซีซี | เขตยานนาวา
โรงเรียนกรุงเทพคริสเตียนวิทยาลัย | เขตสาทร,106,97,203,98,105,13,8.153846153846153,7.461538461538462,15.615384615384615,7.538461538461538,8.076923076923077,โรงเรียนกรุงเทพคริสเตียนวิทยาลัย | เขตสาทร
ตรงข้ามโรงเรียนเทพศิรินทร์ | เขตป้อมปราบศัตรูพ่าย,100,103,203,115,88,12,8.333333333333334,8.583333333333334,16.916666666666668,9.583333333333334,7.333333333333333,ตรงข้ามโรงเรียนเทพศิรินทร์ | เขตป้อมปราบศัตรูพ่าย
ตรงข้ามซอยเจียรสวัสดิ์ | เขตคลองเตย,113,89,202,106,96,15,7.533333333333333,5.933333333333334,13.466666666666667,7.066666666666666,6.4,ตรงข้ามซอยเจียรสวัสดิ์ | เขตคลองเตย
โลตัสคู้บอน | เขตคันนายาว,115,87,202,121,81,15,7.666666666666667,5.8,13.466666666666667,8.066666666666666,5.4,โลตัสคู้บอน | เขตคันนายาว
ตรงข้ามสถานีดับเพลิงหนองแขม | เขตหนองแขม,122,80,202,109,93,15,8.133333333333333,5.333333333333333,13.466666666666667,7.266666666666667,6.2,ตรงข้ามสถานีดับเพลิงหนองแขม | เขตหนองแขม
โรงเรียนบูรณวิทย์ | เขตบางพลัด,86,116,202,130,72,19,4.526315789473684,6.105263157894737,10.631578947368421,6.842105263157895,3.789473684210526,โรงเรียนบูรณวิทย์ | เขตบางพลัด
MRT ลุมพินี | เขตสาทร,97,105,202,113,89,11,8.818181818181818,9.545454545454545,18.363636363636363,10.272727272727273,8.090909090909092,MRT ลุมพินี | เขตสาทร
โรงแรมนานา | เขตภาษีเจริญ,113,89,202,117,85,18,6.277777777777778,4.944444444444445,11.222222222222221,6.5,4.722222222222222,โรงแรมนานา | เขตภาษีเจริญ
หมู่บ้านรุ่งกิจ | เขตสะพานสูง,62,140,202,109,93,21,2.9523809523809526,6.666666666666667,9.619047619047619,5.190476190476191,4.428571428571429,หมู่บ้านรุ่งกิจ | เขตสะพานสูง
แยกบางนา(ขาเข้า) | เขตบางนา,77,125,202,115,87,17,4.529411764705882,7.352941176470588,11.882352941176471,6.764705882352941,5.117647058823529,แยกบางนา(ขาเข้า) | เขตบางนา
ท่าสะพานเจริญผล | เขตราชเทวี,97,105,202,119,83,18,5.388888888888889,5.833333333333333,11.222222222222221,6.611111111111111,4.611111111111111,ท่าสะพานเจริญผล | เขตราชเทวี
ท่าเรือประชาธิปไตย | เขตพระนคร,104,97,201,115,86,17,6.117647058823529,5.705882352941177,11.823529411764707,6.764705882352941,5.0588235294117645,ท่าเรือประชาธิปไตย | เขตพระนคร
ตลาดใหม่บ้านขมิ้น | เขตบางกอกน้อย,93,108,201,124,77,18,5.166666666666667,6.0,11.166666666666666,6.888888888888889,4.277777777777778,ตลาดใหม่บ้านขมิ้น | เขตบางกอกน้อย
หน้าเรือนจำหญิงธนบุรี | เขตบางบอน,118,83,201,137,64,19,6.2105263157894735,4.368421052631579,10.578947368421053,7.2105263157894735,3.3684210526315788,หน้าเรือนจำหญิงธนบุรี | เขตบางบอน
มหาวิทยาลัยเกริก | เขตบางเขน,78,123,201,115,86,20,3.9,6.15,10.05,5.75,4.3,มหาวิทยาลัยเกริก | เขตบางเขน
ซอยธนาอาเขต | เขตวัฒนา,102,99,201,110,91,15,6.8,6.6,13.4,7.333333333333333,6.066666666666666,ซอยธนาอาเขต | เขตวัฒนา
สันติอโศก(ซอยนวมินทร์ 52) | เขตบึงกุ่ม,128,73,201,115,86,18,7.111111111111111,4.055555555555555,11.166666666666666,6.388888888888889,4.777777777777778,สันติอโศก(ซอยนวมินทร์ 52) | เขตบึงกุ่ม
กรมสรรพากรพื้นที่ 11 | เขตมีนบุรี,110,91,201,120,81,17,6.470588235294118,5.352941176470588,11.823529411764707,7.0588235294117645,4.764705882352941,กรมสรรพากรพื้นที่ 11 | เขตมีนบุรี
ตรงข้ามซอยรักษาดินแดน | เขตดุสิต,86,115,201,120,81,13,6.615384615384615,8.846153846153847,15.461538461538462,9.23076923076923,6.230769230769231,ตรงข้ามซอยรักษาดินแดน | เขตดุสิต
แยกประชาพัฒนา | เขตลาดกระบัง,121,79,200,112,88,13,9.307692307692308,6.076923076923077,15.384615384615385,8.615384615384615,6.769230769230769,แยกประชาพัฒนา | เขตลาดกระบัง
สุขาภิบาล 5 ซอย 40 | เขตสายไหม,99,101,200,106,94,15,6.6,6.733333333333333,13.333333333333334,7.066666666666666,6.266666666666667,สุขาภิบาล 5 ซอย 40 | เขตสายไหม
ตรงข้ามโรงเรียนยานนาเวศวิทยาคม | เขตสาทร,102,98,200,96,104,13,7.846153846153846,7.538461538461538,15.384615384615385,7.384615384615385,8.0,ตรงข้ามโรงเรียนยานนาเวศวิทยาคม | เขตสาทร
ซอยประชาอุทิศ 28 | เขตทุ่งครุ,109,91,200,119,81,15,7.266666666666667,6.066666666666666,13.333333333333334,7.933333333333334,5.4,ซอยประชาอุทิศ 28 | เขตทุ่งครุ
ตรงข้าม รร.พิบูลประชาสรรค์ | เขตพญาไท,111,88,199,104,95,5,22.2,17.6,39.8,20.8,19.0,ตรงข้าม รร.พิบูลประชาสรรค์ | เขตพญาไท
วัดมักกะสัน | เขตราชเทวี,106,93,199,112,87,12,8.833333333333334,7.75,16.583333333333332,9.333333333333334,7.25,วัดมักกะสัน | เขตราชเทวี
"ตรงข้ามวัดเชิงหวาย,ไปรษณีย์บางซื่อ | เขตบางซื่อ",111,87,198,113,85,14,7.928571428571429,6.214285714285714,14.142857142857142,8.071428571428571,6.071428571428571,"ตรงข้ามวัดเชิงหวาย,ไปรษณีย์บางซื่อ | เขตบางซื่อ"
วัดศรีบุญเรือง(แอมเวย์ใหม่) | เขตบางกะปิ,102,96,198,121,77,20,5.1,4.8,9.9,6.05,3.85,วัดศรีบุญเรือง(แอมเวย์ใหม่) | เขตบางกะปิ
โรบินสันลาดหญ้า | เขตธนบุรี,104,94,198,96,102,4,26.0,23.5,49.5,24.0,25.5,โรบินสันลาดหญ้า | เขตธนบุรี
สถานีตำรวจพระราชวัง | เขตพระนคร,74,124,198,117,81,18,4.111111111111111,6.888888888888889,11.0,6.5,4.5,สถานีตำรวจพระราชวัง | เขตพระนคร
สถานีตำรวจมีนบุรี | เขตมีนบุรี,124,73,197,115,82,16,7.75,4.5625,12.3125,7.1875,5.125,สถานีตำรวจมีนบุรี | เขตมีนบุรี
สุขาภิบาล 5 ซอย 48 | เขตสายไหม,122,75,197,123,74,17,7.176470588235294,4.411764705882353,11.588235294117647,7.235294117647059,4.352941176470588,สุขาภิบาล 5 ซอย 48 | เขตสายไหม
"ซอยลาดพร้าว 31,ตรงข้ามซอยลาดพร้าว 40 | เขตจตุจักร",74,123,197,112,85,15,4.933333333333334,8.2,13.133333333333333,7.466666666666667,5.666666666666667,"ซอยลาดพร้าว 31,ตรงข้ามซอยลาดพร้าว 40 | เขตจตุจักร"
โกดังชัยยงค์ | เขตราษฎร์บูรณะ,106,91,197,104,93,15,7.066666666666666,6.066666666666666,13.133333333333333,6.933333333333334,6.2,โกดังชัยยงค์ | เขตราษฎร์บูรณะ
บางแค | เขตบางแค,108,89,197,94,103,10,10.8,8.9,19.7,9.4,10.3,บางแค | เขตบางแค
แยกสะพานเหลือง (ขาเข้า) | เขตปทุมวัน,110,87,197,102,95,16,6.875,5.4375,12.3125,6.375,5.9375,แยกสะพานเหลือง (ขาเข้า) | เขตปทุมวัน
โรงเรียนปราโมชวิทยาทาน | เขตบางเขน,113,84,197,124,73,18,6.277777777777778,4.666666666666667,10.944444444444445,6.888888888888889,4.055555555555555,โรงเรียนปราโมชวิทยาทาน | เขตบางเขน
"กรมชลประทาน,ศรีย่าน | เขตดุสิต",99,98,197,125,72,16,6.1875,6.125,12.3125,7.8125,4.5,"กรมชลประทาน,ศรีย่าน | เขตดุสิต"
แยกบรมราชชนนี | เขตบางกอกน้อย,96,100,196,102,94,10,9.6,10.0,19.6,10.2,9.4,แยกบรมราชชนนี | เขตบางกอกน้อย
ตรงข้ามโรงเรียนภูมิสุขศึกษา | เขตบางแค,113,83,196,99,97,11,10.272727272727273,7.545454545454546,17.818181818181817,9.0,8.818181818181818,ตรงข้ามโรงเรียนภูมิสุขศึกษา | เขตบางแค
ตรงข้ามแฟลตเคหะคลองเตย | เขตคลองเตย,95,101,196,106,90,12,7.916666666666667,8.416666666666666,16.333333333333332,8.833333333333334,7.5,ตรงข้ามแฟลตเคหะคลองเตย | เขตคลองเตย
ตรงข้ามโรงเบียร์เยอรมันตะวันแดง | เขตยานนาวา,78,118,196,105,91,20,3.9,5.9,9.8,5.25,4.55,ตรงข้ามโรงเบียร์เยอรมันตะวันแดง | เขตยานนาวา
เสรีกอล์ฟ | เขตตลิ่งชัน,128,68,196,109,87,15,8.533333333333333,4.533333333333333,13.066666666666666,7.266666666666667,5.8,เสรีกอล์ฟ | เขตตลิ่งชัน
โรงพยาบาลมิชชั่น | เขตดุสิต,64,132,196,127,69,15,4.266666666666667,8.8,13.066666666666666,8.466666666666667,4.6,โรงพยาบาลมิชชั่น | เขตดุสิต
ศึกษาภัณฑ์ลาดพร้าว | เขตวังทองหลาง,125,71,196,109,87,14,8.928571428571429,5.071428571428571,14.0,7.785714285714286,6.214285714285714,ศึกษาภัณฑ์ลาดพร้าว | เขตวังทองหลาง
ตลาดแยกบางโพ | เขตบางซื่อ,93,102,195,124,71,15,6.2,6.8,13.0,8.266666666666667,4.733333333333333,ตลาดแยกบางโพ | เขตบางซื่อ
ซอยประชาอุทิศ 56 | เขตทุ่งครุ,125,70,195,105,90,13,9.615384615384615,5.384615384615385,15.0,8.076923076923077,6.923076923076923,ซอยประชาอุทิศ 56 | เขตทุ่งครุ
ท่าเรือกระทรวงพลังงาน | เขตปทุมวัน,107,88,195,103,92,11,9.727272727272727,8.0,17.727272727272727,9.363636363636363,8.363636363636363,ท่าเรือกระทรวงพลังงาน | เขตปทุมวัน
โรงเรียนช่างอากาศอำรุง | เขตดุสิต,120,74,194,114,80,14,8.571428571428571,5.285714285714286,13.857142857142858,8.142857142857142,5.714285714285714,โรงเรียนช่างอากาศอำรุง | เขตดุสิต
วัดบำรุงรื่น(ซ.25) | เขตลาดกระบัง,113,81,194,120,74,15,7.533333333333333,5.4,12.933333333333334,8.0,4.933333333333334,วัดบำรุงรื่น(ซ.25) | เขตลาดกระบัง
พระราม 9 ซอย 62 | เขตสวนหลวง,97,97,194,102,92,14,6.928571428571429,6.928571428571429,13.857142857142858,7.285714285714286,6.571428571428571,พระราม 9 ซอย 62 | เขตสวนหลวง
ซอยวัดหนองแขม | เขตหนองแขม,98,96,194,104,90,15,6.533333333333333,6.4,12.933333333333334,6.933333333333334,6.0,ซอยวัดหนองแขม | เขตหนองแขม
ตรงข้ามสถานีตำรวจร่มเกล้า | เขตลาดกระบัง,109,85,194,110,84,13,8.384615384615385,6.538461538461538,14.923076923076923,8.461538461538462,6.461538461538462,ตรงข้ามสถานีตำรวจร่มเกล้า | เขตลาดกระบัง
บิ๊กซีมินิแยกนาคนิวาส | เขตลาดพร้าว,106,87,193,104,89,18,5.888888888888889,4.833333333333333,10.722222222222221,5.777777777777778,4.944444444444445,บิ๊กซีมินิแยกนาคนิวาส | เขตลาดพร้าว
ตรงข้ามซอยโรงงาน | เขตบางกะปิ,86,107,193,110,83,13,6.615384615384615,8.23076923076923,14.846153846153847,8.461538461538462,6.384615384615385,ตรงข้ามซอยโรงงาน | เขตบางกะปิ
ท่านานาชาติ | เขตวัฒนา,87,106,193,111,82,15,5.8,7.066666666666666,12.866666666666667,7.4,5.466666666666667,ท่านานาชาติ | เขตวัฒนา
โรงเรียนสาธิตมหาวิทยาลัยศรีนครินทรวิโรฒปทุมวัน | เขตปทุมวัน,95,98,193,111,82,12,7.916666666666667,8.166666666666666,16.083333333333332,9.25,6.833333333333333,โรงเรียนสาธิตมหาวิทยาลัยศรีนครินทรวิโรฒปทุมวัน | เข...
ท่าชิดลม | เขตปทุมวัน,96,97,193,100,93,10,9.6,9.7,19.3,10.0,9.3,ท่าชิดลม | เขตปทุมวัน
พระยาสุเรนทร์ | เขตคลองสามวา,107,86,193,94,99,8,13.375,10.75,24.125,11.75,12.375,พระยาสุเรนทร์ | เขตคลองสามวา
ตรงข้ามหมู่บ้านรุ่งกิจ | เขตสะพานสูง,97,96,193,108,85,19,5.105263157894737,5.052631578947368,10.157894736842104,5.684210526315789,4.473684210526316,ตรงข้ามหมู่บ้านรุ่งกิจ | เขตสะพานสูง
ท่านานาเหนือ | เขตวัฒนา,96,97,193,106,87,11,8.727272727272727,8.818181818181818,17.545454545454547,9.636363636363637,7.909090909090909,ท่านานาเหนือ | เขตวัฒนา
ตลาดศรีวานิช | เขตพญาไท,103,89,192,90,102,4,25.75,22.25,48.0,22.5,25.5,ตลาดศรีวานิช | เขตพญาไท
ท่าปล่อยรถสาย3654204(รฟม.) | เขตห้วยขวาง,93,99,192,111,81,13,7.153846153846154,7.615384615384615,14.76923076923077,8.538461538461538,6.230769230769231,ท่าปล่อยรถสาย3654204(รฟม.) | เขตห้วยขวาง
"ซอยนวลจันทร์,ประดิษฐ์มนูญธรรม | เขตบึงกุ่ม",97,95,192,113,79,12,8.083333333333334,7.916666666666667,16.0,9.416666666666666,6.583333333333333,"ซอยนวลจันทร์,ประดิษฐ์มนูญธรรม | เขตบึงกุ่ม"
แยกถนนพุทธมณฑลสาย 3 | เขตหนองแขม,110,82,192,110,82,14,7.857142857142857,5.857142857142857,13.714285714285714,7.857142857142857,5.857142857142857,แยกถนนพุทธมณฑลสาย 3 | เขตหนองแขม
ลานพระรูปทรงม้า | เขตดุสิต,99,93,192,119,73,15,6.6,6.2,12.8,7.933333333333334,4.866666666666666,ลานพระรูปทรงม้า | เขตดุสิต
ข้างกรมศุลกากร | เขตคลองเตย,103,89,192,106,86,13,7.923076923076923,6.846153846153846,14.76923076923077,8.153846153846153,6.615384615384615,ข้างกรมศุลกากร | เขตคลองเตย
"ตรงข้ามโรงเรียนศรีวิกรม์,ซอยสุขุมวิท 65/1 | เขตคลองเตย",101,91,192,109,83,10,10.1,9.1,19.2,10.9,8.3,"ตรงข้ามโรงเรียนศรีวิกรม์,ซอยสุขุมวิท 65/1 | เขตคลอง..."
ตรงข้ามบ้านกลางเมือง ลาดพร้าว | เขตจตุจักร,108,84,192,119,73,15,7.2,5.6,12.8,7.933333333333334,4.866666666666666,ตรงข้ามบ้านกลางเมือง ลาดพร้าว | เขตจตุจักร
ตรงข้ามซอยอินทามะระ 57 | เขตดินแดง,110,81,191,120,71,17,6.470588235294118,4.764705882352941,11.235294117647058,7.0588235294117645,4.176470588235294,ตรงข้ามซอยอินทามะระ 57 | เขตดินแดง
จักรกฤษ์ | เขตวังทองหลาง,106,85,191,121,70,13,8.153846153846153,6.538461538461538,14.692307692307692,9.307692307692308,5.384615384615385,จักรกฤษ์ | เขตวังทองหลาง
ซอยสาธุประดิษฐ์ 12 | เขตสาทร,101,90,191,103,88,9,11.222222222222221,10.0,21.22222222222222,11.444444444444445,9.777777777777779,ซอยสาธุประดิษฐ์ 12 | เขตสาทร
วัดบางเตย | เขตบึงกุ่ม,112,79,191,114,77,15,7.466666666666667,5.266666666666667,12.733333333333333,7.6,5.133333333333334,วัดบางเตย | เขตบึงกุ่ม
วัดบางบัว | เขตจตุจักร,100,91,191,116,75,17,5.882352941176471,5.352941176470588,11.235294117647058,6.823529411764706,4.411764705882353,วัดบางบัว | เขตจตุจักร
เจริญราษฎร์ 7 แยก 35-4 | เขตยานนาวา,93,98,191,107,84,12,7.75,8.166666666666666,15.916666666666666,8.916666666666666,7.0,เจริญราษฎร์ 7 แยก 35-4 | เขตยานนาวา
ตลาดหัวตะเข้(ขาเข้า) | เขตลาดกระบัง,124,66,190,120,70,17,7.294117647058823,3.8823529411764706,11.176470588235293,7.0588235294117645,4.117647058823529,ตลาดหัวตะเข้(ขาเข้า) | เขตลาดกระบัง
บริษัท โตโยต้ากรุงเทพยนต์ จำกัด | เขตวังทองหลาง,119,71,190,115,75,19,6.2631578947368425,3.736842105263158,10.0,6.052631578947368,3.9473684210526314,บริษัท โตโยต้ากรุงเทพยนต์ จำกัด | เขตวังทองหลาง
เทอเรสวิว | เขตภาษีเจริญ,100,90,190,109,81,15,6.666666666666667,6.0,12.666666666666666,7.266666666666667,5.4,เทอเรสวิว | เขตภาษีเจริญ
แยกลาดหญ้า(ขาออก) | เขตคลองสาน,87,103,190,100,90,15,5.8,6.866666666666666,12.666666666666666,6.666666666666667,6.0,แยกลาดหญ้า(ขาออก) | เขตคลองสาน
ตรงข้ามโรงเรียนเทพศิรินทร์ | เขตปทุมวัน,95,95,190,112,78,13,7.3076923076923075,7.3076923076923075,14.615384615384615,8.615384615384615,6.0,ตรงข้ามโรงเรียนเทพศิรินทร์ | เขตปทุมวัน
SRT ตลาดพลู | เขตธนบุรี,110,79,189,115,74,14,7.857142857142857,5.642857142857143,13.5,8.214285714285714,5.285714285714286,SRT ตลาดพลู | เขตธนบุรี
ตรงข้ามประชานิเวศน์1 | เขตบางซื่อ,102,87,189,101,88,18,5.666666666666667,4.833333333333333,10.5,5.611111111111111,4.888888888888889,ตรงข้ามประชานิเวศน์1 | เขตบางซื่อ
บิ๊กซีประชาอุทิศ | เขตทุ่งครุ,101,88,189,96,93,17,5.9411764705882355,5.176470588235294,11.117647058823529,5.647058823529412,5.470588235294118,บิ๊กซีประชาอุทิศ | เขตทุ่งครุ
บริษัทพัฒนาการถาวร(ขาเข้า) | เขตประเวศ,129,60,189,109,80,18,7.166666666666667,3.3333333333333335,10.5,6.055555555555555,4.444444444444445,บริษัทพัฒนาการถาวร(ขาเข้า) | เขตประเวศ
การไฟฟ้าคลองเตยตรงข้ามโรงงานยาสูบ | เขตคลองเตย,109,80,189,104,85,13,8.384615384615385,6.153846153846154,14.538461538461538,8.0,6.538461538461538,การไฟฟ้าคลองเตยตรงข้ามโรงงานยาสูบ | เขตคลองเตย
ตรงข้ามหมู่บ้านธารารมณ์ | เขตสะพานสูง,137,52,189,110,79,17,8.058823529411764,3.0588235294117645,11.117647058823529,6.470588235294118,4.647058823529412,ตรงข้ามหมู่บ้านธารารมณ์ | เขตสะพานสูง
"อโมรินี่,รพ.นพรัตน์ | เขตคันนายาว",105,83,188,105,83,11,9.545454545454545,7.545454545454546,17.09090909090909,9.545454545454545,7.545454545454546,"อโมรินี่,รพ.นพรัตน์ | เขตคันนายาว"
ตรงข้ามหมู่บ้านชมเดือน 3 | เขตประเวศ,129,59,188,114,74,18,7.166666666666667,3.2777777777777777,10.444444444444445,6.333333333333333,4.111111111111111,ตรงข้ามหมู่บ้านชมเดือน 3 | เขตประเวศ
วัดบางน้ำชน | เขตธนบุรี,115,73,188,104,84,12,9.583333333333334,6.083333333333333,15.666666666666666,8.666666666666666,7.0,วัดบางน้ำชน | เขตธนบุรี
ร้านบัวแก้วสังฆภัณฑ์ | เขตวังทองหลาง,103,84,187,108,79,12,8.583333333333334,7.0,15.583333333333334,9.0,6.583333333333333,ร้านบัวแก้วสังฆภัณฑ์ | เขตวังทองหลาง
ศาลเจ้าแม่กวนอิม | เขตบางขุนเทียน,114,73,187,109,78,15,7.6,4.866666666666666,12.466666666666667,7.266666666666667,5.2,ศาลเจ้าแม่กวนอิม | เขตบางขุนเทียน
แยกหลักสี่(ศูนย์อะไหล่หลักสี่ซอย 2) | เขตหลักสี่,128,59,187,110,77,16,8.0,3.6875,11.6875,6.875,4.8125,แยกหลักสี่(ศูนย์อะไหล่หลักสี่ซอย 2) | เขตหลักสี่
BTS ศาลาแดง(ทางออก2/4) | เขตบางรัก,107,80,187,97,90,15,7.133333333333334,5.333333333333333,12.466666666666667,6.466666666666667,6.0,BTS ศาลาแดง(ทางออก2/4) | เขตบางรัก
ตรงข้ามสำนักงานสถิติแห่งชาติ | เขตป้อมปราบศัตรูพ่าย,152,35,187,112,75,20,7.6,1.75,9.35,5.6,3.75,ตรงข้ามสำนักงานสถิติแห่งชาติ | เขตป้อมปราบศัตรูพ่าย
ตลาดคลองขวาง | เขตหนองแขม,105,82,187,102,85,13,8.076923076923077,6.3076923076923075,14.384615384615385,7.846153846153846,6.538461538461538,ตลาดคลองขวาง | เขตหนองแขม
ท่าแจงร้อน (ราษฎร์บูรณะ37) | เขตราษฎร์บูรณะ,132,55,187,115,72,17,7.764705882352941,3.235294117647059,11.0,6.764705882352941,4.235294117647059,ท่าแจงร้อน (ราษฎร์บูรณะ37) | เขตราษฎร์บูรณะ
WORK PLACE | เขตหนองแขม,111,75,186,111,75,19,5.842105263157895,3.9473684210526314,9.789473684210526,5.842105263157895,3.9473684210526314,WORK PLACE | เขตหนองแขม
หมู่บ้านนภาลัย รพ.มนารมย์ | เขตบางนา,118,68,186,103,83,15,7.866666666666666,4.533333333333333,12.4,6.866666666666666,5.533333333333333,หมู่บ้านนภาลัย รพ.มนารมย์ | เขตบางนา
สถานีรถไฟหัวลำโพง(ฝั่งรองเมือง) | เขตปทุมวัน,95,91,186,96,90,11,8.636363636363637,8.272727272727273,16.90909090909091,8.727272727272727,8.181818181818182,สถานีรถไฟหัวลำโพง(ฝั่งรองเมือง) | เขตปทุมวัน
สำนักงานปฎิรูปที่ดินเพื่อเกษตรกรรม | เขตพระนคร,66,120,186,115,71,15,4.4,8.0,12.4,7.666666666666667,4.733333333333333,สำนักงานปฎิรูปที่ดินเพื่อเกษตรกรรม | เขตพระนคร
แยกตาชั่ง(โพธิ์แก้ว3) | เขตบางกะปิ,84,102,186,102,84,14,6.0,7.285714285714286,13.285714285714286,7.285714285714286,6.0,แยกตาชั่ง(โพธิ์แก้ว3) | เขตบางกะปิ
แยกห้วยขวาง | เขตจตุจักร,87,99,186,93,93,13,6.6923076923076925,7.615384615384615,14.307692307692308,7.153846153846154,7.153846153846154,แยกห้วยขวาง | เขตจตุจักร
วัดประดู่บางจาก | เขตภาษีเจริญ,71,114,185,124,61,18,3.9444444444444446,6.333333333333333,10.277777777777779,6.888888888888889,3.388888888888889,วัดประดู่บางจาก | เขตภาษีเจริญ
ซอยประชาอุทิศ 14 | เขตราษฎร์บูรณะ,120,65,185,102,83,15,8.0,4.333333333333333,12.333333333333334,6.8,5.533333333333333,ซอยประชาอุทิศ 14 | เขตราษฎร์บูรณะ
ซอยอ่อนนุช 88 | เขตประเวศ,108,77,185,107,78,13,8.307692307692308,5.923076923076923,14.23076923076923,8.23076923076923,6.0,ซอยอ่อนนุช 88 | เขตประเวศ
BTS ราชดำริ | เขตปทุมวัน,98,87,185,109,76,14,7.0,6.214285714285714,13.214285714285714,7.785714285714286,5.428571428571429,BTS ราชดำริ | เขตปทุมวัน
ตรงข้ามซอยวัดสวัสดิ์ | เขตดุสิต,97,88,185,110,75,16,6.0625,5.5,11.5625,6.875,4.6875,ตรงข้ามซอยวัดสวัสดิ์ | เขตดุสิต
ท่าเรือเพชรเกษม 39 | เขตภาษีเจริญ,68,117,185,104,81,16,4.25,7.3125,11.5625,6.5,5.0625,ท่าเรือเพชรเกษม 39 | เขตภาษีเจริญ
"ตรงข้ามโรงเรียนพรสุดา,อู่สุวินทวงศ์เก่า | เขตมีนบุรี",89,96,185,108,77,16,5.5625,6.0,11.5625,6.75,4.8125,"ตรงข้ามโรงเรียนพรสุดา,อู่สุวินทวงศ์เก่า | เขตมีนบุรี"
ซอยเอกชัย 94 | เขตบางบอน,111,74,185,98,87,15,7.4,4.933333333333334,12.333333333333334,6.533333333333333,5.8,ซอยเอกชัย 94 | เขตบางบอน
ซอยเยาวพา | เขตบางซื่อ,104,80,184,118,66,16,6.5,5.0,11.5,7.375,4.125,ซอยเยาวพา | เขตบางซื่อ
ซอยราษฎร์บูรณะ 48 | เขตราษฎร์บูรณะ,99,85,184,87,97,15,6.6,5.666666666666667,12.266666666666667,5.8,6.466666666666667,ซอยราษฎร์บูรณะ 48 | เขตราษฎร์บูรณะ
พร้อมพรรณ | เขตดินแดง,101,83,184,102,82,10,10.1,8.3,18.4,10.2,8.2,พร้อมพรรณ | เขตดินแดง
ตรงข้ามโรงเรียนอนุบาลสวนสยาม | เขตคันนายาว,100,84,184,110,74,14,7.142857142857143,6.0,13.142857142857142,7.857142857142857,5.285714285714286,ตรงข้ามโรงเรียนอนุบาลสวนสยาม | เขตคันนายาว
"ไทยธนาคาร,ศูนย์มิตซู | เขตสาทร",90,94,184,97,87,8,11.25,11.75,23.0,12.125,10.875,"ไทยธนาคาร,ศูนย์มิตซู | เขตสาทร"
ตรงข้ามโรงพยาบาลเทพธารินทร์ | เขตคลองเตย,79,105,184,96,88,10,7.9,10.5,18.4,9.6,8.8,ตรงข้ามโรงพยาบาลเทพธารินทร์ | เขตคลองเตย
"ธนาคารกรุงไทย,กม.10 | เขตคันนายาว",86,98,184,102,82,14,6.142857142857143,7.0,13.142857142857142,7.285714285714286,5.857142857142857,"ธนาคารกรุงไทย,กม.10 | เขตคันนายาว"
"ซอยไสวสุวรรณ,วัดอนัมนิกายาราม(วัดญวณ) | เขตบางซื่อ",82,102,184,100,84,13,6.3076923076923075,7.846153846153846,14.153846153846153,7.6923076923076925,6.461538461538462,"ซอยไสวสุวรรณ,วัดอนัมนิกายาราม(วัดญวณ) | เขตบางซื่อ"
โรงเรียนภาษาอังกฤษสันติ | เขตวังทองหลาง,124,60,184,106,78,15,8.266666666666667,4.0,12.266666666666667,7.066666666666666,5.2,โรงเรียนภาษาอังกฤษสันติ | เขตวังทองหลาง
โอซีซี | เขตยานนาวา,72,111,183,111,72,14,5.142857142857143,7.928571428571429,13.071428571428571,7.928571428571429,5.142857142857143,โอซีซี | เขตยานนาวา
ตลาดใหม่ดอนเมือง | เขตดอนเมือง,113,70,183,105,78,11,10.272727272727273,6.363636363636363,16.636363636363637,9.545454545454545,7.090909090909091,ตลาดใหม่ดอนเมือง | เขตดอนเมือง
ARL มักกะสัน | เขตราชเทวี,102,81,183,94,89,12,8.5,6.75,15.25,7.833333333333333,7.416666666666667,ARL มักกะสัน | เขตราชเทวี
SRT กรุงเทพ | เขตปทุมวัน,87,96,183,106,77,12,7.25,8.0,15.25,8.833333333333334,6.416666666666667,SRT กรุงเทพ | เขตปทุมวัน
ตรงข้ามปากทางสวนสยาม | เขตคันนายาว,105,78,183,104,79,14,7.5,5.571428571428571,13.071428571428571,7.428571428571429,5.642857142857143,ตรงข้ามปากทางสวนสยาม | เขตคันนายาว
ตรงข้ามอาคารธนภูมิ | เขตราชเทวี,75,108,183,114,69,16,4.6875,6.75,11.4375,7.125,4.3125,ตรงข้ามอาคารธนภูมิ | เขตราชเทวี
ซอยหทัยราษฎร์ 3 | เขตมีนบุรี,117,66,183,106,77,15,7.8,4.4,12.2,7.066666666666666,5.133333333333334,ซอยหทัยราษฎร์ 3 | เขตมีนบุรี
หมู่บ้านจิรทิพย์ | เขตบึงกุ่ม,108,74,182,110,72,13,8.307692307692308,5.6923076923076925,14.0,8.461538461538462,5.538461538461538,หมู่บ้านจิรทิพย์ | เขตบึงกุ่ม
ก่อนถึงแยกสามย่าน | เขตบางรัก,96,86,182,97,85,12,8.0,7.166666666666667,15.166666666666666,8.083333333333334,7.083333333333333,ก่อนถึงแยกสามย่าน | เขตบางรัก
"MRT รัชดาฯ,โอลิมเปีย | เขตจตุจักร",81,101,182,95,87,8,10.125,12.625,22.75,11.875,10.875,"MRT รัชดาฯ,โอลิมเปีย | เขตจตุจักร"
ตรงข้ามซอยโยธินพัฒนา | เขตลาดพร้าว,97,85,182,93,89,10,9.7,8.5,18.2,9.3,8.9,ตรงข้ามซอยโยธินพัฒนา | เขตลาดพร้าว
โรงพยาบาลเวชการุณย์รัศมิ์ | เขตหนองจอก,55,127,182,144,38,27,2.037037037037037,4.703703703703703,6.7407407407407405,5.333333333333333,1.4074074074074074,โรงพยาบาลเวชการุณย์รัศมิ์ | เขตหนองจอก
ตรงข้ามนวธานี | เขตคันนายาว,111,71,182,96,86,12,9.25,5.916666666666667,15.166666666666666,8.0,7.166666666666667,ตรงข้ามนวธานี | เขตคันนายาว
จุฬาลงกรณ์มหาวิทยาลัย (คณะครุศาสตร์) | เขตปทุมวัน,109,73,182,107,75,14,7.785714285714286,5.214285714285714,13.0,7.642857142857143,5.357142857142857,จุฬาลงกรณ์มหาวิทยาลัย (คณะครุศาสตร์) | เขตปทุมวัน
ซอยโปษยานนท์ | เขตบางนา,100,81,181,100,81,13,7.6923076923076925,6.230769230769231,13.923076923076923,7.6923076923076925,6.230769230769231,ซอยโปษยานนท์ | เขตบางนา
ซอยพุทธบูชา 32 | เขตทุ่งครุ,113,68,181,94,87,13,8.692307692307692,5.230769230769231,13.923076923076923,7.230769230769231,6.6923076923076925,ซอยพุทธบูชา 32 | เขตทุ่งครุ
ศรีวรา | เขตวังทองหลาง,104,76,180,115,65,12,8.666666666666666,6.333333333333333,15.0,9.583333333333334,5.416666666666667,ศรีวรา | เขตวังทองหลาง
ซอยนราธิวาสราชนครินทร์ 6 | เขตสาทร,94,86,180,93,87,15,6.266666666666667,5.733333333333333,12.0,6.2,5.8,ซอยนราธิวาสราชนครินทร์ 6 | เขตสาทร
"แยกมหานคร, ตรงข้ามศาลแรงงานกลาง | เขตปทุมวัน",96,84,180,108,72,11,8.727272727272727,7.636363636363637,16.363636363636363,9.818181818181818,6.545454545454546,"แยกมหานคร, ตรงข้ามศาลแรงงานกลาง | เขตปทุมวัน"
SRT ดอนเมือง | เขตดอนเมือง,89,91,180,117,63,15,5.933333333333334,6.066666666666666,12.0,7.8,4.2,SRT ดอนเมือง | เขตดอนเมือง
ลุมพินีเซ็นเตอร์แฮปปี้แลนด์ | เขตบางกะปิ,95,85,180,107,73,15,6.333333333333333,5.666666666666667,12.0,7.133333333333334,4.866666666666666,ลุมพินีเซ็นเตอร์แฮปปี้แลนด์ | เขตบางกะปิ
แยกลาดกระบัง-ร่มเกล้า | เขตลาดกระบัง,123,57,180,130,50,16,7.6875,3.5625,11.25,8.125,3.125,แยกลาดกระบัง-ร่มเกล้า | เขตลาดกระบัง
เมโทรตรงข้ามตู้ทรูแขวงมักกะสัน | เขตราชเทวี,103,77,180,108,72,14,7.357142857142857,5.5,12.857142857142858,7.714285714285714,5.142857142857143,เมโทรตรงข้ามตู้ทรูแขวงมักกะสัน | เขตราชเทวี
ดอนเมือง (ช่องทาง ทดม.8) | เขตดอนเมือง,134,45,179,115,64,17,7.882352941176471,2.6470588235294117,10.529411764705882,6.764705882352941,3.764705882352941,ดอนเมือง (ช่องทาง ทดม.8) | เขตดอนเมือง
"ไปรษณีย์จรเข้บัว,สหฟาร์ม | เขตบึงกุ่ม",102,77,179,91,88,7,14.571428571428571,11.0,25.571428571428573,13.0,12.571428571428571,"ไปรษณีย์จรเข้บัว,สหฟาร์ม | เขตบึงกุ่ม"
วัดนวลจันทร์(ถนนนวลจันทร์ขาออก) | เขตบึงกุ่ม,108,71,179,107,72,17,6.352941176470588,4.176470588235294,10.529411764705882,6.294117647058823,4.235294117647059,วัดนวลจันทร์(ถนนนวลจันทร์ขาออก) | เขตบึงกุ่ม
กรมศุลกากร | เขตคลองเตย,103,76,179,132,47,18,5.722222222222222,4.222222222222222,9.944444444444445,7.333333333333333,2.611111111111111,กรมศุลกากร | เขตคลองเตย
สวนอาหารร่มไม้ | เขตลาดพร้าว,108,71,179,105,74,14,7.714285714285714,5.071428571428571,12.785714285714286,7.5,5.285714285714286,สวนอาหารร่มไม้ | เขตลาดพร้าว
พระราม 2 ซอย 94 อู่แสมดำ | เขตบางขุนเทียน,96,83,179,113,66,18,5.333333333333333,4.611111111111111,9.944444444444445,6.277777777777778,3.6666666666666665,พระราม 2 ซอย 94 อู่แสมดำ | เขตบางขุนเทียน
ตรงข้ามศูนย์การค้าวรรัตน์ | เขตสาทร,103,76,179,94,85,9,11.444444444444445,8.444444444444445,19.88888888888889,10.444444444444445,9.444444444444445,ตรงข้ามศูนย์การค้าวรรัตน์ | เขตสาทร
"ซอยงูเห่า,เกียร์เซอร์วิส | เขตจอมทอง",100,79,179,89,90,13,7.6923076923076925,6.076923076923077,13.76923076923077,6.846153846153846,6.923076923076923,"ซอยงูเห่า,เกียร์เซอร์วิส | เขตจอมทอง"
สุเหร่าคลองกุ่ม | เขตบึงกุ่ม,99,80,179,107,72,14,7.071428571428571,5.714285714285714,12.785714285714286,7.642857142857143,5.142857142857143,สุเหร่าคลองกุ่ม | เขตบึงกุ่ม
โรงเรียนกุลศิริ | เขตคลองสาน,115,64,179,101,78,16,7.1875,4.0,11.1875,6.3125,4.875,โรงเรียนกุลศิริ | เขตคลองสาน
แยกถนนคุ้มเกล้า-เจ้าคุณทหาร(ขาเข้า) | เขตลาดกระบัง,111,67,178,100,78,13,8.538461538461538,5.153846153846154,13.692307692307692,7.6923076923076925,6.0,แยกถนนคุ้มเกล้า-เจ้าคุณทหาร(ขาเข้า) | เขตลาดกระบัง
ศูนย์การค้าวรรัตน์ | เขตยานนาวา,99,79,178,89,89,7,14.142857142857142,11.285714285714286,25.428571428571427,12.714285714285714,12.714285714285714,ศูนย์การค้าวรรัตน์ | เขตยานนาวา
แยกถนนระนอง 1 | เขตดุสิต,120,58,178,104,74,16,7.5,3.625,11.125,6.5,4.625,แยกถนนระนอง 1 | เขตดุสิต
ซอยลาดพร้าว 92 | เขตวังทองหลาง,126,52,178,104,74,15,8.4,3.466666666666667,11.866666666666667,6.933333333333334,4.933333333333334,ซอยลาดพร้าว 92 | เขตวังทองหลาง
สถานทูตจีน | เขตห้วยขวาง,89,89,178,83,95,4,22.25,22.25,44.5,20.75,23.75,สถานทูตจีน | เขตห้วยขวาง
ซอยโฟร์โมส | เขตบางขุนเทียน,124,54,178,99,79,14,8.857142857142858,3.857142857142857,12.714285714285714,7.071428571428571,5.642857142857143,ซอยโฟร์โมส | เขตบางขุนเทียน
ซอยลาดพร้าว 35 | เขตห้วยขวาง,102,75,177,106,71,13,7.846153846153846,5.769230769230769,13.615384615384615,8.153846153846153,5.461538461538462,ซอยลาดพร้าว 35 | เขตห้วยขวาง
สถานีตำรวจพหลโยธิน | เขตจตุจักร,83,94,177,96,81,15,5.533333333333333,6.266666666666667,11.8,6.4,5.4,สถานีตำรวจพหลโยธิน | เขตจตุจักร
ซอยเทียนทะเล 16 | เขตบางขุนเทียน,97,80,177,104,73,11,8.818181818181818,7.2727272727272725,16.09090909090909,9.454545454545455,6.636363636363637,ซอยเทียนทะเล 16 | เขตบางขุนเทียน
"วิทยุการบิน,ตรงข้ามเทคนิคกรุงเทพ | เขตสาทร",97,80,177,88,89,14,6.928571428571429,5.714285714285714,12.642857142857142,6.285714285714286,6.357142857142857,"วิทยุการบิน,ตรงข้ามเทคนิคกรุงเทพ | เขตสาทร"
ซอยเฉลิมพระเกียรติ 79 | เขตประเวศ,95,82,177,110,67,13,7.3076923076923075,6.3076923076923075,13.615384615384615,8.461538461538462,5.153846153846154,ซอยเฉลิมพระเกียรติ 79 | เขตประเวศ
ซอยบรมราชชนนี 46 | เขตตลิ่งชัน,101,76,177,103,74,11,9.181818181818182,6.909090909090909,16.09090909090909,9.363636363636363,6.7272727272727275,ซอยบรมราชชนนี 46 | เขตตลิ่งชัน
ตรงข้ามสะพาน 99 | เขตบางซื่อ,61,116,177,101,76,19,3.210526315789474,6.105263157894737,9.31578947368421,5.315789473684211,4.0,ตรงข้ามสะพาน 99 | เขตบางซื่อ
วัดมกุฏกษัตริย์ | เขตพระนคร,95,82,177,98,79,12,7.916666666666667,6.833333333333333,14.75,8.166666666666666,6.583333333333333,วัดมกุฏกษัตริย์ | เขตพระนคร
ถนนหนองแขม 1(ขาออก) | เขตหนองแขม,72,105,177,114,63,17,4.235294117647059,6.176470588235294,10.411764705882353,6.705882352941177,3.7058823529411766,ถนนหนองแขม 1(ขาออก) | เขตหนองแขม
พุทธมณฑลสาย 1 ซอย 26 | เขตตลิ่งชัน,99,78,177,99,78,15,6.6,5.2,11.8,6.6,5.2,พุทธมณฑลสาย 1 ซอย 26 | เขตตลิ่งชัน
"ตลาดบางซ่อน,ซอยกรุงเทพ-นนทบุรี 25 | เขตบางซื่อ",97,79,176,95,81,14,6.928571428571429,5.642857142857143,12.571428571428571,6.785714285714286,5.785714285714286,"ตลาดบางซ่อน,ซอยกรุงเทพ-นนทบุรี 25 | เขตบางซื่อ"
BTS สุรศักดิ์ | เขตบางรัก,102,74,176,87,89,6,17.0,12.333333333333334,29.333333333333332,14.5,14.833333333333334,BTS สุรศักดิ์ | เขตบางรัก
BTS สนามกีฬา (เริ่มต้น) | เขตปทุมวัน,101,75,176,104,72,15,6.733333333333333,5.0,11.733333333333333,6.933333333333334,4.8,BTS สนามกีฬา (เริ่มต้น) | เขตปทุมวัน
อินเด็กซ์บางนา | เขตบางนา,103,73,176,89,87,15,6.866666666666666,4.866666666666666,11.733333333333333,5.933333333333334,5.8,อินเด็กซ์บางนา | เขตบางนา
SRT ลาดกระบัง | เขตลาดกระบัง,130,46,176,92,84,8,16.25,5.75,22.0,11.5,10.5,SRT ลาดกระบัง | เขตลาดกระบัง
โรงเรียนกุลวรรณ | เขตบางซื่อ,103,73,176,93,83,10,10.3,7.3,17.6,9.3,8.3,โรงเรียนกุลวรรณ | เขตบางซื่อ
ซอยสาธุประดิษฐ์ 20 | เขตยานนาวา,106,70,176,94,82,10,10.6,7.0,17.6,9.4,8.2,ซอยสาธุประดิษฐ์ 20 | เขตยานนาวา
ซอยประชาอุทิศ 7 | เขตราษฎร์บูรณะ,106,69,175,105,70,15,7.066666666666666,4.6,11.666666666666666,7.0,4.666666666666667,ซอยประชาอุทิศ 7 | เขตราษฎร์บูรณะ
ซอยไมตรี | เขตสาทร,95,80,175,89,86,10,9.5,8.0,17.5,8.9,8.6,ซอยไมตรี | เขตสาทร
ประปาแม้นศรี | เขตป้อมปราบศัตรูพ่าย,98,77,175,97,78,12,8.166666666666666,6.416666666666667,14.583333333333334,8.083333333333334,6.5,ประปาแม้นศรี | เขตป้อมปราบศัตรูพ่าย
ตรงข้ามมหาวิทยาลัยธุรกิจบัณฑิตย์ | เขตหลักสี่,50,125,175,95,80,16,3.125,7.8125,10.9375,5.9375,5.0,ตรงข้ามมหาวิทยาลัยธุรกิจบัณฑิตย์ | เขตหลักสี่
สาธารณะสุข 39 | เขตราษฎร์บูรณะ,108,67,175,113,62,16,6.75,4.1875,10.9375,7.0625,3.875,สาธารณะสุข 39 | เขตราษฎร์บูรณะ
ตรงข้ามการรถไฟแห่งประเทศไทย | เขตป้อมปราบศัตรูพ่าย,73,101,174,107,67,15,4.866666666666666,6.733333333333333,11.6,7.133333333333334,4.466666666666667,ตรงข้ามการรถไฟแห่งประเทศไทย | เขตป้อมปราบศัตรูพ่าย
ตรงข้ามหมู่บ้านสุขทวี | เขตทวีวัฒนา,120,54,174,99,75,17,7.0588235294117645,3.176470588235294,10.235294117647058,5.823529411764706,4.411764705882353,ตรงข้ามหมู่บ้านสุขทวี | เขตทวีวัฒนา
แยกวัดบุณยประดิษฐ์ | เขตบางแค,128,46,174,95,79,16,8.0,2.875,10.875,5.9375,4.9375,แยกวัดบุณยประดิษฐ์ | เขตบางแค
โรงแรมเลอคองคอร์ด | เขตดินแดง,95,79,174,95,79,6,15.833333333333334,13.166666666666666,29.0,15.833333333333334,13.166666666666666,โรงแรมเลอคองคอร์ด | เขตดินแดง
หอสมุดแห่งชาติ | เขตดุสิต,68,106,174,91,83,11,6.181818181818182,9.636363636363637,15.818181818181818,8.272727272727273,7.545454545454546,หอสมุดแห่งชาติ | เขตดุสิต
แยกประชาสงเคราะห์ | เขตดินแดง,105,69,174,99,75,13,8.076923076923077,5.3076923076923075,13.384615384615385,7.615384615384615,5.769230769230769,แยกประชาสงเคราะห์ | เขตดินแดง
วังแดง | เขตดุสิต,95,79,174,103,71,10,9.5,7.9,17.4,10.3,7.1,วังแดง | เขตดุสิต
ตลาดดินแดง | เขตดินแดง,67,107,174,88,86,11,6.090909090909091,9.727272727272727,15.818181818181818,8.0,7.818181818181818,ตลาดดินแดง | เขตดินแดง
ตลาดพระโขนง | เขตคลองเตย,105,69,174,84,90,8,13.125,8.625,21.75,10.5,11.25,ตลาดพระโขนง | เขตคลองเตย
ท่าปล่อยรถสาย 99 | เขตดุสิต,102,71,173,121,52,16,6.375,4.4375,10.8125,7.5625,3.25,ท่าปล่อยรถสาย 99 | เขตดุสิต
ร่มสุขวิลเลจ 4 (ซอย 25/7) | เขตลาดกระบัง,141,32,173,111,62,19,7.421052631578948,1.6842105263157894,9.105263157894736,5.842105263157895,3.263157894736842,ร่มสุขวิลเลจ 4 (ซอย 25/7) | เขตลาดกระบัง
ตรงข้ามซอยประชาอุทิศ 14 | เขตราษฎร์บูรณะ,89,84,173,91,82,14,6.357142857142857,6.0,12.357142857142858,6.5,5.857142857142857,ตรงข้ามซอยประชาอุทิศ 14 | เขตราษฎร์บูรณะ
ซอยกรุงเทพ-นนทบุรี 56 | เขตบางซื่อ,100,72,172,102,70,18,5.555555555555555,4.0,9.555555555555555,5.666666666666667,3.888888888888889,ซอยกรุงเทพ-นนทบุรี 56 | เขตบางซื่อ
ซอยสุวรรณมณี | เขตห้วยขวาง,99,73,172,85,87,12,8.25,6.083333333333333,14.333333333333334,7.083333333333333,7.25,ซอยสุวรรณมณี | เขตห้วยขวาง
ท่ารถสาย 159 ชักพระ(ซอยชักพระ15) | เขตตลิ่งชัน,81,91,172,86,86,10,8.1,9.1,17.2,8.6,8.6,ท่ารถสาย 159 ชักพระ(ซอยชักพระ15) | เขตตลิ่งชัน
ธนาคารกรุงศรีอยุธยา(ถนนพระราม4ขาเข้า) | เขตคลองเตย,65,107,172,97,75,14,4.642857142857143,7.642857142857143,12.285714285714286,6.928571428571429,5.357142857142857,ธนาคารกรุงศรีอยุธยา(ถนนพระราม4ขาเข้า) | เขตคลองเตย
"ซอยรามอินทรา 89,เยื้องปั้มเอสโซ่ | เขตคันนายาว",116,56,172,94,78,14,8.285714285714286,4.0,12.285714285714286,6.714285714285714,5.571428571428571,"ซอยรามอินทรา 89,เยื้องปั้มเอสโซ่ | เขตคันนายาว"
"ซอยยิ้มประยูร,ซอยวงศ์สว่าง 4 | เขตบางซื่อ",96,76,172,96,76,12,8.0,6.333333333333333,14.333333333333334,8.0,6.333333333333333,"ซอยยิ้มประยูร,ซอยวงศ์สว่าง 4 | เขตบางซื่อ"
ซอยสาธุประดิษฐ์ 58 | เขตยานนาวา,100,72,172,97,75,12,8.333333333333334,6.0,14.333333333333334,8.083333333333334,6.25,ซอยสาธุประดิษฐ์ 58 | เขตยานนาวา
BRT ถนนจันทน์ | เขตยานนาวา,104,67,171,98,73,12,8.666666666666666,5.583333333333333,14.25,8.166666666666666,6.083333333333333,BRT ถนนจันทน์ | เขตยานนาวา
ตรงข้ามหมู่บ้านลัดารมย์เอกมัย-รามอินทรา | เขตลาดพร้าว,107,63,170,88,82,15,7.133333333333334,4.2,11.333333333333334,5.866666666666666,5.466666666666667,ตรงข้ามหมู่บ้านลัดารมย์เอกมัย-รามอินทรา | เขตลาดพร้...
หอประชุมกานตรัตน์ | เขตสายไหม,21,149,170,94,76,19,1.105263157894737,7.842105263157895,8.947368421052632,4.947368421052632,4.0,หอประชุมกานตรัตน์ | เขตสายไหม
ตรงข้ามโรงเรียนมัธยมวัดสิงห์(ศาลแขวงธนบุรี) | เขตจอมทอง,88,82,170,105,65,15,5.866666666666666,5.466666666666667,11.333333333333334,7.0,4.333333333333333,ตรงข้ามโรงเรียนมัธยมวัดสิงห์(ศาลแขวงธนบุรี) | เขตจอ...
"แยกเหนือใต้,กรมควบคุมความประพฤติ | เขตบางคอแหลม",80,90,170,96,74,12,6.666666666666667,7.5,14.166666666666666,8.0,6.166666666666667,"แยกเหนือใต้,กรมควบคุมความประพฤติ | เขตบางคอแหลม"
เจริญนคร ซอย 57/1 | เขตธนบุรี,86,83,169,95,74,12,7.166666666666667,6.916666666666667,14.083333333333334,7.916666666666667,6.166666666666667,เจริญนคร ซอย 57/1 | เขตธนบุรี
สยาม ไอบีออโต้โมบิล | เขตลาดกระบัง,92,77,169,80,89,10,9.2,7.7,16.9,8.0,8.9,สยาม ไอบีออโต้โมบิล | เขตลาดกระบัง
ซอยเอกชัย 89/8 | เขตบางบอน,96,73,169,80,89,11,8.727272727272727,6.636363636363637,15.363636363636363,7.2727272727272725,8.090909090909092,ซอยเอกชัย 89/8 | เขตบางบอน
วิลล่าคาเฟ่ พระราม 9 ซอย 19 | เขตห้วยขวาง,74,95,169,87,82,11,6.7272727272727275,8.636363636363637,15.363636363636363,7.909090909090909,7.454545454545454,วิลล่าคาเฟ่ พระราม 9 ซอย 19 | เขตห้วยขวาง
ท่ารถสาย2(ปากคลองตลาด) | เขตพระนคร,72,97,169,98,71,15,4.8,6.466666666666667,11.266666666666667,6.533333333333333,4.733333333333333,ท่ารถสาย2(ปากคลองตลาด) | เขตพระนคร
BTS สะพานตากสิน | เขตสาทร,86,83,169,88,81,9,9.555555555555555,9.222222222222221,18.77777777777778,9.777777777777779,9.0,BTS สะพานตากสิน | เขตสาทร
ตรงข้ามรามอินทรา 115 | เขตมีนบุรี,85,84,169,101,68,15,5.666666666666667,5.6,11.266666666666667,6.733333333333333,4.533333333333333,ตรงข้ามรามอินทรา 115 | เขตมีนบุรี
ตรงข้ามวัดประดู่ | เขตบางซื่อ,103,66,169,81,88,12,8.583333333333334,5.5,14.083333333333334,6.75,7.333333333333333,ตรงข้ามวัดประดู่ | เขตบางซื่อ
ตรงข้าม ARL มักกะสัน | เขตห้วยขวาง,97,72,169,76,93,4,24.25,18.0,42.25,19.0,23.25,ตรงข้าม ARL มักกะสัน | เขตห้วยขวาง
ตรงข้ามตลาดดาวคะนอง | เขตจอมทอง,92,77,169,90,79,9,10.222222222222221,8.555555555555555,18.77777777777778,10.0,8.777777777777779,ตรงข้ามตลาดดาวคะนอง | เขตจอมทอง
หมู่บ้านซื่อตรง(สุวินทวงศ์) | เขตหนองจอก,126,43,169,92,77,12,10.5,3.5833333333333335,14.083333333333334,7.666666666666667,6.416666666666667,หมู่บ้านซื่อตรง(สุวินทวงศ์) | เขตหนองจอก
หมู่บ้านอัมรินทร์นวมินทร์ 90 | เขตบึงกุ่ม,107,61,168,103,65,16,6.6875,3.8125,10.5,6.4375,4.0625,หมู่บ้านอัมรินทร์นวมินทร์ 90 | เขตบึงกุ่ม
ซอยศรีนครินทร์ 50(อุดมสุข2) | เขตพระโขนง,94,74,168,90,78,10,9.4,7.4,16.8,9.0,7.8,ซอยศรีนครินทร์ 50(อุดมสุข2) | เขตพระโขนง
MRT สีลม | เขตบางรัก,89,79,168,94,74,10,8.9,7.9,16.8,9.4,7.4,MRT สีลม | เขตบางรัก
ตรงข้ามวัดสร้อยทอง | เขตบางซื่อ,93,75,168,88,80,16,5.8125,4.6875,10.5,5.5,5.0,ตรงข้ามวัดสร้อยทอง | เขตบางซื่อ
ซอยเอกมัย 4 | เขตวัฒนา,91,76,167,92,75,11,8.272727272727273,6.909090909090909,15.181818181818182,8.363636363636363,6.818181818181818,ซอยเอกมัย 4 | เขตวัฒนา
ตรงข้ามธนาคารกสิกรไทย | เขตห้วยขวาง,94,73,167,90,77,12,7.833333333333333,6.083333333333333,13.916666666666666,7.5,6.416666666666667,ตรงข้ามธนาคารกสิกรไทย | เขตห้วยขวาง
ใต้สะพานพระราม7(ขาเข้า) | เขตบางซื่อ,73,94,167,90,77,16,4.5625,5.875,10.4375,5.625,4.8125,ใต้สะพานพระราม7(ขาเข้า) | เขตบางซื่อ
หมู่บ้านบางบอนวิลล์okshopสาขาบางบอน | เขตบางบอน,95,72,167,106,61,14,6.785714285714286,5.142857142857143,11.928571428571429,7.571428571428571,4.357142857142857,หมู่บ้านบางบอนวิลล์okshopสาขาบางบอน | เขตบางบอน
กรมวิทยาศาสตร์ทหารบก | เขตจตุจักร,88,79,167,89,78,11,8.0,7.181818181818182,15.181818181818182,8.090909090909092,7.090909090909091,กรมวิทยาศาสตร์ทหารบก | เขตจตุจักร
แยกวุฒากาศ(ชัยบริการ) | เขตจอมทอง,89,78,167,102,65,14,6.357142857142857,5.571428571428571,11.928571428571429,7.285714285714286,4.642857142857143,แยกวุฒากาศ(ชัยบริการ) | เขตจอมทอง
โรงเรียนยานนาเวศวิทยาคม | เขตสาทร,100,66,166,91,75,12,8.333333333333334,5.5,13.833333333333334,7.583333333333333,6.25,โรงเรียนยานนาเวศวิทยาคม | เขตสาทร
หมู่บ้านชวนชื่นการ์เด้นวิลล์ | เขตทวีวัฒนา,103,63,166,94,72,11,9.363636363636363,5.7272727272727275,15.090909090909092,8.545454545454545,6.545454545454546,หมู่บ้านชวนชื่นการ์เด้นวิลล์ | เขตทวีวัฒนา
"วัดโพธิ์นิมิตร,วัดเวฬุราชิน(ไปรษณีย์ตลาดพลู) | เขตธนบุรี",87,79,166,97,69,16,5.4375,4.9375,10.375,6.0625,4.3125,"วัดโพธิ์นิมิตร,วัดเวฬุราชิน(ไปรษณีย์ตลาดพลู) | เขตธ..."
"แยกนรินธร,โรงพยาบาลบางรัก | เขตสาทร",86,80,166,78,88,5,17.2,16.0,33.2,15.6,17.6,"แยกนรินธร,โรงพยาบาลบางรัก | เขตสาทร"
แยกอุรุพงษ์ | เขตราชเทวี,76,90,166,99,67,13,5.846153846153846,6.923076923076923,12.76923076923077,7.615384615384615,5.153846153846154,แยกอุรุพงษ์ | เขตราชเทวี
ตรงข้ามธนาคารกรุงเทพ สาขาถนนรามคำแหง-เทพลีลา | เขตบางกะปิ,91,75,166,89,77,13,7.0,5.769230769230769,12.76923076923077,6.846153846153846,5.923076923076923,ตรงข้ามธนาคารกรุงเทพ สาขาถนนรามคำแหง-เทพลีลา | เขตบ...
ตรงข้ามอำนวยเภสัช | เขตคันนายาว,76,90,166,110,56,16,4.75,5.625,10.375,6.875,3.5,ตรงข้ามอำนวยเภสัช | เขตคันนายาว
"วัดกลาง,วัดจันทาราม | เขตธนบุรี",90,76,166,95,71,13,6.923076923076923,5.846153846153846,12.76923076923077,7.3076923076923075,5.461538461538462,"วัดกลาง,วัดจันทาราม | เขตธนบุรี"
ตรงข้ามโรงเรียนสามเสน | เขตพญาไท,63,102,165,133,32,15,4.2,6.8,11.0,8.866666666666667,2.1333333333333333,ตรงข้ามโรงเรียนสามเสน | เขตพญาไท
วัชรพล(กม.5) | เขตบางเขน,96,68,164,83,81,11,8.727272727272727,6.181818181818182,14.909090909090908,7.545454545454546,7.363636363636363,วัชรพล(กม.5) | เขตบางเขน
แยกตากสิน | เขตคลองสาน,80,84,164,96,68,13,6.153846153846154,6.461538461538462,12.615384615384615,7.384615384615385,5.230769230769231,แยกตากสิน | เขตคลองสาน
หมู่บ้านชวนชื่นการ์เด้นวิลล์ | เขตตลิ่งชัน,88,76,164,83,81,12,7.333333333333333,6.333333333333333,13.666666666666666,6.916666666666667,6.75,หมู่บ้านชวนชื่นการ์เด้นวิลล์ | เขตตลิ่งชัน
"ซอยสุขุมวิท 18,แยกอโศก | เขตคลองเตย",103,61,164,87,77,16,6.4375,3.8125,10.25,5.4375,4.8125,"ซอยสุขุมวิท 18,แยกอโศก | เขตคลองเตย"
ศูนย์อีซูซุรามคำแหง | เขตบางกะปิ,77,87,164,104,60,13,5.923076923076923,6.6923076923076925,12.615384615384615,8.0,4.615384615384615,ศูนย์อีซูซุรามคำแหง | เขตบางกะปิ
ตรงข้ามโรงพยาบาลเกษมราษฎร์ประชาชื่น | เขตจตุจักร,82,82,164,98,66,11,7.454545454545454,7.454545454545454,14.909090909090908,8.909090909090908,6.0,ตรงข้ามโรงพยาบาลเกษมราษฎร์ประชาชื่น | เขตจตุจักร
พุทธมณฑลสาย 3 ซอย 19 | เขตบางแค,107,57,164,137,27,22,4.863636363636363,2.590909090909091,7.454545454545454,6.2272727272727275,1.2272727272727273,พุทธมณฑลสาย 3 ซอย 19 | เขตบางแค
ตรงข้ามโรงพยาบาลสิรินธร | เขตประเวศ,93,71,164,85,79,11,8.454545454545455,6.454545454545454,14.909090909090908,7.7272727272727275,7.181818181818182,ตรงข้ามโรงพยาบาลสิรินธร | เขตประเวศ
SRT วัดสิงห์ | เขตจอมทอง,45,119,164,91,73,14,3.2142857142857144,8.5,11.714285714285714,6.5,5.214285714285714,SRT วัดสิงห์ | เขตจอมทอง
กรมแผนที่ทหาร | เขตวังทองหลาง,90,74,164,100,64,13,6.923076923076923,5.6923076923076925,12.615384615384615,7.6923076923076925,4.923076923076923,กรมแผนที่ทหาร | เขตวังทองหลาง
"ซอยเทอดไท 37,ตรงข้ามวัดขุนจันทร์ | เขตธนบุรี",93,71,164,88,76,11,8.454545454545455,6.454545454545454,14.909090909090908,8.0,6.909090909090909,"ซอยเทอดไท 37,ตรงข้ามวัดขุนจันทร์ | เขตธนบุรี"
ปากทางโพธิ์แก้ว | เขตบึงกุ่ม,80,84,164,102,62,18,4.444444444444445,4.666666666666667,9.11111111111111,5.666666666666667,3.4444444444444446,ปากทางโพธิ์แก้ว | เขตบึงกุ่ม
สนามเสือป่า(พระราม 5) | เขตดุสิต,76,87,163,94,69,11,6.909090909090909,7.909090909090909,14.818181818181818,8.545454545454545,6.2727272727272725,สนามเสือป่า(พระราม 5) | เขตดุสิต
"ซอยศรีบูรพา 20,อนุบาลคลองจั่น | เขตบางกะปิ",90,73,163,92,71,13,6.923076923076923,5.615384615384615,12.538461538461538,7.076923076923077,5.461538461538462,"ซอยศรีบูรพา 20,อนุบาลคลองจั่น | เขตบางกะปิ"
วัดดุสิตาราม | เขตบางกอกน้อย,76,87,163,89,74,12,6.333333333333333,7.25,13.583333333333334,7.416666666666667,6.166666666666667,วัดดุสิตาราม | เขตบางกอกน้อย
สำนักงานเขตคันนายาว | เขตคันนายาว,50,113,163,107,56,20,2.5,5.65,8.15,5.35,2.8,สำนักงานเขตคันนายาว | เขตคันนายาว
ตรงข้ามหมู่บ้านฐิติพร 1 | เขตสะพานสูง,101,62,163,113,50,18,5.611111111111111,3.4444444444444446,9.055555555555555,6.277777777777778,2.7777777777777777,ตรงข้ามหมู่บ้านฐิติพร 1 | เขตสะพานสูง
"แยกนาหลวง,หน้าธนาคารกรุงเทพ(ประชาอุทิศ) | เขตทุ่งครุ",100,62,162,91,71,12,8.333333333333334,5.166666666666667,13.5,7.583333333333333,5.916666666666667,"แยกนาหลวง,หน้าธนาคารกรุงเทพ(ประชาอุทิศ) | เขตทุ่งครุ"
หมู่บ้านขวัญทิพย์ | เขตบางแค,108,54,162,91,71,12,9.0,4.5,13.5,7.583333333333333,5.916666666666667,หมู่บ้านขวัญทิพย์ | เขตบางแค
BTS สุรศักดิ์ (ทางออก3) | เขตบางรัก,78,84,162,95,67,15,5.2,5.6,10.8,6.333333333333333,4.466666666666667,BTS สุรศักดิ์ (ทางออก3) | เขตบางรัก
หมู่บ้านรัดดารมย์ | เขตลาดพร้าว,77,85,162,81,81,7,11.0,12.142857142857142,23.142857142857142,11.571428571428571,11.571428571428571,หมู่บ้านรัดดารมย์ | เขตลาดพร้าว
ซอยเอกชัย 101 | เขตบางบอน,79,83,162,85,77,15,5.266666666666667,5.533333333333333,10.8,5.666666666666667,5.133333333333334,ซอยเอกชัย 101 | เขตบางบอน
ซอยนวลจันทร์ 22(ขาออก) | เขตบึงกุ่ม,111,50,161,95,66,17,6.529411764705882,2.9411764705882355,9.470588235294118,5.588235294117647,3.8823529411764706,ซอยนวลจันทร์ 22(ขาออก) | เขตบึงกุ่ม
โรงเรียนกรุงเทพคริสเตียนวิทยาลัย | เขตบางรัก,82,79,161,87,74,7,11.714285714285714,11.285714285714286,23.0,12.428571428571429,10.571428571428571,โรงเรียนกรุงเทพคริสเตียนวิทยาลัย | เขตบางรัก
"กม.25,พหลโยธิน 54/4 | เขตสายไหม",90,71,161,107,54,13,6.923076923076923,5.461538461538462,12.384615384615385,8.23076923076923,4.153846153846154,"กม.25,พหลโยธิน 54/4 | เขตสายไหม"
"ดี.เอช.ไอ.,DSI | เขตหลักสี่",88,73,161,111,50,19,4.631578947368421,3.8421052631578947,8.473684210526315,5.842105263157895,2.6315789473684212,"ดี.เอช.ไอ.,DSI | เขตหลักสี่"
ธนาคารไทยพาณิชย์(พหลโยธิน46/1) | เขตบางเขน,93,68,161,92,69,13,7.153846153846154,5.230769230769231,12.384615384615385,7.076923076923077,5.3076923076923075,ธนาคารไทยพาณิชย์(พหลโยธิน46/1) | เขตบางเขน
กรมป้องกันและบรรเทาสาธารณภัยกระทรวงมหาดไทย | เขตดุสิต,99,62,161,110,51,15,6.6,4.133333333333334,10.733333333333333,7.333333333333333,3.4,กรมป้องกันและบรรเทาสาธารณภัยกระทรวงมหาดไทย | เขตดุส...
พระราม 9 พลาซ่า | เขตบางกะปิ,93,67,160,100,60,13,7.153846153846154,5.153846153846154,12.307692307692308,7.6923076923076925,4.615384615384615,พระราม 9 พลาซ่า | เขตบางกะปิ
โรงแรมดุสิต(ถนนพระราม4) | เขตบางรัก,77,83,160,86,74,10,7.7,8.3,16.0,8.6,7.4,โรงแรมดุสิต(ถนนพระราม4) | เขตบางรัก
สะพานพุทธ | เขตสัมพันธวงศ์,80,80,160,76,84,7,11.428571428571429,11.428571428571429,22.857142857142858,10.857142857142858,12.0,สะพานพุทธ | เขตสัมพันธวงศ์
อาคารวรรณสรณ์ | เขตราชเทวี,85,75,160,97,63,11,7.7272727272727275,6.818181818181818,14.545454545454545,8.818181818181818,5.7272727272727275,อาคารวรรณสรณ์ | เขตราชเทวี
ตรงข้ามกระทรวงศึกษาธิการ | เขตดุสิต,67,93,160,115,45,17,3.9411764705882355,5.470588235294118,9.411764705882353,6.764705882352941,2.6470588235294117,ตรงข้ามกระทรวงศึกษาธิการ | เขตดุสิต
เคหะชุมชนธนบุรี | เขตบางขุนเทียน,83,77,160,79,81,7,11.857142857142858,11.0,22.857142857142858,11.285714285714286,11.571428571428571,เคหะชุมชนธนบุรี | เขตบางขุนเทียน
ลาดกระบัง 9/6 | เขตลาดกระบัง,77,83,160,92,68,15,5.133333333333334,5.533333333333333,10.666666666666666,6.133333333333334,4.533333333333333,ลาดกระบัง 9/6 | เขตลาดกระบัง
"ซอยประชาสงเคราะห์ 45,โค้งยาดอง | เขตดินแดง",92,67,159,84,75,11,8.363636363636363,6.090909090909091,14.454545454545455,7.636363636363637,6.818181818181818,"ซอยประชาสงเคราะห์ 45,โค้งยาดอง | เขตดินแดง"
สวนสยาม | เขตคันนายาว,73,86,159,75,84,14,5.214285714285714,6.142857142857143,11.357142857142858,5.357142857142857,6.0,สวนสยาม | เขตคันนายาว
BTS เพลินจิต | เขตปทุมวัน,94,65,159,85,74,14,6.714285714285714,4.642857142857143,11.357142857142858,6.071428571428571,5.285714285714286,BTS เพลินจิต | เขตปทุมวัน
"ซอยอ่อนนุช 65,ห้องอาหารเงิน | เขตประเวศ",115,44,159,87,72,15,7.666666666666667,2.933333333333333,10.6,5.8,4.8,"ซอยอ่อนนุช 65,ห้องอาหารเงิน | เขตประเวศ"
สนามหลวง(ตรงข้ามศาลฎีกา) ป้ายที่2 | เขตพระนคร,90,69,159,78,81,11,8.181818181818182,6.2727272727272725,14.454545454545455,7.090909090909091,7.363636363636363,สนามหลวง(ตรงข้ามศาลฎีกา) ป้ายที่2 | เขตพระนคร
ถนนเฉลิมเขต | เขตป้อมปราบศัตรูพ่าย,82,77,159,90,69,10,8.2,7.7,15.9,9.0,6.9,ถนนเฉลิมเขต | เขตป้อมปราบศัตรูพ่าย
SRT การเคหะ กม.19 | เขตดอนเมือง,93,66,159,89,70,10,9.3,6.6,15.9,8.9,7.0,SRT การเคหะ กม.19 | เขตดอนเมือง
แยกถนนสามวา | เขตมีนบุรี,57,102,159,80,79,15,3.8,6.8,10.6,5.333333333333333,5.266666666666667,แยกถนนสามวา | เขตมีนบุรี
ต่างระดับราชพฤกษ์-บรมราชชนนี | เขตตลิ่งชัน,89,70,159,104,55,12,7.416666666666667,5.833333333333333,13.25,8.666666666666666,4.583333333333333,ต่างระดับราชพฤกษ์-บรมราชชนนี | เขตตลิ่งชัน
แยกบ้านม้า(รามคำแหงขาเข้า) | เขตบางกะปิ,85,73,158,81,77,11,7.7272727272727275,6.636363636363637,14.363636363636363,7.363636363636363,7.0,แยกบ้านม้า(รามคำแหงขาเข้า) | เขตบางกะปิ
"ประชานฤมิตร,ธนาคารกสิกรไทย,ประชาคม,กรุงเทพ-นนทบรุี 5 | เขตบางซื่อ",81,77,158,90,68,11,7.363636363636363,7.0,14.363636363636363,8.181818181818182,6.181818181818182,"ประชานฤมิตร,ธนาคารกสิกรไทย,ประชาคม,กรุงเทพ-นนทบรุี ..."
แยกอรุณอัมรินทร์ | เขตบางพลัด,80,78,158,86,72,10,8.0,7.8,15.8,8.6,7.2,แยกอรุณอัมรินทร์ | เขตบางพลัด
"วิภาวดีรังสิต39,หมู่บ้านยิ่งโอฬาร | เขตดอนเมือง",120,38,158,98,60,17,7.0588235294117645,2.235294117647059,9.294117647058824,5.764705882352941,3.5294117647058822,"วิภาวดีรังสิต39,หมู่บ้านยิ่งโอฬาร | เขตดอนเมือง"
SRT คลองตัน | เขตห้วยขวาง,69,89,158,95,63,12,5.75,7.416666666666667,13.166666666666666,7.916666666666667,5.25,SRT คลองตัน | เขตห้วยขวาง
ตรงข้ามสำนักงานเขตบางซื่อ | เขตบางซื่อ,99,59,158,98,60,11,9.0,5.363636363636363,14.363636363636363,8.909090909090908,5.454545454545454,ตรงข้ามสำนักงานเขตบางซื่อ | เขตบางซื่อ
ตรงข้ามศูนย์ฝึกอบรมสถาบันพัฒนาข้าราชการกรุงเทพฯ | เขตหนองจอก,87,71,158,88,70,13,6.6923076923076925,5.461538461538462,12.153846153846153,6.769230769230769,5.384615384615385,ตรงข้ามศูนย์ฝึกอบรมสถาบันพัฒนาข้าราชการกรุงเทพฯ | เ...
ตรงข้ามตึก SCG | เขตบางซื่อ,63,94,157,141,16,22,2.8636363636363638,4.2727272727272725,7.136363636363637,6.409090909090909,0.7272727272727273,ตรงข้ามตึก SCG | เขตบางซื่อ
ซอยบางนา-ตราด 19 | เขตพระโขนง,85,72,157,72,85,5,17.0,14.4,31.4,14.4,17.0,ซอยบางนา-ตราด 19 | เขตพระโขนง
ซอยสุขุมวิท 34 | เขตวัฒนา,64,93,157,86,71,14,4.571428571428571,6.642857142857143,11.214285714285714,6.142857142857143,5.071428571428571,ซอยสุขุมวิท 34 | เขตวัฒนา
ตรงข้ามโรงเรียนเซนต์ดอมินิก(รร.ดอนบอสโก) | เขตราชเทวี,77,80,157,85,72,12,6.416666666666667,6.666666666666667,13.083333333333334,7.083333333333333,6.0,ตรงข้ามโรงเรียนเซนต์ดอมินิก(รร.ดอนบอสโก) | เขตราชเท...
"""แยก คปอ. | เขตดอนเมือง",69,88,157,24,36,1,69.0,88.0,157.0,24.0,36.0,"""แยก คปอ. | เขตดอนเมือง"
หมู่บ้านรุ่งกิจวิลล่า 5 | เขตลาดกระบัง,89,68,157,104,53,15,5.933333333333334,4.533333333333333,10.466666666666667,6.933333333333334,3.533333333333333,หมู่บ้านรุ่งกิจวิลล่า 5 | เขตลาดกระบัง
โรงเรียนยานนาเวศวิทยาคม | เขตยานนาวา,93,63,156,92,64,10,9.3,6.3,15.6,9.2,6.4,โรงเรียนยานนาเวศวิทยาคม | เขตยานนาวา
โรงเรียนศึกษานารี 2 | เขตบางบอน,108,48,156,83,73,14,7.714285714285714,3.4285714285714284,11.142857142857142,5.928571428571429,5.214285714285714,โรงเรียนศึกษานารี 2 | เขตบางบอน
ซอยประชาอุทิศ 79 | เขตทุ่งครุ,93,63,156,80,76,10,9.3,6.3,15.6,8.0,7.6,ซอยประชาอุทิศ 79 | เขตทุ่งครุ
วังบูรพา | เขตสัมพันธวงศ์,65,91,156,81,75,6,10.833333333333334,15.166666666666666,26.0,13.5,12.5,วังบูรพา | เขตสัมพันธวงศ์
ตรงข้ามบิ๊กซีสะพานใหม่ | เขตบางเขน,86,70,156,101,55,15,5.733333333333333,4.666666666666667,10.4,6.733333333333333,3.6666666666666665,ตรงข้ามบิ๊กซีสะพานใหม่ | เขตบางเขน
ทางลงทางด่วนสุขาภิบาล 5 | เขตบางเขน,97,59,156,95,61,13,7.461538461538462,4.538461538461538,12.0,7.3076923076923075,4.6923076923076925,ทางลงทางด่วนสุขาภิบาล 5 | เขตบางเขน
"หมู่บ้านการ์เด้นโฮม,ตรงข้ามซอย 39 | เขตสายไหม",92,63,155,81,74,7,13.142857142857142,9.0,22.142857142857142,11.571428571428571,10.571428571428571,"หมู่บ้านการ์เด้นโฮม,ตรงข้ามซอย 39 | เขตสายไหม"
ตรงข้ามสวนสมเด็จพระนางเจ้าสิริกิติ์ | เขตจตุจักร,77,78,155,72,83,8,9.625,9.75,19.375,9.0,10.375,ตรงข้ามสวนสมเด็จพระนางเจ้าสิริกิติ์ | เขตจตุจักร
ตรงข้ามโรงพยาบาลสิรินธร | เขตลาดกระบัง,87,67,154,88,66,10,8.7,6.7,15.4,8.8,6.6,ตรงข้ามโรงพยาบาลสิรินธร | เขตลาดกระบัง
ตรงข้ามประชาอุทิศซอย27 | เขตราษฎร์บูรณะ,98,56,154,89,65,14,7.0,4.0,11.0,6.357142857142857,4.642857142857143,ตรงข้ามประชาอุทิศซอย27 | เขตราษฎร์บูรณะ
ซอยลาดพร้าว 42 | เขตจตุจักร,93,61,154,84,70,8,11.625,7.625,19.25,10.5,8.75,ซอยลาดพร้าว 42 | เขตจตุจักร
สถานีตำรวจเตาปูนซอยกรุงเทพ-นนทบุรี 26 | เขตบางซื่อ,89,65,154,83,71,11,8.090909090909092,5.909090909090909,14.0,7.545454545454546,6.454545454545454,สถานีตำรวจเตาปูนซอยกรุงเทพ-นนทบุรี 26 | เขตบางซื่อ
โรงเรียนเสสะเวชวิทยา | เขตบางกอกใหญ่,73,81,154,101,53,13,5.615384615384615,6.230769230769231,11.846153846153847,7.769230769230769,4.076923076923077,โรงเรียนเสสะเวชวิทยา | เขตบางกอกใหญ่
ตรงข้ามร้านอาหารรถเมล์ | เขตคลองสามวา,91,63,154,83,71,11,8.272727272727273,5.7272727272727275,14.0,7.545454545454546,6.454545454545454,ตรงข้ามร้านอาหารรถเมล์ | เขตคลองสามวา
สมาคมเตชะสัมพันธ์ | เขตยานนาวา,85,68,153,93,60,14,6.071428571428571,4.857142857142857,10.928571428571429,6.642857142857143,4.285714285714286,สมาคมเตชะสัมพันธ์ | เขตยานนาวา
"ชุมชนทองสงวน,ปากซอยสุวินทวงศ์ 13,หมู่บ้านสุวินทวงศ์ | เขตมีนบุรี",114,39,153,82,71,16,7.125,2.4375,9.5625,5.125,4.4375,"ชุมชนทองสงวน,ปากซอยสุวินทวงศ์ 13,หมู่บ้านสุวินทวงศ์..."
ดอนเมือง(คลังสินค้า) | เขตดอนเมือง,89,64,153,97,56,13,6.846153846153846,4.923076923076923,11.76923076923077,7.461538461538462,4.3076923076923075,ดอนเมือง(คลังสินค้า) | เขตดอนเมือง
หมู่บ้านนันทวัน | เขตบางแค,79,74,153,91,62,10,7.9,7.4,15.3,9.1,6.2,หมู่บ้านนันทวัน | เขตบางแค
ปั๊มน้ำมันปตท.พุทธบูชา | เขตทุ่งครุ,71,82,153,90,63,11,6.454545454545454,7.454545454545454,13.909090909090908,8.181818181818182,5.7272727272727275,ปั๊มน้ำมันปตท.พุทธบูชา | เขตทุ่งครุ
อิสลามวิทยาลัยแห่งประเทศไทย | เขตทุ่งครุ,102,51,153,85,68,11,9.272727272727273,4.636363636363637,13.909090909090908,7.7272727272727275,6.181818181818182,อิสลามวิทยาลัยแห่งประเทศไทย | เขตทุ่งครุ
บริษัทซีพีตรงข้ามซอยสุวินทวงศ์ 38 | เขตมีนบุรี,94,59,153,87,66,12,7.833333333333333,4.916666666666667,12.75,7.25,5.5,บริษัทซีพีตรงข้ามซอยสุวินทวงศ์ 38 | เขตมีนบุรี
แยกบางนา(ขาออกป้ายที่2) | เขตบางนา,79,74,153,87,66,13,6.076923076923077,5.6923076923076925,11.76923076923077,6.6923076923076925,5.076923076923077,แยกบางนา(ขาออกป้ายที่2) | เขตบางนา
โรงเรียนฤทธิยะ | เขตสายไหม,85,68,153,99,54,13,6.538461538461538,5.230769230769231,11.76923076923077,7.615384615384615,4.153846153846154,โรงเรียนฤทธิยะ | เขตสายไหม
ตรงข้ามซอยโฟร์โมส | เขตบางขุนเทียน,86,67,153,80,73,11,7.818181818181818,6.090909090909091,13.909090909090908,7.2727272727272725,6.636363636363637,ตรงข้ามซอยโฟร์โมส | เขตบางขุนเทียน
ซอย จรัญสนิทวงศ์ 86/2 (ตรงข้ามสามเจริญพานิช) | เขตบางพลัด,86,67,153,89,64,13,6.615384615384615,5.153846153846154,11.76923076923077,6.846153846153846,4.923076923076923,ซอย จรัญสนิทวงศ์ 86/2 (ตรงข้ามสามเจริญพานิช) | เขตบ...
"สำนักงานที่ดินมีนบุรี,ศาลจังหวัดมีนบุรี | เขตมีนบุรี",85,68,153,110,43,18,4.722222222222222,3.7777777777777777,8.5,6.111111111111111,2.388888888888889,"สำนักงานที่ดินมีนบุรี,ศาลจังหวัดมีนบุรี | เขตมีนบุรี"
ตรงข้ามสวนสยาม | เขตคันนายาว,57,95,152,72,80,16,3.5625,5.9375,9.5,4.5,5.0,ตรงข้ามสวนสยาม | เขตคันนายาว
"นางเลิ้ง,ตรงข้ามไปรษณีย์หลานหลวง | เขตป้อมปราบศัตรูพ่าย",77,74,151,78,73,12,6.416666666666667,6.166666666666667,12.583333333333334,6.5,6.083333333333333,"นางเลิ้ง,ตรงข้ามไปรษณีย์หลานหลวง | เขตป้อมปราบศัตรู..."
ตรงข้ามสำนักงานเขตตลิ่งชัน | เขตตลิ่งชัน,67,84,151,82,69,14,4.785714285714286,6.0,10.785714285714286,5.857142857142857,4.928571428571429,ตรงข้ามสำนักงานเขตตลิ่งชัน | เขตตลิ่งชัน
โรงเรียนสารสาสน์พิทยา | เขตยานนาวา,82,69,151,84,67,7,11.714285714285714,9.857142857142858,21.571428571428573,12.0,9.571428571428571,โรงเรียนสารสาสน์พิทยา | เขตยานนาวา
"BTS บางนา,กรมอุตุวิทยา | เขตบางนา",75,76,151,85,66,13,5.769230769230769,5.846153846153846,11.615384615384615,6.538461538461538,5.076923076923077,"BTS บางนา,กรมอุตุวิทยา | เขตบางนา"
พระราม 2 ซอย 21 | เขตจอมทอง,86,65,151,81,70,10,8.6,6.5,15.1,8.1,7.0,พระราม 2 ซอย 21 | เขตจอมทอง
แยกตากสิน | เขตธนบุรี,76,74,150,84,66,9,8.444444444444445,8.222222222222221,16.666666666666668,9.333333333333334,7.333333333333333,แยกตากสิน | เขตธนบุรี
หมู่บ้านประภัทรสร | เขตหลักสี่,67,83,150,79,71,10,6.7,8.3,15.0,7.9,7.1,หมู่บ้านประภัทรสร | เขตหลักสี่
ตรงข้ามสวนนาคราภิรมย์ | เขตพระนคร,74,76,150,87,63,14,5.285714285714286,5.428571428571429,10.714285714285714,6.214285714285714,4.5,ตรงข้ามสวนนาคราภิรมย์ | เขตพระนคร
ปากซอยนวลจันทร์นวมินทร์ | เขตบึงกุ่ม,92,58,150,86,64,10,9.2,5.8,15.0,8.6,6.4,ปากซอยนวลจันทร์นวมินทร์ | เขตบึงกุ่ม
หมู่บ้านบุรีรมย์(ถนนคู้บอนขาเข้า) | เขตคลองสามวา,82,68,150,89,61,16,5.125,4.25,9.375,5.5625,3.8125,หมู่บ้านบุรีรมย์(ถนนคู้บอนขาเข้า) | เขตคลองสามวา
แยกกิ่งแก้วปั้มเอสโซ่ | เขตลาดกระบัง,90,60,150,96,54,14,6.428571428571429,4.285714285714286,10.714285714285714,6.857142857142857,3.857142857142857,แยกกิ่งแก้วปั้มเอสโซ่ | เขตลาดกระบัง
ตรงข้ามบริษัทพานาโซนิค | เขตคันนายาว,93,57,150,83,67,11,8.454545454545455,5.181818181818182,13.636363636363637,7.545454545454546,6.090909090909091,ตรงข้ามบริษัทพานาโซนิค | เขตคันนายาว
พุทธมณฑลสาย 3 ซอย 23 | เขตทวีวัฒนา,85,65,150,93,57,13,6.538461538461538,5.0,11.538461538461538,7.153846153846154,4.384615384615385,พุทธมณฑลสาย 3 ซอย 23 | เขตทวีวัฒนา
ตรงข้ามรักษาดินแดน | เขตดุสิต,67,82,149,83,66,11,6.090909090909091,7.454545454545454,13.545454545454545,7.545454545454546,6.0,ตรงข้ามรักษาดินแดน | เขตดุสิต
ทิพยประกันภัย | เขตห้วยขวาง,71,78,149,95,54,11,6.454545454545454,7.090909090909091,13.545454545454545,8.636363636363637,4.909090909090909,ทิพยประกันภัย | เขตห้วยขวาง
ร้านสวนน้ำ | เขตบึงกุ่ม,69,80,149,80,69,10,6.9,8.0,14.9,8.0,6.9,ร้านสวนน้ำ | เขตบึงกุ่ม
ซอยวัดอัมพวัน | เขตดุสิต,79,70,149,90,59,13,6.076923076923077,5.384615384615385,11.461538461538462,6.923076923076923,4.538461538461538,ซอยวัดอัมพวัน | เขตดุสิต
ตรงข้ามซอยสุโขทัย 5 | เขตดุสิต,72,77,149,85,64,11,6.545454545454546,7.0,13.545454545454545,7.7272727272727275,5.818181818181818,ตรงข้ามซอยสุโขทัย 5 | เขตดุสิต
สถานทูตออสเตรเลีย | เขตบางรัก,82,67,149,88,61,7,11.714285714285714,9.571428571428571,21.285714285714285,12.571428571428571,8.714285714285714,สถานทูตออสเตรเลีย | เขตบางรัก
ย่านพหลโยธิน(ถนนกำแพงเพชรขาออก) | เขตพญาไท,44,104,148,102,46,14,3.142857142857143,7.428571428571429,10.571428571428571,7.285714285714286,3.2857142857142856,ย่านพหลโยธิน(ถนนกำแพงเพชรขาออก) | เขตพญาไท
"เทสโก้โลตัส,ซอยอ่อนนุช 80 | เขตประเวศ",75,73,148,85,63,14,5.357142857142857,5.214285714285714,10.571428571428571,6.071428571428571,4.5,"เทสโก้โลตัส,ซอยอ่อนนุช 80 | เขตประเวศ"
สนามกีฬากองทัพบก | เขตดินแดง,86,62,148,99,49,13,6.615384615384615,4.769230769230769,11.384615384615385,7.615384615384615,3.769230769230769,สนามกีฬากองทัพบก | เขตดินแดง
ห้องสมุดตรงข้ามหมู่บ้านชลนิเวศน์ | เขตบางซื่อ,82,66,148,71,77,11,7.454545454545454,6.0,13.454545454545455,6.454545454545454,7.0,ห้องสมุดตรงข้ามหมู่บ้านชลนิเวศน์ | เขตบางซื่อ
ตรงข้ามโรงเรียนแสงหิรัญวิทยา | เขตลาดกระบัง,87,61,148,87,61,11,7.909090909090909,5.545454545454546,13.454545454545455,7.909090909090909,5.545454545454546,ตรงข้ามโรงเรียนแสงหิรัญวิทยา | เขตลาดกระบัง
ตรงข้ามหมู่บ้านพรทวีวิลล่า | เขตทวีวัฒนา,77,70,147,93,54,14,5.5,5.0,10.5,6.642857142857143,3.857142857142857,ตรงข้ามหมู่บ้านพรทวีวิลล่า | เขตทวีวัฒนา
"ซอยโชคดี 2,ตรงตลาดไชยณรงค์ | เขตบางเขน",54,93,147,78,69,7,7.714285714285714,13.285714285714286,21.0,11.142857142857142,9.857142857142858,"ซอยโชคดี 2,ตรงตลาดไชยณรงค์ | เขตบางเขน"
"บริษัท ดี.พี.เซรามิคส์จำกัด,แยกทุ่งมังกร(บรมราชชนนี60) | เขตตลิ่งชัน",73,74,147,90,57,13,5.615384615384615,5.6923076923076925,11.307692307692308,6.923076923076923,4.384615384615385,"บริษัท ดี.พี.เซรามิคส์จำกัด,แยกทุ่งมังกร(บรมราชชนนี..."
บิ๊กซีหนองจอก | เขตหนองจอก,109,38,147,83,64,13,8.384615384615385,2.923076923076923,11.307692307692308,6.384615384615385,4.923076923076923,บิ๊กซีหนองจอก | เขตหนองจอก
วัดปลูกศรัทธา(วัด 4) | เขตลาดกระบัง,73,73,146,90,56,10,7.3,7.3,14.6,9.0,5.6,วัดปลูกศรัทธา(วัด 4) | เขตลาดกระบัง
บางนา-ตราด50 | เขตบางนา,86,60,146,86,60,15,5.733333333333333,4.0,9.733333333333333,5.733333333333333,4.0,บางนา-ตราด50 | เขตบางนา
BTS พร้อมพงษ์(ทางออก4) | เขตวัฒนา,79,67,146,67,79,4,19.75,16.75,36.5,16.75,19.75,BTS พร้อมพงษ์(ทางออก4) | เขตวัฒนา
วัดช่องนนทรี | เขตยานนาวา,69,77,146,83,63,9,7.666666666666667,8.555555555555555,16.22222222222222,9.222222222222221,7.0,วัดช่องนนทรี | เขตยานนาวา
ตรงข้ามวัดเลียบ | เขตบางซื่อ,81,65,146,80,66,8,10.125,8.125,18.25,10.0,8.25,ตรงข้ามวัดเลียบ | เขตบางซื่อ
ตรงข้ามโรงพยาบาลทหารผ่าศึก | เขตดินแดง,76,70,146,97,49,5,15.2,14.0,29.2,19.4,9.8,ตรงข้ามโรงพยาบาลทหารผ่าศึก | เขตดินแดง
โรงเรียนชินวร | เขตบึงกุ่ม,92,54,146,91,55,11,8.363636363636363,4.909090909090909,13.272727272727273,8.272727272727273,5.0,โรงเรียนชินวร | เขตบึงกุ่ม
ปั้มปตท.ตรงข้ามหมู่บ้านร่มทิพย์ | เขตคลองสามวา,75,71,146,84,62,14,5.357142857142857,5.071428571428571,10.428571428571429,6.0,4.428571428571429,ปั้มปตท.ตรงข้ามหมู่บ้านร่มทิพย์ | เขตคลองสามวา
หมู่บ้านร่ำรวยนิเวศร์ 2 | เขตบางแค,101,44,145,70,75,14,7.214285714285714,3.142857142857143,10.357142857142858,5.0,5.357142857142857,หมู่บ้านร่ำรวยนิเวศร์ 2 | เขตบางแค
แยกมิตรสัมพันธ์(ถนนสุขุมวิท 3) | เขตราชเทวี,70,75,145,79,66,8,8.75,9.375,18.125,9.875,8.25,แยกมิตรสัมพันธ์(ถนนสุขุมวิท 3) | เขตราชเทวี
ปั๊มน้ำมันปริโตนัส | เขตสาทร,78,67,145,74,71,4,19.5,16.75,36.25,18.5,17.75,ปั๊มน้ำมันปริโตนัส | เขตสาทร
กรมทางหลวง(ถนนศรีอยุธยา) | เขตราชเทวี,79,65,144,90,54,10,7.9,6.5,14.4,9.0,5.4,กรมทางหลวง(ถนนศรีอยุธยา) | เขตราชเทวี
อนุสาวรีย์ชัยสมรภูมิ (เกาะดินแดง) | เขตพญาไท,77,67,144,68,76,4,19.25,16.75,36.0,17.0,19.0,อนุสาวรีย์ชัยสมรภูมิ (เกาะดินแดง) | เขตพญาไท
โฮมมาร์ทร่มเกล้า | เขตลาดกระบัง,84,60,144,74,70,8,10.5,7.5,18.0,9.25,8.75,โฮมมาร์ทร่มเกล้า | เขตลาดกระบัง
หมู่บ้านเปี่ยมรัก | เขตตลิ่งชัน,68,76,144,84,60,14,4.857142857142857,5.428571428571429,10.285714285714286,6.0,4.285714285714286,หมู่บ้านเปี่ยมรัก | เขตตลิ่งชัน
ตรงข้ามโรงเรียนภูมิสมิทธ์ | เขตมีนบุรี,89,55,144,85,59,11,8.090909090909092,5.0,13.090909090909092,7.7272727272727275,5.363636363636363,ตรงข้ามโรงเรียนภูมิสมิทธ์ | เขตมีนบุรี
ตั้งตรงจิตรพณิชยการ | เขตพระนคร,71,73,144,85,59,12,5.916666666666667,6.083333333333333,12.0,7.083333333333333,4.916666666666667,ตั้งตรงจิตรพณิชยการ | เขตพระนคร
ซอยประชาอุทิศ 21 | เขตราษฎร์บูรณะ,77,67,144,85,59,10,7.7,6.7,14.4,8.5,5.9,ซอยประชาอุทิศ 21 | เขตราษฎร์บูรณะ
ซอยลาดพร้าว 73 ทางลัดซอย 71 | เขตวังทองหลาง,101,42,143,80,63,15,6.733333333333333,2.8,9.533333333333333,5.333333333333333,4.2,ซอยลาดพร้าว 73 ทางลัดซอย 71 | เขตวังทองหลาง
ท่าอโศก | เขตราชเทวี,66,77,143,78,65,7,9.428571428571429,11.0,20.428571428571427,11.142857142857142,9.285714285714286,ท่าอโศก | เขตราชเทวี
ชุมชนเกาะจวน | เขตคันนายาว,95,48,143,88,55,12,7.916666666666667,4.0,11.916666666666666,7.333333333333333,4.583333333333333,ชุมชนเกาะจวน | เขตคันนายาว
วัดราชาธิวาสราชวรวิหาร | เขตดุสิต,59,84,143,81,62,10,5.9,8.4,14.3,8.1,6.2,วัดราชาธิวาสราชวรวิหาร | เขตดุสิต
พระราชวังพญาไท | เขตพญาไท,48,95,143,82,61,6,8.0,15.833333333333334,23.833333333333332,13.666666666666666,10.166666666666666,พระราชวังพญาไท | เขตพญาไท
สุขาภิบาล 5 ซอย 15 | เขตบางเขน,81,62,143,86,57,11,7.363636363636363,5.636363636363637,13.0,7.818181818181818,5.181818181818182,สุขาภิบาล 5 ซอย 15 | เขตบางเขน
ปากคลองตลาดสนามยิงปืน | เขตพระนคร,58,85,143,85,58,14,4.142857142857143,6.071428571428571,10.214285714285714,6.071428571428571,4.142857142857143,ปากคลองตลาดสนามยิงปืน | เขตพระนคร
ตรงข้ามหมู่บ้านกฤษดานคร 20 | เขตทวีวัฒนา,105,38,143,86,57,15,7.0,2.533333333333333,9.533333333333333,5.733333333333333,3.8,ตรงข้ามหมู่บ้านกฤษดานคร 20 | เขตทวีวัฒนา
ตรงข้ามโลตัสเลียบทางด่วนรามอินทรา | เขตวังทองหลาง,88,55,143,77,66,6,14.666666666666666,9.166666666666666,23.833333333333332,12.833333333333334,11.0,ตรงข้ามโลตัสเลียบทางด่วนรามอินทรา | เขตวังทองหลาง
ตรงข้ามซอยไสว | เขตบางซื่อ,82,60,142,78,64,9,9.11111111111111,6.666666666666667,15.777777777777779,8.666666666666666,7.111111111111111,ตรงข้ามซอยไสว | เขตบางซื่อ
บ้านผู้กอง | เขตทุ่งครุ,80,62,142,69,73,9,8.88888888888889,6.888888888888889,15.777777777777779,7.666666666666667,8.11111111111111,บ้านผู้กอง | เขตทุ่งครุ
ศาลเจ้าแม่ตะเคียนทอง | เขตบางบอน,79,63,142,66,76,9,8.777777777777779,7.0,15.777777777777779,7.333333333333333,8.444444444444445,ศาลเจ้าแม่ตะเคียนทอง | เขตบางบอน
ศาลแรงงานกลาง | เขตปทุมวัน,85,57,142,86,56,13,6.538461538461538,4.384615384615385,10.923076923076923,6.615384615384615,4.3076923076923075,ศาลแรงงานกลาง | เขตปทุมวัน
โรงเรียนพาณิชยการมีนบุรี | เขตมีนบุรี,73,69,142,86,56,13,5.615384615384615,5.3076923076923075,10.923076923076923,6.615384615384615,4.3076923076923075,โรงเรียนพาณิชยการมีนบุรี | เขตมีนบุรี
รามคำแหง 2 ซอย 19 | เขตประเวศ,87,55,142,81,61,6,14.5,9.166666666666666,23.666666666666668,13.5,10.166666666666666,รามคำแหง 2 ซอย 19 | เขตประเวศ
บริษัทแสงทองผ้าใบ | เขตวังทองหลาง,36,106,142,89,53,15,2.4,7.066666666666666,9.466666666666667,5.933333333333334,3.533333333333333,บริษัทแสงทองผ้าใบ | เขตวังทองหลาง
วัดโสมนัส | เขตป้อมปราบศัตรูพ่าย,66,76,142,78,64,10,6.6,7.6,14.2,7.8,6.4,วัดโสมนัส | เขตป้อมปราบศัตรูพ่าย
ซอยเอกชัย100 | เขตบางบอน,79,62,141,79,62,11,7.181818181818182,5.636363636363637,12.818181818181818,7.181818181818182,5.636363636363637,ซอยเอกชัย100 | เขตบางบอน
"ซอยโชคดี 2,ตรงตลาดไชยณรงค์ | เขตสายไหม",32,109,141,68,73,22,1.4545454545454546,4.954545454545454,6.409090909090909,3.090909090909091,3.3181818181818183,"ซอยโชคดี 2,ตรงตลาดไชยณรงค์ | เขตสายไหม"
ฉลองกรุง ซอย 21 | เขตลาดกระบัง,91,50,141,72,69,17,5.352941176470588,2.9411764705882355,8.294117647058824,4.235294117647059,4.0588235294117645,ฉลองกรุง ซอย 21 | เขตลาดกระบัง
ตรงข้ามโรงเรียนสุโขทัย | เขตดุสิต,75,66,141,81,60,9,8.333333333333334,7.333333333333333,15.666666666666666,9.0,6.666666666666667,ตรงข้ามโรงเรียนสุโขทัย | เขตดุสิต
สามแยกหัวลำโพง | เขตสัมพันธวงศ์,74,67,141,70,71,7,10.571428571428571,9.571428571428571,20.142857142857142,10.0,10.142857142857142,สามแยกหัวลำโพง | เขตสัมพันธวงศ์
อาคารไทย CC | เขตบางรัก,74,67,141,77,64,7,10.571428571428571,9.571428571428571,20.142857142857142,11.0,9.142857142857142,อาคารไทย CC | เขตบางรัก
ท่าสะพานหัวช้าง | เขตราชเทวี,80,61,141,88,53,10,8.0,6.1,14.1,8.8,5.3,ท่าสะพานหัวช้าง | เขตราชเทวี
หอศิลป์เจ้าฟ้า | เขตพระนคร,70,71,141,79,62,12,5.833333333333333,5.916666666666667,11.75,6.583333333333333,5.166666666666667,หอศิลป์เจ้าฟ้า | เขตพระนคร
ซอยรอดอนันต์ 4 | เขตบึงกุ่ม,80,61,141,90,51,13,6.153846153846154,4.6923076923076925,10.846153846153847,6.923076923076923,3.923076923076923,ซอยรอดอนันต์ 4 | เขตบึงกุ่ม
"สถานีตำรวจเตาปูน,ซอยกรุงเทพ-นนทบุรี 17 | เขตบางซื่อ",76,64,140,77,63,9,8.444444444444445,7.111111111111111,15.555555555555555,8.555555555555555,7.0,"สถานีตำรวจเตาปูน,ซอยกรุงเทพ-นนทบุรี 17 | เขตบางซื่อ"
หมู่บ้านพุทธรักษา | เขตบางแค,72,68,140,75,65,10,7.2,6.8,14.0,7.5,6.5,หมู่บ้านพุทธรักษา | เขตบางแค
ซอยศรีนครินทร์ 54(อุดมสุข1) | เขตประเวศ,80,60,140,68,72,5,16.0,12.0,28.0,13.6,14.4,ซอยศรีนครินทร์ 54(อุดมสุข1) | เขตประเวศ
ซอยสุขุมวิท 41 | เขตคลองเตย,71,69,140,75,65,5,14.2,13.8,28.0,15.0,13.0,ซอยสุขุมวิท 41 | เขตคลองเตย
ท่ารถเมล์เคหะคลองจั่น(สาย191) | เขตบางกะปิ,74,66,140,78,62,12,6.166666666666667,5.5,11.666666666666666,6.5,5.166666666666667,ท่ารถเมล์เคหะคลองจั่น(สาย191) | เขตบางกะปิ
ตรงข้ามศูนย์บริการสาธารณสุข 4 | เขตดินแดง,77,63,140,94,46,10,7.7,6.3,14.0,9.4,4.6,ตรงข้ามศูนย์บริการสาธารณสุข 4 | เขตดินแดง
ตรงข้ามวัดเครือวัลย์วรวิหาร | เขตบางกอกใหญ่,77,62,139,79,60,15,5.133333333333334,4.133333333333334,9.266666666666667,5.266666666666667,4.0,ตรงข้ามวัดเครือวัลย์วรวิหาร | เขตบางกอกใหญ่
"แยกมหานคร, ตรงข้ามศาลแรงงานกลาง | เขตบางรัก",74,65,139,75,64,6,12.333333333333334,10.833333333333334,23.166666666666668,12.5,10.666666666666666,"แยกมหานคร, ตรงข้ามศาลแรงงานกลาง | เขตบางรัก"
หมู่บ้านลลิลวิลล์ | เขตบางบอน,84,55,139,87,52,13,6.461538461538462,4.230769230769231,10.692307692307692,6.6923076923076925,4.0,หมู่บ้านลลิลวิลล์ | เขตบางบอน
ซอยจันทน์ 41 | เขตบางคอแหลม,67,72,139,70,69,7,9.571428571428571,10.285714285714286,19.857142857142858,10.0,9.857142857142858,ซอยจันทน์ 41 | เขตบางคอแหลม
ศรีบูรพา 20 | เขตบางกะปิ,80,59,139,80,59,12,6.666666666666667,4.916666666666667,11.583333333333334,6.666666666666667,4.916666666666667,ศรีบูรพา 20 | เขตบางกะปิ
"ตรงข้ามกรมยุทธบริการ,ตรงข้ามสำนักงานทหารพัฒนา | เขตบางซื่อ",72,67,139,79,60,10,7.2,6.7,13.9,7.9,6.0,"ตรงข้ามกรมยุทธบริการ,ตรงข้ามสำนักงานทหารพัฒนา | เขต..."
ปากทางเข้าสวนสยาม | เขตคันนายาว,74,65,139,78,61,10,7.4,6.5,13.9,7.8,6.1,ปากทางเข้าสวนสยาม | เขตคันนายาว
K.A.Wheel&Tire | เขตประเวศ,61,78,139,93,46,11,5.545454545454546,7.090909090909091,12.636363636363637,8.454545454545455,4.181818181818182,K.A.Wheel&Tire | เขตประเวศ
หมู่บ้านสรรพวุธนิเวศน์ | เขตดุสิต,61,78,139,84,55,11,5.545454545454546,7.090909090909091,12.636363636363637,7.636363636363637,5.0,หมู่บ้านสรรพวุธนิเวศน์ | เขตดุสิต
"ตรงข้ามบิ๊กซีวงศ์สว่าง,ซอยวงศ์สว่าง 27 | เขตบางซื่อ",82,56,138,99,39,13,6.3076923076923075,4.3076923076923075,10.615384615384615,7.615384615384615,3.0,"ตรงข้ามบิ๊กซีวงศ์สว่าง,ซอยวงศ์สว่าง 27 | เขตบางซื่อ"
พุทธมณฑลสาย 1 ซอย 34 | เขตตลิ่งชัน,81,57,138,77,61,11,7.363636363636363,5.181818181818182,12.545454545454545,7.0,5.545454545454546,พุทธมณฑลสาย 1 ซอย 34 | เขตตลิ่งชัน
แยกลาดหญ้า(ขาเข้า) | เขตคลองสาน,65,73,138,73,65,9,7.222222222222222,8.11111111111111,15.333333333333334,8.11111111111111,7.222222222222222,แยกลาดหญ้า(ขาเข้า) | เขตคลองสาน
บริษัท เจเจโลจิสติกส์ จำกัด | เขตลาดกระบัง,47,91,138,79,59,18,2.611111111111111,5.055555555555555,7.666666666666667,4.388888888888889,3.2777777777777777,บริษัท เจเจโลจิสติกส์ จำกัด | เขตลาดกระบัง
"ซอยประชาสงเคราะห์ 47,ซอยสมบูรณ์ | เขตดินแดง",73,65,138,75,63,13,5.615384615384615,5.0,10.615384615384615,5.769230769230769,4.846153846153846,"ซอยประชาสงเคราะห์ 47,ซอยสมบูรณ์ | เขตดินแดง"
นางลิ้นจี่ | เขตสาทร,70,68,138,88,50,10,7.0,6.8,13.8,8.8,5.0,นางลิ้นจี่ | เขตสาทร
ซอยประชาชื่น 38 | เขตจตุจักร,74,64,138,66,72,4,18.5,16.0,34.5,16.5,18.0,ซอยประชาชื่น 38 | เขตจตุจักร
สำนักงานเขตดุสิต | เขตดุสิต,64,74,138,87,51,10,6.4,7.4,13.8,8.7,5.1,สำนักงานเขตดุสิต | เขตดุสิต
ตรงข้ามซอยวัดรวก | เขตราษฎร์บูรณะ,79,59,138,72,66,7,11.285714285714286,8.428571428571429,19.714285714285715,10.285714285714286,9.428571428571429,ตรงข้ามซอยวัดรวก | เขตราษฎร์บูรณะ
โรงเรียนเซนต์คาเบรียล | เขตดุสิต,55,82,137,92,45,13,4.230769230769231,6.3076923076923075,10.538461538461538,7.076923076923077,3.4615384615384617,โรงเรียนเซนต์คาเบรียล | เขตดุสิต
ซอยสาทร 1 | เขตบางรัก,76,61,137,77,60,4,19.0,15.25,34.25,19.25,15.0,ซอยสาทร 1 | เขตบางรัก
ซอยโรงน้ำแข็ง | เขตบางรัก,75,62,137,70,67,5,15.0,12.4,27.4,14.0,13.4,ซอยโรงน้ำแข็ง | เขตบางรัก
วัดศรีบุญเรือง | เขตบางกะปิ,74,63,137,75,62,7,10.571428571428571,9.0,19.571428571428573,10.714285714285714,8.857142857142858,วัดศรีบุญเรือง | เขตบางกะปิ
สำนักงานไปรษณีย์หลานหลวง | เขตป้อมปราบศัตรูพ่าย,69,68,137,69,68,11,6.2727272727272725,6.181818181818182,12.454545454545455,6.2727272727272725,6.181818181818182,สำนักงานไปรษณีย์หลานหลวง | เขตป้อมปราบศัตรูพ่าย
ตรงข้ามหมู่บ้านพระราม 2 | เขตบางขุนเทียน,90,47,137,79,58,11,8.181818181818182,4.2727272727272725,12.454545454545455,7.181818181818182,5.2727272727272725,ตรงข้ามหมู่บ้านพระราม 2 | เขตบางขุนเทียน
ตรงข้ามกรมทางหลวง | เขตราชเทวี,74,63,137,76,61,8,9.25,7.875,17.125,9.5,7.625,ตรงข้ามกรมทางหลวง | เขตราชเทวี
"""ซอยสุขุมวิท 10(ตรงข้ามแอมบาสเดอร์) | เขตคลองเตย",62,75,137,24,17,2,31.0,37.5,68.5,12.0,8.5,"""ซอยสุขุมวิท 10(ตรงข้ามแอมบาสเดอร์) | เขตคลองเตย"
ซอยบรมราชชนนี 63 | เขตตลิ่งชัน,66,71,137,81,56,14,4.714285714285714,5.071428571428571,9.785714285714286,5.785714285714286,4.0,ซอยบรมราชชนนี 63 | เขตตลิ่งชัน
"ซอยบางนา-ตราด 19,กม.4 | เขตบางนา",74,62,136,102,34,15,4.933333333333334,4.133333333333334,9.066666666666666,6.8,2.2666666666666666,"ซอยบางนา-ตราด 19,กม.4 | เขตบางนา"
ซอยสุขุมวิท 40 | เขตคลองเตย,82,54,136,74,62,10,8.2,5.4,13.6,7.4,6.2,ซอยสุขุมวิท 40 | เขตคลองเตย
ตลาดมีนบุรี(อาคารปลาตะเพียนทอง) | เขตมีนบุรี,45,91,136,73,63,11,4.090909090909091,8.272727272727273,12.363636363636363,6.636363636363637,5.7272727272727275,ตลาดมีนบุรี(อาคารปลาตะเพียนทอง) | เขตมีนบุรี
ตรงข้ามไปรษณีย์ไทยสาขาอ่อนนุชถนนอ่อนนุช | เขตสวนหลวง,83,53,136,79,57,9,9.222222222222221,5.888888888888889,15.11111111111111,8.777777777777779,6.333333333333333,ตรงข้ามไปรษณีย์ไทยสาขาอ่อนนุชถนนอ่อนนุช | เขตสวนหลวง
วัดช่องลม | เขตยานนาวา,90,46,136,88,48,13,6.923076923076923,3.5384615384615383,10.461538461538462,6.769230769230769,3.6923076923076925,วัดช่องลม | เขตยานนาวา
ตรงข้ามศาลเจ้าแม่งู | เขตบางขุนเทียน,86,50,136,73,63,12,7.166666666666667,4.166666666666667,11.333333333333334,6.083333333333333,5.25,ตรงข้ามศาลเจ้าแม่งู | เขตบางขุนเทียน
แยกมัฆวาน | เขตป้อมปราบศัตรูพ่าย,64,72,136,80,56,9,7.111111111111111,8.0,15.11111111111111,8.88888888888889,6.222222222222222,แยกมัฆวาน | เขตป้อมปราบศัตรูพ่าย
ตลาดสวนพลู(ซอยสวนพลู2) | เขตสาทร,71,65,136,73,63,11,6.454545454545454,5.909090909090909,12.363636363636363,6.636363636363637,5.7272727272727275,ตลาดสวนพลู(ซอยสวนพลู2) | เขตสาทร
BTS ปุณณวิถี(ทางออก 2) | เขตพระโขนง,70,66,136,72,64,8,8.75,8.25,17.0,9.0,8.0,BTS ปุณณวิถี(ทางออก 2) | เขตพระโขนง
อู่รถเมล์สาย 542 (ตลิ่งชัน) | เขตตลิ่งชัน,87,49,136,81,55,11,7.909090909090909,4.454545454545454,12.363636363636363,7.363636363636363,5.0,อู่รถเมล์สาย 542 (ตลิ่งชัน) | เขตตลิ่งชัน
ซอยประชาอุทิศ 48 | เขตทุ่งครุ,77,59,136,71,65,8,9.625,7.375,17.0,8.875,8.125,ซอยประชาอุทิศ 48 | เขตทุ่งครุ
ตรงข้ามมหาวิทยาลัยสยาม | เขตภาษีเจริญ,81,54,135,83,52,12,6.75,4.5,11.25,6.916666666666667,4.333333333333333,ตรงข้ามมหาวิทยาลัยสยาม | เขตภาษีเจริญ
จรเข้บัว(ขาเข้า) | เขตลาดพร้าว,83,52,135,88,47,15,5.533333333333333,3.466666666666667,9.0,5.866666666666666,3.1333333333333333,จรเข้บัว(ขาเข้า) | เขตลาดพร้าว
ตรงข้ามโรงพยาบาลกล้วยน้ำไท(ถนนพระราม4ขาออก) | เขตคลองเตย,84,51,135,78,57,10,8.4,5.1,13.5,7.8,5.7,ตรงข้ามโรงพยาบาลกล้วยน้ำไท(ถนนพระราม4ขาออก) | เขตคล...
ร้านอาหารบ้านไม้ | เขตวังทองหลาง,81,54,135,74,61,9,9.0,6.0,15.0,8.222222222222221,6.777777777777778,ร้านอาหารบ้านไม้ | เขตวังทองหลาง
กระทรวงวัฒนธรรม | เขตบางกอกน้อย,75,60,135,70,65,6,12.5,10.0,22.5,11.666666666666666,10.833333333333334,กระทรวงวัฒนธรรม | เขตบางกอกน้อย
ซอยหมู่บ้านแก้วกาญจน์ | เขตบางบอน,81,53,134,70,64,9,9.0,5.888888888888889,14.88888888888889,7.777777777777778,7.111111111111111,ซอยหมู่บ้านแก้วกาญจน์ | เขตบางบอน
ซอยคู้บอน 22 | เขตคันนายาว,63,71,134,81,53,12,5.25,5.916666666666667,11.166666666666666,6.75,4.416666666666667,ซอยคู้บอน 22 | เขตคันนายาว
หลังวัดโสมนัสราชวรวิหาร | เขตป้อมปราบศัตรูพ่าย,75,59,134,74,60,8,9.375,7.375,16.75,9.25,7.5,หลังวัดโสมนัสราชวรวิหาร | เขตป้อมปราบศัตรูพ่าย
หมู่บ้านสวนทิพ | เขตบึงกุ่ม,79,55,134,79,55,11,7.181818181818182,5.0,12.181818181818182,7.181818181818182,5.0,หมู่บ้านสวนทิพ | เขตบึงกุ่ม
แยกประชาอุทิศ | เขตราษฎร์บูรณะ,71,63,134,78,56,7,10.142857142857142,9.0,19.142857142857142,11.142857142857142,8.0,แยกประชาอุทิศ | เขตราษฎร์บูรณะ
ปตอ. | เขตดุสิต,78,56,134,77,57,10,7.8,5.6,13.4,7.7,5.7,ปตอ. | เขตดุสิต
โรงเรียนม้วนบำรุงศิลป์ | เขตลาดพร้าว,70,64,134,77,57,12,5.833333333333333,5.333333333333333,11.166666666666666,6.416666666666667,4.75,โรงเรียนม้วนบำรุงศิลป์ | เขตลาดพร้าว
กรมทางหลวง(ถนนพระราม6) | เขตราชเทวี,71,63,134,95,39,10,7.1,6.3,13.4,9.5,3.9,กรมทางหลวง(ถนนพระราม6) | เขตราชเทวี
ตรงข้ามมัสยิดดารุ่ลอมีน(สุเหร่าอ่อนนุช) | เขตสวนหลวง,69,65,134,79,55,10,6.9,6.5,13.4,7.9,5.5,ตรงข้ามมัสยิดดารุ่ลอมีน(สุเหร่าอ่อนนุช) | เขตสวนหลวง
พรรคชาติพัฒนา(ถนนสุโขทัย) | เขตดุสิต,67,67,134,82,52,9,7.444444444444445,7.444444444444445,14.88888888888889,9.11111111111111,5.777777777777778,พรรคชาติพัฒนา(ถนนสุโขทัย) | เขตดุสิต
ตรงข้ามสวนสันติภาพ | เขตพญาไท,64,70,134,68,66,6,10.666666666666666,11.666666666666666,22.333333333333332,11.333333333333334,11.0,ตรงข้ามสวนสันติภาพ | เขตพญาไท
ตรงข้ามซอยลาดพร้าว 101 | เขตวังทองหลาง,77,57,134,61,73,5,15.4,11.4,26.8,12.2,14.6,ตรงข้ามซอยลาดพร้าว 101 | เขตวังทองหลาง
ซอยนวลจันทร์ | เขตบึงกุ่ม,88,46,134,73,61,11,8.0,4.181818181818182,12.181818181818182,6.636363636363637,5.545454545454546,ซอยนวลจันทร์ | เขตบึงกุ่ม
หมู่บ้านสวนสยามตรงข้ามโลตัส | เขตคันนายาว,80,53,133,73,60,12,6.666666666666667,4.416666666666667,11.083333333333334,6.083333333333333,5.0,หมู่บ้านสวนสยามตรงข้ามโลตัส | เขตคันนายาว
พุทธมณฑลสาย 2 ซอย11 | เขตบางแค,85,48,133,75,58,11,7.7272727272727275,4.363636363636363,12.090909090909092,6.818181818181818,5.2727272727272725,พุทธมณฑลสาย 2 ซอย11 | เขตบางแค
โรงพยาบาลสงฆ์ | เขตราชเทวี,75,58,133,78,55,12,6.25,4.833333333333333,11.083333333333334,6.5,4.583333333333333,โรงพยาบาลสงฆ์ | เขตราชเทวี
ซอยคู้บอน 25 | เขตคันนายาว,84,49,133,73,60,11,7.636363636363637,4.454545454545454,12.090909090909092,6.636363636363637,5.454545454545454,ซอยคู้บอน 25 | เขตคันนายาว
ปั๊มน้ำมันบางจากถนนสุขาภิบาล 5 ซอย 1 | เขตบางเขน,76,57,133,86,47,12,6.333333333333333,4.75,11.083333333333334,7.166666666666667,3.9166666666666665,ปั๊มน้ำมันบางจากถนนสุขาภิบาล 5 ซอย 1 | เขตบางเขน
"โรงเรียนแผนที่ทหาร,แยกจ.ป.ร. | เขตป้อมปราบศัตรูพ่าย",42,91,133,75,58,11,3.8181818181818183,8.272727272727273,12.090909090909092,6.818181818181818,5.2727272727272725,"โรงเรียนแผนที่ทหาร,แยกจ.ป.ร. | เขตป้อมปราบศัตรูพ่าย"
บริษัทพานาโซนิค | เขตคันนายาว,100,33,133,88,45,13,7.6923076923076925,2.5384615384615383,10.23076923076923,6.769230769230769,3.4615384615384617,บริษัทพานาโซนิค | เขตคันนายาว
สถาบันสอนภาษา AUA | เขตปทุมวัน,70,62,132,76,56,8,8.75,7.75,16.5,9.5,7.0,สถาบันสอนภาษา AUA | เขตปทุมวัน
แยกพิชัย | เขตดุสิต,64,68,132,71,61,10,6.4,6.8,13.2,7.1,6.1,แยกพิชัย | เขตดุสิต
ตลาดวัดกลาง | เขตธนบุรี,81,51,132,75,57,11,7.363636363636363,4.636363636363637,12.0,6.818181818181818,5.181818181818182,ตลาดวัดกลาง | เขตธนบุรี
แยกประเวศ ขาเข้าเมือง | เขตประเวศ,75,57,132,83,49,9,8.333333333333334,6.333333333333333,14.666666666666666,9.222222222222221,5.444444444444445,แยกประเวศ ขาเข้าเมือง | เขตประเวศ
ป้ายประชาอุทิศ 19 | เขตราษฎร์บูรณะ,77,55,132,76,56,10,7.7,5.5,13.2,7.6,5.6,ป้ายประชาอุทิศ 19 | เขตราษฎร์บูรณะ
โรงเรียนศรีพฤฒา | เขตสะพานสูง,76,56,132,82,50,12,6.333333333333333,4.666666666666667,11.0,6.833333333333333,4.166666666666667,โรงเรียนศรีพฤฒา | เขตสะพานสูง
"วัดประเสริฐสุทธาวาส,โรงเรียนวัดประเสริฐสุทธาวาส | เขตราษฎร์บูรณะ",68,64,132,79,53,11,6.181818181818182,5.818181818181818,12.0,7.181818181818182,4.818181818181818,"วัดประเสริฐสุทธาวาส,โรงเรียนวัดประเสริฐสุทธาวาส | เ..."
แยกประดิพัทธ์ | เขตพญาไท,62,69,131,81,50,10,6.2,6.9,13.1,8.1,5.0,แยกประดิพัทธ์ | เขตพญาไท
ตรงข้ามหมู่บ้านมโนรมย์ 4 | เขตคลองสามวา,92,39,131,78,53,12,7.666666666666667,3.25,10.916666666666666,6.5,4.416666666666667,ตรงข้ามหมู่บ้านมโนรมย์ 4 | เขตคลองสามวา
วัดพรหมรังสี | เขตบางขุนเทียน,75,56,131,93,38,11,6.818181818181818,5.090909090909091,11.909090909090908,8.454545454545455,3.4545454545454546,วัดพรหมรังสี | เขตบางขุนเทียน
โรงเรียนนาฎศิลป์สัมพันธ์ | เขตดุสิต,61,70,131,69,62,7,8.714285714285714,10.0,18.714285714285715,9.857142857142858,8.857142857142858,โรงเรียนนาฎศิลป์สัมพันธ์ | เขตดุสิต
ตลาดสวนพลู(ซอยสวนพลู 3) | เขตสาทร,54,77,131,80,51,11,4.909090909090909,7.0,11.909090909090908,7.2727272727272725,4.636363636363637,ตลาดสวนพลู(ซอยสวนพลู 3) | เขตสาทร
หมู่บ้านบางบอนวิลล์ | เขตบางบอน,100,31,131,72,59,12,8.333333333333334,2.5833333333333335,10.916666666666666,6.0,4.916666666666667,หมู่บ้านบางบอนวิลล์ | เขตบางบอน
ตรงข้ามโรงเรียนเทพศิรินทร์ร่มเกล้า | เขตลาดกระบัง,84,47,131,91,40,14,6.0,3.357142857142857,9.357142857142858,6.5,2.857142857142857,ตรงข้ามโรงเรียนเทพศิรินทร์ร่มเกล้า | เขตลาดกระบัง
"ซอยเจริญกรุง 99,สถานีตำรวจนครบาลวัดพระยาไกร | เขตบางคอแหลม",62,68,130,68,62,10,6.2,6.8,13.0,6.8,6.2,"ซอยเจริญกรุง 99,สถานีตำรวจนครบาลวัดพระยาไกร | เขตบา..."
ตรงข้ามหมู่บ้าน ชนิกา | เขตบางบอน,83,47,130,73,57,10,8.3,4.7,13.0,7.3,5.7,ตรงข้ามหมู่บ้าน ชนิกา | เขตบางบอน
โรงเรียนศิลปวัฒนา | เขตสาทร,86,44,130,69,61,7,12.285714285714286,6.285714285714286,18.571428571428573,9.857142857142858,8.714285714285714,โรงเรียนศิลปวัฒนา | เขตสาทร
ท่าปล่อยรถ ท่าเรือคลองเตย | เขตคลองเตย,59,71,130,72,58,8,7.375,8.875,16.25,9.0,7.25,ท่าปล่อยรถ ท่าเรือคลองเตย | เขตคลองเตย
ซอยเจริญนคร 66 | เขตธนบุรี,78,52,130,78,52,10,7.8,5.2,13.0,7.8,5.2,ซอยเจริญนคร 66 | เขตธนบุรี
ซอยเอื้ออาทรลาดกระบัง | เขตลาดกระบัง,81,49,130,82,48,13,6.230769230769231,3.769230769230769,10.0,6.3076923076923075,3.6923076923076925,ซอยเอื้ออาทรลาดกระบัง | เขตลาดกระบัง
"""ซอยพหลโยธิน 11 | เขตพญาไท",55,74,129,22,28,2,27.5,37.0,64.5,11.0,14.0,"""ซอยพหลโยธิน 11 | เขตพญาไท"
"กม.27,ซอยพหลโยธิน 62/2 แยก2-1 | เขตดอนเมือง",88,41,129,72,57,9,9.777777777777779,4.555555555555555,14.333333333333334,8.0,6.333333333333333,"กม.27,ซอยพหลโยธิน 62/2 แยก2-1 | เขตดอนเมือง"
ท่าวัดบวรมงคล (ข้ามฟาก) | เขตบางพลัด,41,88,129,73,56,9,4.555555555555555,9.777777777777779,14.333333333333334,8.11111111111111,6.222222222222222,ท่าวัดบวรมงคล (ข้ามฟาก) | เขตบางพลัด
"กม.27,ซอยพหลโยธิน 62/2 แยก2-1 | เขตสายไหม",92,37,129,76,53,12,7.666666666666667,3.0833333333333335,10.75,6.333333333333333,4.416666666666667,"กม.27,ซอยพหลโยธิน 62/2 แยก2-1 | เขตสายไหม"
แยกนาหลวง | เขตทุ่งครุ,65,64,129,72,57,8,8.125,8.0,16.125,9.0,7.125,แยกนาหลวง | เขตทุ่งครุ
สนามมวยราชดำเนิน | เขตป้อมปราบศัตรูพ่าย,53,76,129,78,51,14,3.7857142857142856,5.428571428571429,9.214285714285714,5.571428571428571,3.642857142857143,สนามมวยราชดำเนิน | เขตป้อมปราบศัตรูพ่าย
สำนักงาน ป.ป.ส. | เขตดินแดง,87,42,129,66,63,4,21.75,10.5,32.25,16.5,15.75,สำนักงาน ป.ป.ส. | เขตดินแดง
สถานีตำรวจลาดพร้าว | เขตบางกะปิ,63,65,128,77,51,11,5.7272727272727275,5.909090909090909,11.636363636363637,7.0,4.636363636363637,สถานีตำรวจลาดพร้าว | เขตบางกะปิ
ซอยบูรณะสุดเขต 4 | เขตราษฎร์บูรณะ,67,61,128,68,60,8,8.375,7.625,16.0,8.5,7.5,ซอยบูรณะสุดเขต 4 | เขตราษฎร์บูรณะ
หมู่บ้านโกลเดนท์แลนด์ | เขตตลิ่งชัน,92,36,128,82,46,11,8.363636363636363,3.272727272727273,11.636363636363637,7.454545454545454,4.181818181818182,หมู่บ้านโกลเดนท์แลนด์ | เขตตลิ่งชัน
ตรงข้ามวัดระฆังโฆสิตาราม | เขตบางกอกน้อย,67,61,128,60,68,5,13.4,12.2,25.6,12.0,13.6,ตรงข้ามวัดระฆังโฆสิตาราม | เขตบางกอกน้อย
หอประชุมทัพบก | เขตดุสิต,62,66,128,74,54,12,5.166666666666667,5.5,10.666666666666666,6.166666666666667,4.5,หอประชุมทัพบก | เขตดุสิต
ซอยสุคนธสวัสดิ์ | เขตลาดพร้าว,63,65,128,82,46,10,6.3,6.5,12.8,8.2,4.6,ซอยสุคนธสวัสดิ์ | เขตลาดพร้าว
ธนาคารอาคารสงเคราะห์สาขาพุทธมณฑล | เขตทวีวัฒนา,77,51,128,80,48,12,6.416666666666667,4.25,10.666666666666666,6.666666666666667,4.0,ธนาคารอาคารสงเคราะห์สาขาพุทธมณฑล | เขตทวีวัฒนา
ศูนย์บริการมิชซูบิชิ | เขตทวีวัฒนา,82,46,128,68,60,7,11.714285714285714,6.571428571428571,18.285714285714285,9.714285714285714,8.571428571428571,ศูนย์บริการมิชซูบิชิ | เขตทวีวัฒนา
ท่าชาญอิสระ | เขตวัฒนา,43,85,128,70,58,11,3.909090909090909,7.7272727272727275,11.636363636363637,6.363636363636363,5.2727272727272725,ท่าชาญอิสระ | เขตวัฒนา
ป้ายคอนแวนต์ | เขตสาทร,62,65,127,76,51,6,10.333333333333334,10.833333333333334,21.166666666666668,12.666666666666666,8.5,ป้ายคอนแวนต์ | เขตสาทร
กรมช่างอากาศ | เขตดุสิต,69,58,127,74,53,9,7.666666666666667,6.444444444444445,14.11111111111111,8.222222222222221,5.888888888888889,กรมช่างอากาศ | เขตดุสิต
อาคารพาณิชย์ตรงข้ามหมู่บ้านดุสิต | เขตคลองสามวา,52,75,127,70,57,13,4.0,5.769230769230769,9.76923076923077,5.384615384615385,4.384615384615385,อาคารพาณิชย์ตรงข้ามหมู่บ้านดุสิต | เขตคลองสามวา
โรงพยาบาลศรีสยาม | เขตบึงกุ่ม,55,72,127,78,49,11,5.0,6.545454545454546,11.545454545454545,7.090909090909091,4.454545454545454,โรงพยาบาลศรีสยาม | เขตบึงกุ่ม
ซอยเฉลิมพระเกียรติ 10 | เขตประเวศ,82,45,127,73,54,11,7.454545454545454,4.090909090909091,11.545454545454545,6.636363636363637,4.909090909090909,ซอยเฉลิมพระเกียรติ 10 | เขตประเวศ
ซอยพุทธบูชา 39 | เขตทุ่งครุ,88,39,127,66,61,9,9.777777777777779,4.333333333333333,14.11111111111111,7.333333333333333,6.777777777777778,ซอยพุทธบูชา 39 | เขตทุ่งครุ
ตรงข้ามเขตการเดินรถที่4 | เขตคลองเตย,87,40,127,64,63,12,7.25,3.3333333333333335,10.583333333333334,5.333333333333333,5.25,ตรงข้ามเขตการเดินรถที่4 | เขตคลองเตย
ท่าสะพานพระราม 8 | เขตพระนคร,40,87,127,64,63,13,3.076923076923077,6.6923076923076925,9.76923076923077,4.923076923076923,4.846153846153846,ท่าสะพานพระราม 8 | เขตพระนคร
โรงพยาบาลสมเด็จเจ้าพระยา | เขตคลองสาน,81,46,127,80,47,12,6.75,3.8333333333333335,10.583333333333334,6.666666666666667,3.9166666666666665,โรงพยาบาลสมเด็จเจ้าพระยา | เขตคลองสาน
ซอยลาดพร้าว 93 | เขตวังทองหลาง,78,49,127,72,55,10,7.8,4.9,12.7,7.2,5.5,ซอยลาดพร้าว 93 | เขตวังทองหลาง
โรงเรียนขจรโรจน์ | เขตราษฎร์บูรณะ,73,54,127,63,64,5,14.6,10.8,25.4,12.6,12.8,โรงเรียนขจรโรจน์ | เขตราษฎร์บูรณะ
โรงเรียนเกษมโพลีเทคนิค(ซอยปรีดีพนมยงศ์ 39) | เขตวัฒนา,83,44,127,70,57,13,6.384615384615385,3.3846153846153846,9.76923076923077,5.384615384615385,4.384615384615385,โรงเรียนเกษมโพลีเทคนิค(ซอยปรีดีพนมยงศ์ 39) | เขตวัฒ...
ศูนย์ราชการแจ้งวัฒนะ(ศาลปกคลองสูงสุด) | เขตหลักสี่,76,51,127,86,41,9,8.444444444444445,5.666666666666667,14.11111111111111,9.555555555555555,4.555555555555555,ศูนย์ราชการแจ้งวัฒนะ(ศาลปกคลองสูงสุด) | เขตหลักสี่
ซอยสุขุมวิท 101/2 | เขตบางนา,64,63,127,76,51,9,7.111111111111111,7.0,14.11111111111111,8.444444444444445,5.666666666666667,ซอยสุขุมวิท 101/2 | เขตบางนา
ซอยร่มเกล้า 21/2 | เขตลาดกระบัง,82,45,127,87,40,12,6.833333333333333,3.75,10.583333333333334,7.25,3.3333333333333335,ซอยร่มเกล้า 21/2 | เขตลาดกระบัง
แยกบ้านแขก(ขาเข้า) | เขตธนบุรี,70,57,127,76,51,9,7.777777777777778,6.333333333333333,14.11111111111111,8.444444444444445,5.666666666666667,แยกบ้านแขก(ขาเข้า) | เขตธนบุรี
หน้ากีโต้ไทยแลนด์ | เขตบางขุนเทียน,71,55,126,69,57,9,7.888888888888889,6.111111111111111,14.0,7.666666666666667,6.333333333333333,หน้ากีโต้ไทยแลนด์ | เขตบางขุนเทียน
โรงเรียนสุดใจ | เขตมีนบุรี,65,61,126,75,51,8,8.125,7.625,15.75,9.375,6.375,โรงเรียนสุดใจ | เขตมีนบุรี
ตรงข้ามเทียมทรัพย์ออมการ 3/2 | เขตจอมทอง,50,76,126,87,39,10,5.0,7.6,12.6,8.7,3.9,ตรงข้ามเทียมทรัพย์ออมการ 3/2 | เขตจอมทอง
หมู่บ้านจิรทิพย์ซอยนวลจันทร์ 32 | เขตบึงกุ่ม,73,53,126,85,41,14,5.214285714285714,3.7857142857142856,9.0,6.071428571428571,2.9285714285714284,หมู่บ้านจิรทิพย์ซอยนวลจันทร์ 32 | เขตบึงกุ่ม
"ซอยสวนอ้อย,กองอำนวยการรักษาความมั่นคงภายในราชอาณาจักรไทย | เขตดุสิต",71,55,126,69,57,9,7.888888888888889,6.111111111111111,14.0,7.666666666666667,6.333333333333333,"ซอยสวนอ้อย,กองอำนวยการรักษาความมั่นคงภายในราชอาณาจั..."
"พระราม 6 ซอย 43,แยกประดิพัทธ์ | เขตพญาไท",57,69,126,84,42,9,6.333333333333333,7.666666666666667,14.0,9.333333333333334,4.666666666666667,"พระราม 6 ซอย 43,แยกประดิพัทธ์ | เขตพญาไท"
ซอยสาธุประดิษฐ์ 20 | เขตบางคอแหลม,80,46,126,67,59,10,8.0,4.6,12.6,6.7,5.9,ซอยสาธุประดิษฐ์ 20 | เขตบางคอแหลม
บ้านนนทรี | เขตสาทร,63,62,125,69,56,9,7.0,6.888888888888889,13.88888888888889,7.666666666666667,6.222222222222222,บ้านนนทรี | เขตสาทร
รามอินทรา 84 | เขตมีนบุรี,78,47,125,71,54,8,9.75,5.875,15.625,8.875,6.75,รามอินทรา 84 | เขตมีนบุรี
มหาวิทยาลัยสวนดุลิต | เขตดุสิต,61,64,125,67,58,9,6.777777777777778,7.111111111111111,13.88888888888889,7.444444444444445,6.444444444444445,มหาวิทยาลัยสวนดุลิต | เขตดุสิต
"ตรงข้ามหมู่บ้านอิ่มอำพร ,ร้านก้วยเตี๋ยวหมูต้มยำ, | เขตภาษีเจริญ",61,64,125,71,54,9,6.777777777777778,7.111111111111111,13.88888888888889,7.888888888888889,6.0,"ตรงข้ามหมู่บ้านอิ่มอำพร ,ร้านก้วยเตี๋ยวหมูต้มยำ, | ..."
เป็นต่อคาร์แคร์ | เขตลาดกระบัง,67,58,125,68,57,13,5.153846153846154,4.461538461538462,9.615384615384615,5.230769230769231,4.384615384615385,เป็นต่อคาร์แคร์ | เขตลาดกระบัง
ตรงข้ามวัดราษฎร์บำรุง | เขตหนองแขม,95,30,125,73,52,10,9.5,3.0,12.5,7.3,5.2,ตรงข้ามวัดราษฎร์บำรุง | เขตหนองแขม
เศรษฐกิจ 33 ตลาดสินเนรมิตร | เขตบางแค,57,67,124,76,48,15,3.8,4.466666666666667,8.266666666666667,5.066666666666666,3.2,เศรษฐกิจ 33 ตลาดสินเนรมิตร | เขตบางแค
วัดทอง ราชพฤกษ์ 8 | เขตตลิ่งชัน,46,78,124,76,48,9,5.111111111111111,8.666666666666666,13.777777777777779,8.444444444444445,5.333333333333333,วัดทอง ราชพฤกษ์ 8 | เขตตลิ่งชัน
มีสุวรรณกวดวิชา | เขตวัฒนา,75,49,124,80,44,12,6.25,4.083333333333333,10.333333333333334,6.666666666666667,3.6666666666666665,มีสุวรรณกวดวิชา | เขตวัฒนา
ศูนย์บริการสาธารณสุข4 | เขตดินแดง,66,58,124,67,57,9,7.333333333333333,6.444444444444445,13.777777777777779,7.444444444444445,6.333333333333333,ศูนย์บริการสาธารณสุข4 | เขตดินแดง
MRT อิสรภาพ | เขตบางกอกใหญ่,70,54,124,70,54,6,11.666666666666666,9.0,20.666666666666668,11.666666666666666,9.0,MRT อิสรภาพ | เขตบางกอกใหญ่
ตรงข้ามบริษัทการบินไทย(สำนักงานใหญ่) | เขตจตุจักร,82,42,124,94,30,14,5.857142857142857,3.0,8.857142857142858,6.714285714285714,2.142857142857143,ตรงข้ามบริษัทการบินไทย(สำนักงานใหญ่) | เขตจตุจักร
ซอยกรุงเทพ-นนทบุรี 43 | เขตบางซื่อ,71,53,124,64,60,12,5.916666666666667,4.416666666666667,10.333333333333334,5.333333333333333,5.0,ซอยกรุงเทพ-นนทบุรี 43 | เขตบางซื่อ
ซอยลาดหญ้า 14 | เขตคลองสาน,58,65,123,68,55,8,7.25,8.125,15.375,8.5,6.875,ซอยลาดหญ้า 14 | เขตคลองสาน
ลานจอดรถ Cu Sport | เขตปทุมวัน,54,69,123,66,57,14,3.857142857142857,4.928571428571429,8.785714285714286,4.714285714285714,4.071428571428571,ลานจอดรถ Cu Sport | เขตปทุมวัน
ตรงข้ามสะแกงาม | เขตบางขุนเทียน,80,43,123,64,59,9,8.88888888888889,4.777777777777778,13.666666666666666,7.111111111111111,6.555555555555555,ตรงข้ามสะแกงาม | เขตบางขุนเทียน
ตรงข้ามบิ๊กซีเลียบคลองสอง | เขตคลองสามวา,65,58,123,69,54,10,6.5,5.8,12.3,6.9,5.4,ตรงข้ามบิ๊กซีเลียบคลองสอง | เขตคลองสามวา
ท่าปล่อยรถ หัวลำโพง | เขตปทุมวัน,54,69,123,70,53,7,7.714285714285714,9.857142857142858,17.571428571428573,10.0,7.571428571428571,ท่าปล่อยรถ หัวลำโพง | เขตปทุมวัน
ตรงข้ามบริษัทขนส่ง | เขตภาษีเจริญ,72,51,123,58,65,4,18.0,12.75,30.75,14.5,16.25,ตรงข้ามบริษัทขนส่ง | เขตภาษีเจริญ
ซอยบางนา-ตราด 15 | เขตพระโขนง,66,57,123,65,58,9,7.333333333333333,6.333333333333333,13.666666666666666,7.222222222222222,6.444444444444445,ซอยบางนา-ตราด 15 | เขตพระโขนง
เทพประทับ | เขตดุสิต,51,71,122,66,56,8,6.375,8.875,15.25,8.25,7.0,เทพประทับ | เขตดุสิต
โรงเรียนพหลโยธิน | เขตดอนเมือง,90,32,122,73,49,12,7.5,2.6666666666666665,10.166666666666666,6.083333333333333,4.083333333333333,โรงเรียนพหลโยธิน | เขตดอนเมือง
หมู่บ้านศิรินทรา(ซอย 19/7) | เขตลาดกระบัง,70,52,122,69,53,8,8.75,6.5,15.25,8.625,6.625,หมู่บ้านศิรินทรา(ซอย 19/7) | เขตลาดกระบัง
สถานีนวสี(สายสีเทา) | เขตห้วยขวาง,57,65,122,60,62,2,28.5,32.5,61.0,30.0,31.0,สถานีนวสี(สายสีเทา) | เขตห้วยขวาง
ตลาดปีนัง | เขตคลองเตย,64,57,121,58,63,10,6.4,5.7,12.1,5.8,6.3,ตลาดปีนัง | เขตคลองเตย
โรงเรียนพณิชยการสามเสน | เขตดุสิต,66,55,121,64,57,7,9.428571428571429,7.857142857142857,17.285714285714285,9.142857142857142,8.142857142857142,โรงเรียนพณิชยการสามเสน | เขตดุสิต
ซีทรานทราเวิลจำกัด | เขตสาทร,43,78,121,64,57,8,5.375,9.75,15.125,8.0,7.125,ซีทรานทราเวิลจำกัด | เขตสาทร
หมู่บ้านสุนทร 5 | เขตหนองแขม,69,52,121,60,61,10,6.9,5.2,12.1,6.0,6.1,หมู่บ้านสุนทร 5 | เขตหนองแขม
"ซอยนราธิวาสราชนครินทร์ 15,อาคารจอร์นนี่ | เขตสาทร",73,48,121,76,45,11,6.636363636363637,4.363636363636363,11.0,6.909090909090909,4.090909090909091,"ซอยนราธิวาสราชนครินทร์ 15,อาคารจอร์นนี่ | เขตสาทร"
วัดใหม่ทองเสน | เขตดุสิต,65,56,121,68,53,9,7.222222222222222,6.222222222222222,13.444444444444445,7.555555555555555,5.888888888888889,วัดใหม่ทองเสน | เขตดุสิต
ตรงข้ามโรงพยาบาลบีแคร์ | เขตดอนเมือง,64,57,121,76,45,8,8.0,7.125,15.125,9.5,5.625,ตรงข้ามโรงพยาบาลบีแคร์ | เขตดอนเมือง
คณะสหเวชศาสตร์ | เขตปทุมวัน,56,64,120,68,52,9,6.222222222222222,7.111111111111111,13.333333333333334,7.555555555555555,5.777777777777778,คณะสหเวชศาสตร์ | เขตปทุมวัน
หมู่บ้านอยู่เจริญ | เขตดอนเมือง,79,41,120,76,44,11,7.181818181818182,3.727272727272727,10.909090909090908,6.909090909090909,4.0,หมู่บ้านอยู่เจริญ | เขตดอนเมือง
หมู่บ้านกฤษณา | เขตสะพานสูง,67,53,120,62,58,10,6.7,5.3,12.0,6.2,5.8,หมู่บ้านกฤษณา | เขตสะพานสูง
มหาวิทยาลัยกรุงเทพ | เขตคลองเตย,37,83,120,71,49,9,4.111111111111111,9.222222222222221,13.333333333333334,7.888888888888889,5.444444444444445,มหาวิทยาลัยกรุงเทพ | เขตคลองเตย
ซอยเจริญนคร 65 | เขตธนบุรี,69,51,120,72,48,11,6.2727272727272725,4.636363636363637,10.909090909090908,6.545454545454546,4.363636363636363,ซอยเจริญนคร 65 | เขตธนบุรี
ตรงข้ามสถานีตำรวจลาดพร้าว | เขตบางกะปิ,60,60,120,72,48,8,7.5,7.5,15.0,9.0,6.0,ตรงข้ามสถานีตำรวจลาดพร้าว | เขตบางกะปิ
ซอยวัดแคใต้ | เขตดุสิต,69,51,120,69,51,9,7.666666666666667,5.666666666666667,13.333333333333334,7.666666666666667,5.666666666666667,ซอยวัดแคใต้ | เขตดุสิต
ตรงข้ามโรงเรียนสุรศักดิ์มนตรี | เขตพญาไท,64,56,120,77,43,12,5.333333333333333,4.666666666666667,10.0,6.416666666666667,3.5833333333333335,ตรงข้ามโรงเรียนสุรศักดิ์มนตรี | เขตพญาไท
โรงเรียนราชินี | เขตพระนคร,61,59,120,71,49,11,5.545454545454546,5.363636363636363,10.909090909090908,6.454545454545454,4.454545454545454,โรงเรียนราชินี | เขตพระนคร
บริษัทออโตแพคจำกัด | เขตตลิ่งชัน,67,53,120,73,47,8,8.375,6.625,15.0,9.125,5.875,บริษัทออโตแพคจำกัด | เขตตลิ่งชัน
ซอยสาธุประดิษฐ์ 11 | เขตสาทร,56,64,120,73,47,9,6.222222222222222,7.111111111111111,13.333333333333334,8.11111111111111,5.222222222222222,ซอยสาธุประดิษฐ์ 11 | เขตสาทร
สนามมวยลุมพินีรามอินทรา | เขตบางเขน,68,51,119,68,51,10,6.8,5.1,11.9,6.8,5.1,สนามมวยลุมพินีรามอินทรา | เขตบางเขน
ตรงข้ามหมู่บ้านเปี่ยมสุข | เขตคันนายาว,82,37,119,62,57,11,7.454545454545454,3.3636363636363638,10.818181818181818,5.636363636363637,5.181818181818182,ตรงข้ามหมู่บ้านเปี่ยมสุข | เขตคันนายาว
ตรงข้ามรัชดาหินอ่อน | เขตจตุจักร,77,42,119,77,42,11,7.0,3.8181818181818183,10.818181818181818,7.0,3.8181818181818183,ตรงข้ามรัชดาหินอ่อน | เขตจตุจักร
บริษัทฮอนด้า | เขตยานนาวา,55,64,119,70,49,9,6.111111111111111,7.111111111111111,13.222222222222221,7.777777777777778,5.444444444444445,บริษัทฮอนด้า | เขตยานนาวา
ซอยเพชรเกษม 81 | เขตหนองแขม,103,16,119,65,54,12,8.583333333333334,1.3333333333333333,9.916666666666666,5.416666666666667,4.5,ซอยเพชรเกษม 81 | เขตหนองแขม
ท่าปล่อยรถสาย 14 | เขตดุสิต,56,63,119,71,48,10,5.6,6.3,11.9,7.1,4.8,ท่าปล่อยรถสาย 14 | เขตดุสิต
ร่มเกล้าซอย4 | เขตมีนบุรี,59,60,119,70,49,10,5.9,6.0,11.9,7.0,4.9,ร่มเกล้าซอย4 | เขตมีนบุรี
ตรงข้ามกรมยุทธทหาร | เขตบางซื่อ,65,54,119,66,53,8,8.125,6.75,14.875,8.25,6.625,ตรงข้ามกรมยุทธทหาร | เขตบางซื่อ
"""บิ๊กซีราม | เขตบางกะปิ",54,65,119,22,26,2,27.0,32.5,59.5,11.0,13.0,"""บิ๊กซีราม | เขตบางกะปิ"
โรงเรียนนาหลวง | เขตทุ่งครุ,69,49,118,68,50,8,8.625,6.125,14.75,8.5,6.25,โรงเรียนนาหลวง | เขตทุ่งครุ
หน้าหมู่บ้านเบญจรงค์ | เขตมีนบุรี,88,30,118,74,44,12,7.333333333333333,2.5,9.833333333333334,6.166666666666667,3.6666666666666665,หน้าหมู่บ้านเบญจรงค์ | เขตมีนบุรี
ซอยนวมินทร์ 17 | เขตบางกะปิ,38,80,118,61,57,11,3.4545454545454546,7.2727272727272725,10.727272727272727,5.545454545454546,5.181818181818182,ซอยนวมินทร์ 17 | เขตบางกะปิ
สวนสมเด็จพระนางเจ้าสิริกิติ์ | เขตจตุจักร,61,57,118,61,57,9,6.777777777777778,6.333333333333333,13.11111111111111,6.777777777777778,6.333333333333333,สวนสมเด็จพระนางเจ้าสิริกิติ์ | เขตจตุจักร
สำนักงานเขตมีนบุรี | เขตมีนบุรี,65,53,118,76,42,15,4.333333333333333,3.533333333333333,7.866666666666666,5.066666666666666,2.8,สำนักงานเขตมีนบุรี | เขตมีนบุรี
ซอยนวลจันทร์ 15 | เขตบึงกุ่ม,65,53,118,54,64,8,8.125,6.625,14.75,6.75,8.0,ซอยนวลจันทร์ 15 | เขตบึงกุ่ม
"โรงเรียนงามมานะ,ปั๊มบางจาก | เขตประเวศ",88,30,118,69,49,12,7.333333333333333,2.5,9.833333333333334,5.75,4.083333333333333,"โรงเรียนงามมานะ,ปั๊มบางจาก | เขตประเวศ"
สนามกอล์ฟ | เขตลาดพร้าว,72,45,117,74,43,11,6.545454545454546,4.090909090909091,10.636363636363637,6.7272727272727275,3.909090909090909,สนามกอล์ฟ | เขตลาดพร้าว
บ้านราชวิถี | เขตราชเทวี,62,55,117,83,34,11,5.636363636363637,5.0,10.636363636363637,7.545454545454546,3.090909090909091,บ้านราชวิถี | เขตราชเทวี
โรงเรียนพัฒนาช่างเทคนิคยานยนต์ | เขตบางแค,60,57,117,60,57,11,5.454545454545454,5.181818181818182,10.636363636363637,5.454545454545454,5.181818181818182,โรงเรียนพัฒนาช่างเทคนิคยานยนต์ | เขตบางแค
กรมที่ดินประเวศ | เขตสะพานสูง,73,44,117,77,40,9,8.11111111111111,4.888888888888889,13.0,8.555555555555555,4.444444444444445,กรมที่ดินประเวศ | เขตสะพานสูง
หมู่บ้านศศิธร | เขตหนองแขม,67,50,117,69,48,10,6.7,5.0,11.7,6.9,4.8,หมู่บ้านศศิธร | เขตหนองแขม
หมู่บ้านเพชรเอกชัย(เอกฃัยซอย 130) | เขตบางบอน,53,64,117,60,57,12,4.416666666666667,5.333333333333333,9.75,5.0,4.75,หมู่บ้านเพชรเอกชัย(เอกฃัยซอย 130) | เขตบางบอน
ท่าช้าง | เขตพระนคร,58,59,117,64,53,8,7.25,7.375,14.625,8.0,6.625,ท่าช้าง | เขตพระนคร
สถานทูตลาว | เขตวังทองหลาง,44,73,117,62,55,10,4.4,7.3,11.7,6.2,5.5,สถานทูตลาว | เขตวังทองหลาง
โรงเรียนเพชรถนอม | เขตลาดพร้าว,59,58,117,66,51,7,8.428571428571429,8.285714285714286,16.714285714285715,9.428571428571429,7.285714285714286,โรงเรียนเพชรถนอม | เขตลาดพร้าว
ตลาดโพธิ์สุวรรณ์(ขาเข้า) | เขตบึงกุ่ม,70,46,116,67,49,9,7.777777777777778,5.111111111111111,12.88888888888889,7.444444444444445,5.444444444444445,ตลาดโพธิ์สุวรรณ์(ขาเข้า) | เขตบึงกุ่ม
ซอยสวนสยาม 16 | เขตคันนายาว,73,43,116,69,47,11,6.636363636363637,3.909090909090909,10.545454545454545,6.2727272727272725,4.2727272727272725,ซอยสวนสยาม 16 | เขตคันนายาว
ท่าวัดอาวุธวิสิตาราม (ท่าวัดอาวุธฯ) (ข้ามฟาก) | เขตบางพลัด,42,74,116,65,51,14,3.0,5.285714285714286,8.285714285714286,4.642857142857143,3.642857142857143,ท่าวัดอาวุธวิสิตาราม (ท่าวัดอาวุธฯ) (ข้ามฟาก) | เขต...
โรงแรมรามากาเด้นซ์ | เขตหลักสี่,50,66,116,77,39,17,2.9411764705882355,3.8823529411764706,6.823529411764706,4.529411764705882,2.2941176470588234,โรงแรมรามากาเด้นซ์ | เขตหลักสี่
ตรงข้ามกรมสรรพาวุธทหารบก | เขตดุสิต,56,60,116,65,51,9,6.222222222222222,6.666666666666667,12.88888888888889,7.222222222222222,5.666666666666667,ตรงข้ามกรมสรรพาวุธทหารบก | เขตดุสิต
กองบัญชาการตำรวจ 191 | เขตจตุจักร,58,58,116,76,40,9,6.444444444444445,6.444444444444445,12.88888888888889,8.444444444444445,4.444444444444445,กองบัญชาการตำรวจ 191 | เขตจตุจักร
วัดรวก | เขตราษฎร์บูรณะ,76,40,116,67,49,11,6.909090909090909,3.6363636363636362,10.545454545454545,6.090909090909091,4.454545454545454,วัดรวก | เขตราษฎร์บูรณะ
"MRT สุทธิสาร,ตรงข้ามสถานีตำรวจสุทธิสาร | เขตดินแดง",64,52,116,58,58,4,16.0,13.0,29.0,14.5,14.5,"MRT สุทธิสาร,ตรงข้ามสถานีตำรวจสุทธิสาร | เขตดินแดง"
ฉลองกรุง ซอย 41 | เขตลาดกระบัง,66,49,115,61,54,8,8.25,6.125,14.375,7.625,6.75,ฉลองกรุง ซอย 41 | เขตลาดกระบัง
ตรงข้ามธนาคารไทยพาณิชย์สาขาฮอไรซอนเอกมัย | เขตวัฒนา,60,55,115,68,47,11,5.454545454545454,5.0,10.454545454545455,6.181818181818182,4.2727272727272725,ตรงข้ามธนาคารไทยพาณิชย์สาขาฮอไรซอนเอกมัย | เขตวัฒนา
วัดยานนาวา | เขตสาทร,48,67,115,66,49,11,4.363636363636363,6.090909090909091,10.454545454545455,6.0,4.454545454545454,วัดยานนาวา | เขตสาทร
แยกชักพระ(ธนาคารออมสิน) | เขตบางกอกน้อย,31,84,115,68,47,13,2.3846153846153846,6.461538461538462,8.846153846153847,5.230769230769231,3.6153846153846154,แยกชักพระ(ธนาคารออมสิน) | เขตบางกอกน้อย
SRT พระจอมเกล้า | เขตลาดกระบัง,51,64,115,56,59,7,7.285714285714286,9.142857142857142,16.428571428571427,8.0,8.428571428571429,SRT พระจอมเกล้า | เขตลาดกระบัง
โรงเรียนศรีวิกรม์ | เขตวัฒนา,51,63,114,56,58,8,6.375,7.875,14.25,7.0,7.25,โรงเรียนศรีวิกรม์ | เขตวัฒนา
ตรงข้ามสถานีตำรวจคลองตัน | เขตบางกะปิ,38,76,114,60,54,9,4.222222222222222,8.444444444444445,12.666666666666666,6.666666666666667,6.0,ตรงข้ามสถานีตำรวจคลองตัน | เขตบางกะปิ
โรงงานไบโอ | เขตมีนบุรี,69,45,114,71,43,10,6.9,4.5,11.4,7.1,4.3,โรงงานไบโอ | เขตมีนบุรี
ท่าพระจันทร์(ตรงข้ามม.ธรรมศาสตร์) | เขตพระนคร,48,66,114,70,44,11,4.363636363636363,6.0,10.363636363636363,6.363636363636363,4.0,ท่าพระจันทร์(ตรงข้ามม.ธรรมศาสตร์) | เขตพระนคร
โรงพยาบาลบางไผ่ | เขตบางกอกใหญ่,55,59,114,64,50,6,9.166666666666666,9.833333333333334,19.0,10.666666666666666,8.333333333333334,โรงพยาบาลบางไผ่ | เขตบางกอกใหญ่
วัดโพธิ์แมน | เขตบางคอแหลม,59,55,114,64,50,6,9.833333333333334,9.166666666666666,19.0,10.666666666666666,8.333333333333334,วัดโพธิ์แมน | เขตบางคอแหลม
แยกถนนนิมิตรใหม่ | เขตมีนบุรี,62,52,114,81,33,10,6.2,5.2,11.4,8.1,3.3,แยกถนนนิมิตรใหม่ | เขตมีนบุรี
ตรงข้ามร้านอาหารเรือนพระยา | เขตประเวศ,74,40,114,64,50,10,7.4,4.0,11.4,6.4,5.0,ตรงข้ามร้านอาหารเรือนพระยา | เขตประเวศ
"หมู่บ้านพัฒนาศิริ,ซอยคู้บอน 52 | เขตคลองสามวา",68,45,113,57,56,8,8.5,5.625,14.125,7.125,7.0,"หมู่บ้านพัฒนาศิริ,ซอยคู้บอน 52 | เขตคลองสามวา"
หมู่บ้านเพชรสยาม 3 | เขตหนองแขม,69,44,113,56,57,8,8.625,5.5,14.125,7.0,7.125,หมู่บ้านเพชรสยาม 3 | เขตหนองแขม
สถานีรถไฟตลาดพลู | เขตธนบุรี,70,43,113,64,49,10,7.0,4.3,11.3,6.4,4.9,สถานีรถไฟตลาดพลู | เขตธนบุรี
ตรงข้ามปั้มน้ำมันปริโตนาส | เขตลาดพร้าว,63,50,113,63,50,8,7.875,6.25,14.125,7.875,6.25,ตรงข้ามปั้มน้ำมันปริโตนาส | เขตลาดพร้าว
จุฬาลงกรณ์ 9 | เขตบางรัก,62,51,113,57,56,4,15.5,12.75,28.25,14.25,14.0,จุฬาลงกรณ์ 9 | เขตบางรัก
แยกประดิพัทธ์(ไปรษณีย์) | เขตพญาไท,59,54,113,73,40,8,7.375,6.75,14.125,9.125,5.0,แยกประดิพัทธ์(ไปรษณีย์) | เขตพญาไท
ซอยเฉลิมพระเกียรติ 3 | เขตประเวศ,75,38,113,65,48,9,8.333333333333334,4.222222222222222,12.555555555555555,7.222222222222222,5.333333333333333,ซอยเฉลิมพระเกียรติ 3 | เขตประเวศ
ตรงข้ามจัดสรรหมอชาติซอย 3 | เขตมีนบุรี,59,54,113,63,50,7,8.428571428571429,7.714285714285714,16.142857142857142,9.0,7.142857142857143,ตรงข้ามจัดสรรหมอชาติซอย 3 | เขตมีนบุรี
MRT การเคหะ (MRT สายสีแดง) | เขตดอนเมือง,56,56,112,78,34,8,7.0,7.0,14.0,9.75,4.25,MRT การเคหะ (MRT สายสีแดง) | เขตดอนเมือง
"แยกเกียกกาย,ตรงข้ามวัดแก้วฟ้าจุฬามณี | เขตดุสิต",61,51,112,62,50,9,6.777777777777778,5.666666666666667,12.444444444444445,6.888888888888889,5.555555555555555,"แยกเกียกกาย,ตรงข้ามวัดแก้วฟ้าจุฬามณี | เขตดุสิต"
ซอยสาธุประดิษฐ์ 11 | เขตยานนาวา,55,57,112,59,53,6,9.166666666666666,9.5,18.666666666666668,9.833333333333334,8.833333333333334,ซอยสาธุประดิษฐ์ 11 | เขตยานนาวา
ตรงข้ามโรงเรียนเตรียมอุดมน้อมเกล้า | เขตสะพานสูง,67,45,112,77,35,9,7.444444444444445,5.0,12.444444444444445,8.555555555555555,3.888888888888889,ตรงข้ามโรงเรียนเตรียมอุดมน้อมเกล้า | เขตสะพานสูง
วัดพระแก้ว(ท่าช้าง) | เขตพระนคร,56,56,112,55,57,6,9.333333333333334,9.333333333333334,18.666666666666668,9.166666666666666,9.5,วัดพระแก้ว(ท่าช้าง) | เขตพระนคร
โรงเรียนสันติราษฎร์วิทยาลัย | เขตราชเทวี,58,54,112,73,39,9,6.444444444444445,6.0,12.444444444444445,8.11111111111111,4.333333333333333,โรงเรียนสันติราษฎร์วิทยาลัย | เขตราชเทวี
ซอยเอกชัย 80 | เขตบางบอน,66,45,111,66,45,11,6.0,4.090909090909091,10.090909090909092,6.0,4.090909090909091,ซอยเอกชัย 80 | เขตบางบอน
เคหะรามคำแหง | เขตมีนบุรี,58,53,111,63,48,8,7.25,6.625,13.875,7.875,6.0,เคหะรามคำแหง | เขตมีนบุรี
วัดทองใน | เขตพระโขนง,45,65,110,62,48,6,7.5,10.833333333333334,18.333333333333332,10.333333333333334,8.0,วัดทองใน | เขตพระโขนง
ตลาดโบ้เบ้(อาคารโบ๊เบ๊ทาวเวอร์) | เขตดุสิต,56,54,110,50,60,3,18.666666666666668,18.0,36.666666666666664,16.666666666666668,20.0,ตลาดโบ้เบ้(อาคารโบ๊เบ๊ทาวเวอร์) | เขตดุสิต
"ซอยโรงงาน,ปั้มน้ำมัน ป.ต.ท. | เขตบางกะปิ",57,53,110,71,39,7,8.142857142857142,7.571428571428571,15.714285714285714,10.142857142857142,5.571428571428571,"ซอยโรงงาน,ปั้มน้ำมัน ป.ต.ท. | เขตบางกะปิ"
แยกวัดเกาะ | เขตสายไหม,58,52,110,59,51,8,7.25,6.5,13.75,7.375,6.375,แยกวัดเกาะ | เขตสายไหม
ซีทรานทราเวิลจำกัด | เขตยานนาวา,37,73,110,72,38,12,3.0833333333333335,6.083333333333333,9.166666666666666,6.0,3.1666666666666665,ซีทรานทราเวิลจำกัด | เขตยานนาวา
ตรงข้ามโรงพยาบาลหัวเฉียว | เขตปทุมวัน,58,51,109,56,53,5,11.6,10.2,21.8,11.2,10.6,ตรงข้ามโรงพยาบาลหัวเฉียว | เขตปทุมวัน
U BAND SATHON | เขตภาษีเจริญ,46,63,109,66,43,10,4.6,6.3,10.9,6.6,4.3,U BAND SATHON | เขตภาษีเจริญ
วัดมณฑป | เขตตลิ่งชัน,57,52,109,66,43,10,5.7,5.2,10.9,6.6,4.3,วัดมณฑป | เขตตลิ่งชัน
สถานีรถไฟสามเสน | เขตพญาไท,40,69,109,61,48,7,5.714285714285714,9.857142857142858,15.571428571428571,8.714285714285714,6.857142857142857,สถานีรถไฟสามเสน | เขตพญาไท
มหาวิทยาลัยศรีปทุม | เขตจตุจักร,50,59,109,56,53,7,7.142857142857143,8.428571428571429,15.571428571428571,8.0,7.571428571428571,มหาวิทยาลัยศรีปทุม | เขตจตุจักร
ตรงข้ามชุมชนแจงร้อน | เขตราษฎร์บูรณะ,73,36,109,57,52,9,8.11111111111111,4.0,12.11111111111111,6.333333333333333,5.777777777777778,ตรงข้ามชุมชนแจงร้อน | เขตราษฎร์บูรณะ
ป้ายคอนแวนต์ | เขตบางรัก,51,58,109,59,50,7,7.285714285714286,8.285714285714286,15.571428571428571,8.428571428571429,7.142857142857143,ป้ายคอนแวนต์ | เขตบางรัก
"ตรงข้ามปั๊มปตท.ศูนย์บริการพรลดาสาขา1,วัดน้อยนพคุณ | เขตดุสิต",57,52,109,63,46,8,7.125,6.5,13.625,7.875,5.75,"ตรงข้ามปั๊มปตท.ศูนย์บริการพรลดาสาขา1,วัดน้อยนพคุณ |..."
ตรงข้ามการประปาประตู1 | เขตหลักสี่,38,71,109,90,19,21,1.8095238095238095,3.380952380952381,5.190476190476191,4.285714285714286,0.9047619047619048,ตรงข้ามการประปาประตู1 | เขตหลักสี่
"แยกท่าดินแดง,ตรงข้ามโรงเรียนเสนาธิการทหารอากาศ | เขตสายไหม",54,55,109,56,53,10,5.4,5.5,10.9,5.6,5.3,"แยกท่าดินแดง,ตรงข้ามโรงเรียนเสนาธิการทหารอากาศ | เข..."
ซอยประชาอุทิศ 62 | เขตทุ่งครุ,76,32,108,61,47,9,8.444444444444445,3.5555555555555554,12.0,6.777777777777778,5.222222222222222,ซอยประชาอุทิศ 62 | เขตทุ่งครุ
พระพิพิธ | เขตพระนคร,61,47,108,66,42,10,6.1,4.7,10.8,6.6,4.2,พระพิพิธ | เขตพระนคร
บ้านราชวิถี(ฝั่งพระรามที่6) | เขตราชเทวี,51,57,108,77,31,11,4.636363636363637,5.181818181818182,9.818181818181818,7.0,2.8181818181818183,บ้านราชวิถี(ฝั่งพระรามที่6) | เขตราชเทวี
ตรงข้ามมัสยิดดารุนาฮีม | เขตสะพานสูง,56,52,108,67,41,11,5.090909090909091,4.7272727272727275,9.818181818181818,6.090909090909091,3.727272727272727,ตรงข้ามมัสยิดดารุนาฮีม | เขตสะพานสูง
อัสสัมชัญ 11 | เขตบางแค,57,51,108,75,33,11,5.181818181818182,4.636363636363637,9.818181818181818,6.818181818181818,3.0,อัสสัมชัญ 11 | เขตบางแค
ซอยสุคนสวัสดิ์ 38 | เขตลาดพร้าว,85,23,108,75,33,14,6.071428571428571,1.6428571428571428,7.714285714285714,5.357142857142857,2.357142857142857,ซอยสุคนสวัสดิ์ 38 | เขตลาดพร้าว
ท่าอโศก | เขตห้วยขวาง,53,55,108,58,50,7,7.571428571428571,7.857142857142857,15.428571428571429,8.285714285714286,7.142857142857143,ท่าอโศก | เขตห้วยขวาง
ศูนย์คุมอง | เขตทุ่งครุ,62,46,108,61,47,9,6.888888888888889,5.111111111111111,12.0,6.777777777777778,5.222222222222222,ศูนย์คุมอง | เขตทุ่งครุ
BTS อารีย์(ทางออก4) | เขตพญาไท,55,53,108,68,40,9,6.111111111111111,5.888888888888889,12.0,7.555555555555555,4.444444444444445,BTS อารีย์(ทางออก4) | เขตพญาไท
ท่าปล่อยรถ เทเวศร์ (23) | เขตพระนคร,54,54,108,58,50,9,6.0,6.0,12.0,6.444444444444445,5.555555555555555,ท่าปล่อยรถ เทเวศร์ (23) | เขตพระนคร
ซอยร่มเกล้า 40 | เขตลาดกระบัง,77,31,108,68,40,11,7.0,2.8181818181818183,9.818181818181818,6.181818181818182,3.6363636363636362,ซอยร่มเกล้า 40 | เขตลาดกระบัง
ร้านอุดมเฟอร์นิเจอร์ | เขตวังทองหลาง,55,52,107,64,43,7,7.857142857142857,7.428571428571429,15.285714285714286,9.142857142857142,6.142857142857143,ร้านอุดมเฟอร์นิเจอร์ | เขตวังทองหลาง
ซอยอิสรภาพ 42/1 | เขตบางกอกใหญ่,65,42,107,60,47,9,7.222222222222222,4.666666666666667,11.88888888888889,6.666666666666667,5.222222222222222,ซอยอิสรภาพ 42/1 | เขตบางกอกใหญ่
ใต้ทางด่วนพระราม 9 [A] | เขตราชเทวี,56,51,107,78,29,7,8.0,7.285714285714286,15.285714285714286,11.142857142857142,4.142857142857143,ใต้ทางด่วนพระราม 9 [A] | เขตราชเทวี
ท่าเรืออู่รถเมล์สาย 9 | เขตภาษีเจริญ,56,51,107,65,42,11,5.090909090909091,4.636363636363637,9.727272727272727,5.909090909090909,3.8181818181818183,ท่าเรืออู่รถเมล์สาย 9 | เขตภาษีเจริญ
พัฒนาการซอย 70 | เขตประเวศ,37,70,107,96,11,17,2.176470588235294,4.117647058823529,6.294117647058823,5.647058823529412,0.6470588235294118,พัฒนาการซอย 70 | เขตประเวศ
ตรงข้ามสถานีตำรวจนครบาลดอนเมือง | เขตดอนเมือง,58,49,107,44,63,9,6.444444444444445,5.444444444444445,11.88888888888889,4.888888888888889,7.0,ตรงข้ามสถานีตำรวจนครบาลดอนเมือง | เขตดอนเมือง
สะพานสุดเขตกรุงเทพมหานคร | เขตทุ่งครุ,84,23,107,67,40,10,8.4,2.3,10.7,6.7,4.0,สะพานสุดเขตกรุงเทพมหานคร | เขตทุ่งครุ
หมู่บ้านแกรนด์บางกอกบูเลอวาร์ดปิ่นเกล้า | เขตทวีวัฒนา,51,55,106,64,42,12,4.25,4.583333333333333,8.833333333333334,5.333333333333333,3.5,หมู่บ้านแกรนด์บางกอกบูเลอวาร์ดปิ่นเกล้า | เขตทวีวัฒ...
ตรงข้ามตลาดสะพาน 2 | เขตห้วยขวาง,57,49,106,50,56,2,28.5,24.5,53.0,25.0,28.0,ตรงข้ามตลาดสะพาน 2 | เขตห้วยขวาง
"ซอยวิภาวดี 18,ตึกวรสิน | เขตจตุจักร",45,61,106,58,48,9,5.0,6.777777777777778,11.777777777777779,6.444444444444445,5.333333333333333,"ซอยวิภาวดี 18,ตึกวรสิน | เขตจตุจักร"
ตรงข้ามโรงพยาบาลบีแคร์ | เขตสายไหม,47,59,106,59,47,11,4.2727272727272725,5.363636363636363,9.636363636363637,5.363636363636363,4.2727272727272725,ตรงข้ามโรงพยาบาลบีแคร์ | เขตสายไหม
หมู่บ้านรัดดารมย์ตรงข้ามนนทบุรีซอย 2 | เขตหลักสี่,51,55,106,46,60,7,7.285714285714286,7.857142857142857,15.142857142857142,6.571428571428571,8.571428571428571,หมู่บ้านรัดดารมย์ตรงข้ามนนทบุรีซอย 2 | เขตหลักสี่
หอประชุมกานตรัตน์ | เขตดอนเมือง,41,65,106,55,51,7,5.857142857142857,9.285714285714286,15.142857142857142,7.857142857142857,7.285714285714286,หอประชุมกานตรัตน์ | เขตดอนเมือง
"หมู่บ้านพฤกษาบุรี,แยกถนนนิมิตรใหม่ | เขตมีนบุรี",68,38,106,67,39,11,6.181818181818182,3.4545454545454546,9.636363636363637,6.090909090909091,3.5454545454545454,"หมู่บ้านพฤกษาบุรี,แยกถนนนิมิตรใหม่ | เขตมีนบุรี"
โรงเรียนกสิณธรอนุสรณ์ | เขตบางแค,53,52,105,59,46,10,5.3,5.2,10.5,5.9,4.6,โรงเรียนกสิณธรอนุสรณ์ | เขตบางแค
ตรงข้ามศูนย์อีซูซุรามคำแหง | เขตบางกะปิ,57,48,105,56,49,10,5.7,4.8,10.5,5.6,4.9,ตรงข้ามศูนย์อีซูซุรามคำแหง | เขตบางกะปิ
ซอยสุวินทวงศ์ 28 | เขตมีนบุรี,93,12,105,61,44,12,7.75,1.0,8.75,5.083333333333333,3.6666666666666665,ซอยสุวินทวงศ์ 28 | เขตมีนบุรี
"ตรงข้ามแยกวัดเกาะ,แยกสายไหม,ช่องทางพาราจันทร์ | เขตดอนเมือง",48,57,105,54,51,8,6.0,7.125,13.125,6.75,6.375,"ตรงข้ามแยกวัดเกาะ,แยกสายไหม,ช่องทางพาราจันทร์ | เขต..."
ซอยเฉลิมพระเกียรติ 9 | เขตประเวศ,65,40,105,69,36,9,7.222222222222222,4.444444444444445,11.666666666666666,7.666666666666667,4.0,ซอยเฉลิมพระเกียรติ 9 | เขตประเวศ
วชิรธรรมสาธิต(ตรงข้ามสุขุมวิท 101/1) | เขตบางนา,48,56,104,50,54,4,12.0,14.0,26.0,12.5,13.5,วชิรธรรมสาธิต(ตรงข้ามสุขุมวิท 101/1) | เขตบางนา
หมวดการทางบางกะปิ | เขตบางกะปิ,63,41,104,64,40,9,7.0,4.555555555555555,11.555555555555555,7.111111111111111,4.444444444444445,หมวดการทางบางกะปิ | เขตบางกะปิ
สำนักงานประกันสังคมกรุงเทพมหานครพื้นที่ 8 | เขตประเวศ,61,42,103,67,36,9,6.777777777777778,4.666666666666667,11.444444444444445,7.444444444444445,4.0,สำนักงานประกันสังคมกรุงเทพมหานครพื้นที่ 8 | เขตประเ...
กองบัญชาการตำรวจนครบาล | เขตดุสิต,36,67,103,64,39,11,3.272727272727273,6.090909090909091,9.363636363636363,5.818181818181818,3.5454545454545454,กองบัญชาการตำรวจนครบาล | เขตดุสิต
ตรงข้ามโรงเรียนพิบูลย์อุปถัมภ์ | เขตห้วยขวาง,55,48,103,54,49,6,9.166666666666666,8.0,17.166666666666668,9.0,8.166666666666666,ตรงข้ามโรงเรียนพิบูลย์อุปถัมภ์ | เขตห้วยขวาง
โรงเรียนคู้บอน | เขตคลองสามวา,61,42,103,64,39,10,6.1,4.2,10.3,6.4,3.9,โรงเรียนคู้บอน | เขตคลองสามวา
หมู่บ้านบัวขาว | เขตสะพานสูง,42,61,103,60,43,18,2.3333333333333335,3.388888888888889,5.722222222222222,3.3333333333333335,2.388888888888889,หมู่บ้านบัวขาว | เขตสะพานสูง
อู่รถเมล์สาย 38 48 (ม.รามคำแหง2) | เขตประเวศ,59,44,103,73,30,19,3.1052631578947367,2.3157894736842106,5.421052631578948,3.8421052631578947,1.5789473684210527,อู่รถเมล์สาย 38 48 (ม.รามคำแหง2) | เขตประเวศ
เศรษฐกิจ 56 | เขตบางแค,63,40,103,58,45,9,7.0,4.444444444444445,11.444444444444445,6.444444444444445,5.0,เศรษฐกิจ 56 | เขตบางแค
ตลาดนกแก้ว(ถนนนาคนิวาสขาออก) | เขตลาดพร้าว,56,47,103,61,42,10,5.6,4.7,10.3,6.1,4.2,ตลาดนกแก้ว(ถนนนาคนิวาสขาออก) | เขตลาดพร้าว
เมเจอร์เอกมัย | เขตคลองเตย,69,34,103,50,53,9,7.666666666666667,3.7777777777777777,11.444444444444445,5.555555555555555,5.888888888888889,เมเจอร์เอกมัย | เขตคลองเตย
ตรงข้ามโรงเรียนลำสาลีบำรุงราษฎร์ | เขตบางกะปิ,68,35,103,72,31,10,6.8,3.5,10.3,7.2,3.1,ตรงข้ามโรงเรียนลำสาลีบำรุงราษฎร์ | เขตบางกะปิ
ทางด่วนสุขุมวิท62 | เขตพระโขนง,40,62,102,58,44,9,4.444444444444445,6.888888888888889,11.333333333333334,6.444444444444445,4.888888888888889,ทางด่วนสุขุมวิท62 | เขตพระโขนง
ตรงข้ามวัดแคนางเลิ้ง | เขตป้อมปราบศัตรูพ่าย,62,40,102,59,43,8,7.75,5.0,12.75,7.375,5.375,ตรงข้ามวัดแคนางเลิ้ง | เขตป้อมปราบศัตรูพ่าย
ตรงข้ามโรงเรียนสารสาสน์วิเทศบางบอน(ป้าย1) | เขตบางบอน,68,34,102,63,39,9,7.555555555555555,3.7777777777777777,11.333333333333334,7.0,4.333333333333333,ตรงข้ามโรงเรียนสารสาสน์วิเทศบางบอน(ป้าย1) | เขตบางบ...
ร้านกะทะบางกอก | เขตตลิ่งชัน,56,46,102,58,44,10,5.6,4.6,10.2,5.8,4.4,ร้านกะทะบางกอก | เขตตลิ่งชัน
โรงงานยาสูบ | เขตคลองเตย,43,59,102,67,35,10,4.3,5.9,10.2,6.7,3.5,โรงงานยาสูบ | เขตคลองเตย
พุทธมณฑลสาย 1 ซอย 33 | เขตตลิ่งชัน,52,50,102,65,37,8,6.5,6.25,12.75,8.125,4.625,พุทธมณฑลสาย 1 ซอย 33 | เขตตลิ่งชัน
ตรงข้ามซอยประชาอุทิศ 89 | เขตทุ่งครุ,60,42,102,61,41,10,6.0,4.2,10.2,6.1,4.1,ตรงข้ามซอยประชาอุทิศ 89 | เขตทุ่งครุ
แยกร่มเกล้า(บิ๊กซีร่มเกล้า) | เขตมีนบุรี,62,39,101,57,44,10,6.2,3.9,10.1,5.7,4.4,แยกร่มเกล้า(บิ๊กซีร่มเกล้า) | เขตมีนบุรี
ซอยรามคำแหง 151/1 | เขตสะพานสูง,46,55,101,66,35,8,5.75,6.875,12.625,8.25,4.375,ซอยรามคำแหง 151/1 | เขตสะพานสูง
ศูนย์พัฒนากีฬากองทัพบก | เขตบางเขน,60,41,101,60,41,7,8.571428571428571,5.857142857142857,14.428571428571429,8.571428571428571,5.857142857142857,ศูนย์พัฒนากีฬากองทัพบก | เขตบางเขน
แยกนราธิวาส | เขตยานนาวา,50,51,101,58,43,5,10.0,10.2,20.2,11.6,8.6,แยกนราธิวาส | เขตยานนาวา
ซอยเอกชัย 110 | เขตบางบอน,53,48,101,63,38,11,4.818181818181818,4.363636363636363,9.181818181818182,5.7272727272727275,3.4545454545454546,ซอยเอกชัย 110 | เขตบางบอน
ปากทางเลียบคลองทวีวัฒนา | เขตหนองแขม,60,41,101,58,43,8,7.5,5.125,12.625,7.25,5.375,ปากทางเลียบคลองทวีวัฒนา | เขตหนองแขม
รามอินทรา 90 | เขตมีนบุรี,61,39,100,63,37,9,6.777777777777778,4.333333333333333,11.11111111111111,7.0,4.111111111111111,รามอินทรา 90 | เขตมีนบุรี
หมู่บ้านบ้านกลางเมือง | เขตวังทองหลาง,57,43,100,56,44,9,6.333333333333333,4.777777777777778,11.11111111111111,6.222222222222222,4.888888888888889,หมู่บ้านบ้านกลางเมือง | เขตวังทองหลาง
"โรงพยาบาล หู ตา คอ จมูก ,ก่อนถึงสายใต้ปิ่นเกล้า | เขตบางพลัด",50,50,100,52,48,2,25.0,25.0,50.0,26.0,24.0,"โรงพยาบาล หู ตา คอ จมูก ,ก่อนถึงสายใต้ปิ่นเกล้า | เ..."
ซอยกรุงเทพ-นนทบุรี 29 | เขตบางซื่อ,57,43,100,59,41,9,6.333333333333333,4.777777777777778,11.11111111111111,6.555555555555555,4.555555555555555,ซอยกรุงเทพ-นนทบุรี 29 | เขตบางซื่อ
บริษัท ยาคูลท์ | เขตหลักสี่,48,52,100,72,28,9,5.333333333333333,5.777777777777778,11.11111111111111,8.0,3.111111111111111,บริษัท ยาคูลท์ | เขตหลักสี่
แฟลตอินโดไทย | เขตมีนบุรี,71,29,100,56,44,10,7.1,2.9,10.0,5.6,4.4,แฟลตอินโดไทย | เขตมีนบุรี
ตรงข้ามวัดมักกะสัน | เขตราชเทวี,50,50,100,63,37,7,7.142857142857143,7.142857142857143,14.285714285714286,9.0,5.285714285714286,ตรงข้ามวัดมักกะสัน | เขตราชเทวี
ตรงข้ามวีทูแก๊ส | เขตบึงกุ่ม,58,42,100,55,45,9,6.444444444444445,4.666666666666667,11.11111111111111,6.111111111111111,5.0,ตรงข้ามวีทูแก๊ส | เขตบึงกุ่ม
ท่าสะพานวิทยุ | เขตปทุมวัน,46,54,100,48,52,7,6.571428571428571,7.714285714285714,14.285714285714286,6.857142857142857,7.428571428571429,ท่าสะพานวิทยุ | เขตปทุมวัน
แยกบ้านแขก(ขาออก) | เขตธนบุรี,54,46,100,46,54,3,18.0,15.333333333333334,33.333333333333336,15.333333333333334,18.0,แยกบ้านแขก(ขาออก) | เขตธนบุรี
ตึกทีม(ขาออก) | เขตบึงกุ่ม,54,45,99,71,28,9,6.0,5.0,11.0,7.888888888888889,3.111111111111111,ตึกทีม(ขาออก) | เขตบึงกุ่ม
สำนักงานประกันสังคมพื้นที่8 | เขตประเวศ,64,35,99,65,34,9,7.111111111111111,3.888888888888889,11.0,7.222222222222222,3.7777777777777777,สำนักงานประกันสังคมพื้นที่8 | เขตประเวศ
ท่าเดอะมอลล์ 3 | เขตบางกะปิ,34,65,99,69,30,14,2.4285714285714284,4.642857142857143,7.071428571428571,4.928571428571429,2.142857142857143,ท่าเดอะมอลล์ 3 | เขตบางกะปิ
ซอยมิตรไมตรี 14 | เขตหนองจอก,56,43,99,55,44,8,7.0,5.375,12.375,6.875,5.5,ซอยมิตรไมตรี 14 | เขตหนองจอก
สำนักงานที่ดินเขตบางกะปิ | เขตบางกะปิ,57,42,99,73,26,8,7.125,5.25,12.375,9.125,3.25,สำนักงานที่ดินเขตบางกะปิ | เขตบางกะปิ
วัดทุ่งครุ | เขตทุ่งครุ,65,34,99,58,41,8,8.125,4.25,12.375,7.25,5.125,วัดทุ่งครุ | เขตทุ่งครุ
แยกถนนระนอง 2-พระราม 5 | เขตดุสิต,49,50,99,55,44,7,7.0,7.142857142857143,14.142857142857142,7.857142857142857,6.285714285714286,แยกถนนระนอง 2-พระราม 5 | เขตดุสิต
ซอยลาดกระบัง 32 | เขตลาดกระบัง,44,54,98,61,37,8,5.5,6.75,12.25,7.625,4.625,ซอยลาดกระบัง 32 | เขตลาดกระบัง
สถานีรถไฟสามเสน | เขตดุสิต,45,53,98,55,43,5,9.0,10.6,19.6,11.0,8.6,สถานีรถไฟสามเสน | เขตดุสิต
ตรงข้ามวัดมณฑป | เขตตลิ่งชัน,56,42,98,58,40,7,8.0,6.0,14.0,8.285714285714286,5.714285714285714,ตรงข้ามวัดมณฑป | เขตตลิ่งชัน
บริษัทเมืองไทยภัทร | เขตดินแดง,53,45,98,52,46,2,26.5,22.5,49.0,26.0,23.0,บริษัทเมืองไทยภัทร | เขตดินแดง
ท่าปล่อยรถ คลองขวาง | เขตหนองแขม,47,51,98,54,44,10,4.7,5.1,9.8,5.4,4.4,ท่าปล่อยรถ คลองขวาง | เขตหนองแขม
"ตรงข้าม กม.25,ซอยพหลโยธิน 54/1 | เขตดอนเมือง",66,32,98,62,36,8,8.25,4.0,12.25,7.75,4.5,"ตรงข้าม กม.25,ซอยพหลโยธิน 54/1 | เขตดอนเมือง"
สถานีตำรวจ จรเข้น้อย | เขตลาดกระบัง,71,27,98,53,45,8,8.875,3.375,12.25,6.625,5.625,สถานีตำรวจ จรเข้น้อย | เขตลาดกระบัง
ตรงข้ามเคหะเอื้ออาทรหทัยราษฎร์ | เขตคลองสามวา,61,36,97,54,43,8,7.625,4.5,12.125,6.75,5.375,ตรงข้ามเคหะเอื้ออาทรหทัยราษฎร์ | เขตคลองสามวา
ซอยสุคนธสวัสดิ์ 11 | เขตลาดพร้าว,62,35,97,50,47,8,7.75,4.375,12.125,6.25,5.875,ซอยสุคนธสวัสดิ์ 11 | เขตลาดพร้าว
แยกราชวัตร | เขตดุสิต,51,46,97,54,43,6,8.5,7.666666666666667,16.166666666666668,9.0,7.166666666666667,แยกราชวัตร | เขตดุสิต
"ซอยสุขุมวิท 6,BTS นานา | เขตวัฒนา",50,47,97,54,43,5,10.0,9.4,19.4,10.8,8.6,"ซอยสุขุมวิท 6,BTS นานา | เขตวัฒนา"
หมู่บ้านสุนทร 7 | เขตบางบอน,56,41,97,52,45,7,8.0,5.857142857142857,13.857142857142858,7.428571428571429,6.428571428571429,หมู่บ้านสุนทร 7 | เขตบางบอน
รัชดาหินอ่อน | เขตจตุจักร,67,30,97,54,43,10,6.7,3.0,9.7,5.4,4.3,รัชดาหินอ่อน | เขตจตุจักร
โรงเรียนเทพอักษร | เขตมีนบุรี,70,27,97,67,30,12,5.833333333333333,2.25,8.083333333333334,5.583333333333333,2.5,โรงเรียนเทพอักษร | เขตมีนบุรี
โรงแรมเจ้าพระยา | เขตยานนาวา,52,45,97,48,49,7,7.428571428571429,6.428571428571429,13.857142857142858,6.857142857142857,7.0,โรงแรมเจ้าพระยา | เขตยานนาวา
"ศรีบูรพา 22,ครัวประมง | เขตบางกะปิ",57,40,97,47,50,3,19.0,13.333333333333334,32.333333333333336,15.666666666666666,16.666666666666668,"ศรีบูรพา 22,ครัวประมง | เขตบางกะปิ"
ซอยจรัญสนิทวงศ์ 34/2 | เขตบางกอกน้อย,52,45,97,62,35,11,4.7272727272727275,4.090909090909091,8.818181818181818,5.636363636363637,3.1818181818181817,ซอยจรัญสนิทวงศ์ 34/2 | เขตบางกอกน้อย
สนามกอล์ฟนที | เขตบางบอน,49,48,97,53,44,8,6.125,6.0,12.125,6.625,5.5,สนามกอล์ฟนที | เขตบางบอน
ตรงข้ามหมู่บ้านชายทะเล | เขตบางขุนเทียน,50,46,96,61,35,10,5.0,4.6,9.6,6.1,3.5,ตรงข้ามหมู่บ้านชายทะเล | เขตบางขุนเทียน
ธรรมสถาน (จุฬา) | เขตปทุมวัน,43,53,96,40,56,7,6.142857142857143,7.571428571428571,13.714285714285714,5.714285714285714,8.0,ธรรมสถาน (จุฬา) | เขตปทุมวัน
ท่าผ่านฟ้าลีลาศ | เขตพระนคร,41,55,96,51,45,5,8.2,11.0,19.2,10.2,9.0,ท่าผ่านฟ้าลีลาศ | เขตพระนคร
ตรงข้ามไฟฟ้าราษฎร์บูรณะซอย 30 | เขตราษฎร์บูรณะ,66,30,96,63,33,9,7.333333333333333,3.3333333333333335,10.666666666666666,7.0,3.6666666666666665,ตรงข้ามไฟฟ้าราษฎร์บูรณะซอย 30 | เขตราษฎร์บูรณะ
แยกร่มเกล้า-สุวินทวงศ์ | เขตมีนบุรี,61,35,96,74,22,9,6.777777777777778,3.888888888888889,10.666666666666666,8.222222222222221,2.4444444444444446,แยกร่มเกล้า-สุวินทวงศ์ | เขตมีนบุรี
ตรงข้ามวัดปากบึง | เขตมีนบุรี,54,41,95,63,32,8,6.75,5.125,11.875,7.875,4.0,ตรงข้ามวัดปากบึง | เขตมีนบุรี
สี่แยกสุขสวัสดิ์-บางขุนเทียน | เขตบางขุนเทียน,77,18,95,54,41,9,8.555555555555555,2.0,10.555555555555555,6.0,4.555555555555555,สี่แยกสุขสวัสดิ์-บางขุนเทียน | เขตบางขุนเทียน
ย่านพหลโยธิน(ถนนกำแพงเพชรขาออก) | เขตจตุจักร,42,53,95,63,32,5,8.4,10.6,19.0,12.6,6.4,ย่านพหลโยธิน(ถนนกำแพงเพชรขาออก) | เขตจตุจักร
กรมทหารราบที่11(ประตู3) | เขตหลักสี่,44,51,95,50,45,6,7.333333333333333,8.5,15.833333333333334,8.333333333333334,7.5,กรมทหารราบที่11(ประตู3) | เขตหลักสี่
โชว์รูมจอดรถบายบัส | เขตบางกะปิ,47,48,95,52,43,6,7.833333333333333,8.0,15.833333333333334,8.666666666666666,7.166666666666667,โชว์รูมจอดรถบายบัส | เขตบางกะปิ
ตรงข้ามสาธารณะสุข 39 | เขตราษฎร์บูรณะ,38,56,94,63,31,10,3.8,5.6,9.4,6.3,3.1,ตรงข้ามสาธารณะสุข 39 | เขตราษฎร์บูรณะ
ตรงข้ามโรงเรียนฤทธิยะ | เขตดอนเมือง,65,29,94,65,29,10,6.5,2.9,9.4,6.5,2.9,ตรงข้ามโรงเรียนฤทธิยะ | เขตดอนเมือง
ไอ.คิว.เซ็นเตอร์เชิงสะพานพระราม 7 | เขตบางซื่อ,44,50,94,61,33,7,6.285714285714286,7.142857142857143,13.428571428571429,8.714285714285714,4.714285714285714,ไอ.คิว.เซ็นเตอร์เชิงสะพานพระราม 7 | เขตบางซื่อ
แยกมหานคร | เขตบางรัก,54,40,94,53,41,9,6.0,4.444444444444445,10.444444444444445,5.888888888888889,4.555555555555555,แยกมหานคร | เขตบางรัก
ซอยศรีนครินทร์ 27 | เขตสวนหลวง,45,49,94,65,29,9,5.0,5.444444444444445,10.444444444444445,7.222222222222222,3.2222222222222223,ซอยศรีนครินทร์ 27 | เขตสวนหลวง
หมู่บ้านเอื้ออาทรหนองแขม | เขตหนองแขม,39,55,94,55,39,9,4.333333333333333,6.111111111111111,10.444444444444445,6.111111111111111,4.333333333333333,หมู่บ้านเอื้ออาทรหนองแขม | เขตหนองแขม
ซอยพัฒนสิน | เขตสาทร,44,50,94,56,38,7,6.285714285714286,7.142857142857143,13.428571428571429,8.0,5.428571428571429,ซอยพัฒนสิน | เขตสาทร
ร้านนายมิตรก๋วยเตี๋ยว | เขตตลิ่งชัน,50,44,94,55,39,8,6.25,5.5,11.75,6.875,4.875,ร้านนายมิตรก๋วยเตี๋ยว | เขตตลิ่งชัน
"เทสโก้โลตัสหนองจอก,สำนักงานสรรพากรหนองจอก | เขตหนองจอก",55,39,94,53,41,14,3.9285714285714284,2.7857142857142856,6.714285714285714,3.7857142857142856,2.9285714285714284,"เทสโก้โลตัสหนองจอก,สำนักงานสรรพากรหนองจอก | เขตหนอง..."
ตรงข้ามซอยครูเพี้ยน | เขตบางเขน,49,45,94,56,38,8,6.125,5.625,11.75,7.0,4.75,ตรงข้ามซอยครูเพี้ยน | เขตบางเขน
"ซอยหทัยราษฎร์ 3,ตรงข้ามโรงพยาบาลสัตว์มีนบุรี | เขตมีนบุรี",56,37,93,53,40,7,8.0,5.285714285714286,13.285714285714286,7.571428571428571,5.714285714285714,"ซอยหทัยราษฎร์ 3,ตรงข้ามโรงพยาบาลสัตว์มีนบุรี | เขตม..."
สถานีตำรวจคันนายาว | เขตคันนายาว,56,37,93,60,33,7,8.0,5.285714285714286,13.285714285714286,8.571428571428571,4.714285714285714,สถานีตำรวจคันนายาว | เขตคันนายาว
ศูนย์ฮอนด้าแยกสาธุประดิษฐ์ | เขตยานนาวา,41,52,93,49,44,8,5.125,6.5,11.625,6.125,5.5,ศูนย์ฮอนด้าแยกสาธุประดิษฐ์ | เขตยานนาวา
แยกลำลูกกา | เขตสายไหม,44,49,93,59,34,9,4.888888888888889,5.444444444444445,10.333333333333334,6.555555555555555,3.7777777777777777,แยกลำลูกกา | เขตสายไหม
"เพลินจิตเซ็นเตอร์,ซอยนานา | เขตวัฒนา",44,49,93,40,53,4,11.0,12.25,23.25,10.0,13.25,"เพลินจิตเซ็นเตอร์,ซอยนานา | เขตวัฒนา"
สหกรณ์กรุงเทพเอกมัย | เขตวัฒนา,50,43,93,54,39,10,5.0,4.3,9.3,5.4,3.9,สหกรณ์กรุงเทพเอกมัย | เขตวัฒนา
ท่าวัดทองธรรมชาติ (ข้ามฟาก) | เขตคลองสาน,31,62,93,51,42,7,4.428571428571429,8.857142857142858,13.285714285714286,7.285714285714286,6.0,ท่าวัดทองธรรมชาติ (ข้ามฟาก) | เขตคลองสาน
ตรงข้ามตลาดพระโขนง | เขตวัฒนา,50,43,93,41,52,2,25.0,21.5,46.5,20.5,26.0,ตรงข้ามตลาดพระโขนง | เขตวัฒนา
ตรงข้ามร้านก๋วยเตี๋ยวเย็นตาโฟฟ้าผ่า | เขตลาดพร้าว,48,45,93,46,47,3,16.0,15.0,31.0,15.333333333333334,15.666666666666666,ตรงข้ามร้านก๋วยเตี๋ยวเย็นตาโฟฟ้าผ่า | เขตลาดพร้าว
หน้าวัดจีน | เขตคลองสามวา,54,39,93,54,39,8,6.75,4.875,11.625,6.75,4.875,หน้าวัดจีน | เขตคลองสามวา
MRT หัวลำโพง(ทางออก 3) | เขตปทุมวัน,54,38,92,57,35,8,6.75,4.75,11.5,7.125,4.375,MRT หัวลำโพง(ทางออก 3) | เขตปทุมวัน
วัดเทวสุนทร | เขตหลักสี่,49,43,92,43,49,4,12.25,10.75,23.0,10.75,12.25,วัดเทวสุนทร | เขตหลักสี่
"ดับเพลิงวงศ์สว่าง,กรุงเทพ-นนท์ | เขตบางซื่อ",73,19,92,62,30,11,6.636363636363637,1.7272727272727273,8.363636363636363,5.636363636363637,2.727272727272727,"ดับเพลิงวงศ์สว่าง,กรุงเทพ-นนท์ | เขตบางซื่อ"
"ธนาคารกสิกรไทย,ตรงข้ามซอยแพ่งสภา | เขตราษฎร์บูรณะ",56,36,92,60,32,9,6.222222222222222,4.0,10.222222222222221,6.666666666666667,3.5555555555555554,"ธนาคารกสิกรไทย,ตรงข้ามซอยแพ่งสภา | เขตราษฎร์บูรณะ"
ท่าเทเวศร์ (ข้ามฟาก) | เขตพระนคร,21,71,92,46,46,11,1.9090909090909092,6.454545454545454,8.363636363636363,4.181818181818182,4.181818181818182,ท่าเทเวศร์ (ข้ามฟาก) | เขตพระนคร
ห.จ.ก.อุตสาหกรรมพิบูลย์ชัย (น้ำพริกเผาไทยแม่ประนอม) | เขตบางแค,54,38,92,60,32,8,6.75,4.75,11.5,7.5,4.0,ห.จ.ก.อุตสาหกรรมพิบูลย์ชัย (น้ำพริกเผาไทยแม่ประนอม)...
โรงเรียนยุคลธรซอย18 | เขตสะพานสูง,74,18,92,54,38,12,6.166666666666667,1.5,7.666666666666667,4.5,3.1666666666666665,โรงเรียนยุคลธรซอย18 | เขตสะพานสูง
หมู่บ้านวิสุทธาวิลล์ | เขตคันนายาว,51,41,92,61,31,9,5.666666666666667,4.555555555555555,10.222222222222221,6.777777777777778,3.4444444444444446,หมู่บ้านวิสุทธาวิลล์ | เขตคันนายาว
ท่าเรือสถานีรถไฟหัวลำโพง | เขตปทุมวัน,50,41,91,55,36,7,7.142857142857143,5.857142857142857,13.0,7.857142857142857,5.142857142857143,ท่าเรือสถานีรถไฟหัวลำโพง | เขตปทุมวัน
อนามัย 29 พุธเนตร | เขตจอมทอง,59,32,91,56,35,9,6.555555555555555,3.5555555555555554,10.11111111111111,6.222222222222222,3.888888888888889,อนามัย 29 พุธเนตร | เขตจอมทอง
ท่ารถสามย่าน (45) | เขตบางรัก,54,37,91,49,42,8,6.75,4.625,11.375,6.125,5.25,ท่ารถสามย่าน (45) | เขตบางรัก
โรงเรียนพณิชยการเชตุพน | เขตราษฎร์บูรณะ,57,34,91,56,35,8,7.125,4.25,11.375,7.0,4.375,โรงเรียนพณิชยการเชตุพน | เขตราษฎร์บูรณะ
ซอยรุ่งเพชร(ถนนจันทร์ขาออก) | เขตสาทร,48,43,91,53,38,7,6.857142857142857,6.142857142857143,13.0,7.571428571428571,5.428571428571429,ซอยรุ่งเพชร(ถนนจันทร์ขาออก) | เขตสาทร
สตรีวิทยา 2 ซอย 4 | เขตลาดพร้าว,48,43,91,58,33,9,5.333333333333333,4.777777777777778,10.11111111111111,6.444444444444445,3.6666666666666665,สตรีวิทยา 2 ซอย 4 | เขตลาดพร้าว
เศรษฐสุนทร | เขตดุสิต,44,47,91,52,39,7,6.285714285714286,6.714285714285714,13.0,7.428571428571429,5.571428571428571,เศรษฐสุนทร | เขตดุสิต
ปั้มแก๊ส | เขตป้อมปราบศัตรูพ่าย,25,65,90,61,29,12,2.0833333333333335,5.416666666666667,7.5,5.083333333333333,2.4166666666666665,ปั้มแก๊ส | เขตป้อมปราบศัตรูพ่าย
ตรงข้ามหมู่บ้านเดชา 2 | เขตบางกะปิ,69,21,90,51,39,8,8.625,2.625,11.25,6.375,4.875,ตรงข้ามหมู่บ้านเดชา 2 | เขตบางกะปิ
วัดโกมุทพุทธรังสี | เขตทวีวัฒนา,40,50,90,59,31,10,4.0,5.0,9.0,5.9,3.1,วัดโกมุทพุทธรังสี | เขตทวีวัฒนา
โตโยมิ | เขตหนองแขม,52,38,90,59,31,8,6.5,4.75,11.25,7.375,3.875,โตโยมิ | เขตหนองแขม
โรงเรียนลอยสายอนุสรณ์ | เขตบางเขน,47,43,90,50,40,3,15.666666666666666,14.333333333333334,30.0,16.666666666666668,13.333333333333334,โรงเรียนลอยสายอนุสรณ์ | เขตบางเขน
ซอยเจริญนคร 56 | เขตธนบุรี,55,35,90,59,31,8,6.875,4.375,11.25,7.375,3.875,ซอยเจริญนคร 56 | เขตธนบุรี
"""วิทยาลัยอาชีวศึกษาอาชีวศิลป์ | เขตดุสิต",44,45,89,20,17,2,22.0,22.5,44.5,10.0,8.5,"""วิทยาลัยอาชีวศึกษาอาชีวศิลป์ | เขตดุสิต"
โรงแรม Miramar | เขตพระนคร,44,45,89,60,29,8,5.5,5.625,11.125,7.5,3.625,โรงแรม Miramar | เขตพระนคร
ซอยอ่อนนุช 63 | เขตประเวศ,51,38,89,55,34,7,7.285714285714286,5.428571428571429,12.714285714285714,7.857142857142857,4.857142857142857,ซอยอ่อนนุช 63 | เขตประเวศ
ตรงข้ามสำนักงานเขตดุสิต | เขตดุสิต,41,48,89,39,50,7,5.857142857142857,6.857142857142857,12.714285714285714,5.571428571428571,7.142857142857143,ตรงข้ามสำนักงานเขตดุสิต | เขตดุสิต
ตรงข้ามตลาดแฮปปี้แลนด์ | เขตบางกะปิ,37,52,89,44,45,7,5.285714285714286,7.428571428571429,12.714285714285714,6.285714285714286,6.428571428571429,ตรงข้ามตลาดแฮปปี้แลนด์ | เขตบางกะปิ
"BTSอ่อนนุช,ซอยสุขุมวิท 81 (ศิริพจน์) | เขตคลองเตย",38,51,89,50,39,4,9.5,12.75,22.25,12.5,9.75,"BTSอ่อนนุช,ซอยสุขุมวิท 81 (ศิริพจน์) | เขตคลองเตย"
หมู่บ้านร่มฤดี(ซ.25/5) | เขตลาดกระบัง,74,15,89,49,40,10,7.4,1.5,8.9,4.9,4.0,หมู่บ้านร่มฤดี(ซ.25/5) | เขตลาดกระบัง
ท่าเรือสถานีรถไฟหัวลำโพง | เขตป้อมปราบศัตรูพ่าย,45,44,89,49,40,6,7.5,7.333333333333333,14.833333333333334,8.166666666666666,6.666666666666667,ท่าเรือสถานีรถไฟหัวลำโพง | เขตป้อมปราบศัตรูพ่าย
ตรงข้ามวัดต้นไทรย์ | เขตพระโขนง,48,41,89,45,44,3,16.0,13.666666666666666,29.666666666666668,15.0,14.666666666666666,ตรงข้ามวัดต้นไทรย์ | เขตพระโขนง
พุทธมณฑลสาย 1 ซอย 29 | เขตตลิ่งชัน,48,41,89,48,41,11,4.363636363636363,3.727272727272727,8.090909090909092,4.363636363636363,3.727272727272727,พุทธมณฑลสาย 1 ซอย 29 | เขตตลิ่งชัน
กรุงธนบุรีตำรวจภูธรตำบลสำโรงเหนือเรือนจำ(ผู้หญิง) | เขตบางบอน,49,40,89,48,41,8,6.125,5.0,11.125,6.0,5.125,กรุงธนบุรีตำรวจภูธรตำบลสำโรงเหนือเรือนจำ(ผู้หญิง) |...
โรงงานขยะอ่อนนุช | เขตประเวศ,58,31,89,55,34,8,7.25,3.875,11.125,6.875,4.25,โรงงานขยะอ่อนนุช | เขตประเวศ
ตรงข้ามหนังสือพิมพ์เดลินิวส์ | เขตหลักสี่,49,40,89,59,30,9,5.444444444444445,4.444444444444445,9.88888888888889,6.555555555555555,3.3333333333333335,ตรงข้ามหนังสือพิมพ์เดลินิวส์ | เขตหลักสี่
พุทธมณฑลสาย 3-บรมราชชนนี(ขาออก) | เขตทวีวัฒนา,49,39,88,51,37,7,7.0,5.571428571428571,12.571428571428571,7.285714285714286,5.285714285714286,พุทธมณฑลสาย 3-บรมราชชนนี(ขาออก) | เขตทวีวัฒนา
ตรงข้ามซอยพระเจน | เขตปทุมวัน,42,46,88,64,24,8,5.25,5.75,11.0,8.0,3.0,ตรงข้ามซอยพระเจน | เขตปทุมวัน
"""วัดรวกบางบำหรุ | เขตบางพลัด",36,52,88,13,12,2,18.0,26.0,44.0,6.5,6.0,"""วัดรวกบางบำหรุ | เขตบางพลัด"
ซอยสมเด็จเจ้าพระยา 18 | เขตคลองสาน,36,52,88,59,29,10,3.6,5.2,8.8,5.9,2.9,ซอยสมเด็จเจ้าพระยา 18 | เขตคลองสาน
สนามม้านางเลิ้ง | เขตดุสิต,64,24,88,55,33,9,7.111111111111111,2.6666666666666665,9.777777777777779,6.111111111111111,3.6666666666666665,สนามม้านางเลิ้ง | เขตดุสิต
ท่าเรือหัวลำโพง | เขตปทุมวัน,43,45,88,45,43,5,8.6,9.0,17.6,9.0,8.6,ท่าเรือหัวลำโพง | เขตปทุมวัน
ท่าเรือนครสวรรค์ | เขตป้อมปราบศัตรูพ่าย,42,46,88,61,27,8,5.25,5.75,11.0,7.625,3.375,ท่าเรือนครสวรรค์ | เขตป้อมปราบศัตรูพ่าย
โรงเรียนโปลีเทคนิคพานิชย์กรุงเทพ | เขตทวีวัฒนา,40,47,87,55,32,13,3.076923076923077,3.6153846153846154,6.6923076923076925,4.230769230769231,2.4615384615384617,โรงเรียนโปลีเทคนิคพานิชย์กรุงเทพ | เขตทวีวัฒนา
"""ตรงข้ามเมืองไทยภัทร | เขตดินแดง",42,45,87,19,21,2,21.0,22.5,43.5,9.5,10.5,"""ตรงข้ามเมืองไทยภัทร | เขตดินแดง"
"""แยก คปอ. | เขตสายไหม",35,52,87,14,22,1,35.0,52.0,87.0,14.0,22.0,"""แยก คปอ. | เขตสายไหม"
แยกวิภาวดี(ถนนสุทธิสารวินิจฉัยขาเข้า) | เขตพญาไท,52,35,87,60,27,7,7.428571428571429,5.0,12.428571428571429,8.571428571428571,3.857142857142857,แยกวิภาวดี(ถนนสุทธิสารวินิจฉัยขาเข้า) | เขตพญาไท
ท่าจอดรถประเวศ | เขตประเวศ,41,46,87,56,31,8,5.125,5.75,10.875,7.0,3.875,ท่าจอดรถประเวศ | เขตประเวศ
ไปรษณีย์ลาดพร้าว | เขตวังทองหลาง,43,44,87,53,34,7,6.142857142857143,6.285714285714286,12.428571428571429,7.571428571428571,4.857142857142857,ไปรษณีย์ลาดพร้าว | เขตวังทองหลาง
"""วัดบางพลัด | เขตบางพลัด",40,47,87,16,13,2,20.0,23.5,43.5,8.0,6.5,"""วัดบางพลัด | เขตบางพลัด"
ซอยโชคดี(ธนาคารกรุงศรีอยุธยา) | เขตคลองเตย,46,40,86,33,53,6,7.666666666666667,6.666666666666667,14.333333333333334,5.5,8.833333333333334,ซอยโชคดี(ธนาคารกรุงศรีอยุธยา) | เขตคลองเตย
"ซอยปรีดีพนมยงค์ 18,สถานฑูตไนจีเรีย | เขตวัฒนา",55,31,86,50,36,6,9.166666666666666,5.166666666666667,14.333333333333334,8.333333333333334,6.0,"ซอยปรีดีพนมยงค์ 18,สถานฑูตไนจีเรีย | เขตวัฒนา"
"""ตรงข้ามโรงงานทอผ้า | เขตบางซื่อ",37,49,86,11,12,2,18.5,24.5,43.0,5.5,6.0,"""ตรงข้ามโรงงานทอผ้า | เขตบางซื่อ"
SRT ซอยวัดลานบุญ | เขตลาดกระบัง,45,41,86,78,8,16,2.8125,2.5625,5.375,4.875,0.5,SRT ซอยวัดลานบุญ | เขตลาดกระบัง
ตรงข้ามโรงเรียนแจงร้อน(ราษฎร์บูรณะ 44) | เขตราษฎร์บูรณะ,32,54,86,50,36,9,3.5555555555555554,6.0,9.555555555555555,5.555555555555555,4.0,ตรงข้ามโรงเรียนแจงร้อน(ราษฎร์บูรณะ 44) | เขตราษฎร์บ...
โรงเรียนแสงหิรัญวิทยา | เขตลาดกระบัง,56,30,86,55,31,8,7.0,3.75,10.75,6.875,3.875,โรงเรียนแสงหิรัญวิทยา | เขตลาดกระบัง
หมู่บ้านบุรีรมย์ 2 | เขตคลองสามวา,55,31,86,47,39,8,6.875,3.875,10.75,5.875,4.875,หมู่บ้านบุรีรมย์ 2 | เขตคลองสามวา
หมู่บ้านฉัตรชัยเขตหนองแขม | เขตหนองแขม,60,26,86,53,33,8,7.5,3.25,10.75,6.625,4.125,หมู่บ้านฉัตรชัยเขตหนองแขม | เขตหนองแขม
ลานกีฬาสุขภาพ | เขตประเวศ,40,46,86,46,40,7,5.714285714285714,6.571428571428571,12.285714285714286,6.571428571428571,5.714285714285714,ลานกีฬาสุขภาพ | เขตประเวศ
ซอยสวนสยาม 6 | เขตคันนายาว,52,34,86,47,39,7,7.428571428571429,4.857142857142857,12.285714285714286,6.714285714285714,5.571428571428571,ซอยสวนสยาม 6 | เขตคันนายาว
คอตโต้ | เขตดอนเมือง,47,39,86,54,32,8,5.875,4.875,10.75,6.75,4.0,คอตโต้ | เขตดอนเมือง
ตรงข้ามศูนย์โตโยต้าเสรีไทย | เขตคันนายาว,49,37,86,52,34,6,8.166666666666666,6.166666666666667,14.333333333333334,8.666666666666666,5.666666666666667,ตรงข้ามศูนย์โตโยต้าเสรีไทย | เขตคันนายาว
"""สถานีรถไฟบางเขน | เขตจตุจักร",41,44,85,20,11,2,20.5,22.0,42.5,10.0,5.5,"""สถานีรถไฟบางเขน | เขตจตุจักร"
ตรงข้ามอู่บางเขน | เขตบางเขน,47,38,85,48,37,9,5.222222222222222,4.222222222222222,9.444444444444445,5.333333333333333,4.111111111111111,ตรงข้ามอู่บางเขน | เขตบางเขน
[เปลี่ยนรถ] ท่าปล่อยรถ สนามหลวง | เขตพระนคร,34,51,85,54,31,9,3.7777777777777777,5.666666666666667,9.444444444444445,6.0,3.4444444444444446,[เปลี่ยนรถ] ท่าปล่อยรถ สนามหลวง | เขตพระนคร
ซอยโพธิ์แก้ว 5 | เขตบึงกุ่ม,35,50,85,48,37,8,4.375,6.25,10.625,6.0,4.625,ซอยโพธิ์แก้ว 5 | เขตบึงกุ่ม
ตรงข้ามท่าราชวรดิษฐ์ | เขตพระนคร,47,38,85,46,39,12,3.9166666666666665,3.1666666666666665,7.083333333333333,3.8333333333333335,3.25,ตรงข้ามท่าราชวรดิษฐ์ | เขตพระนคร
ตรงข้ามธนาคารกรุงศรีอยุธยา(ถนนกาญจนาภิเษกขาออก) | เขตทวีวัฒนา,39,46,85,53,32,8,4.875,5.75,10.625,6.625,4.0,ตรงข้ามธนาคารกรุงศรีอยุธยา(ถนนกาญจนาภิเษกขาออก) | เ...
"""ซอยพหลโยธิน 8 | เขตพญาไท",42,43,85,18,9,2,21.0,21.5,42.5,9.0,4.5,"""ซอยพหลโยธิน 8 | เขตพญาไท"
"ท่าเรีอวัดศรีบุญเรือง,มหาวิทยาลัยนิด้า | เขตบางกะปิ",40,45,85,46,39,9,4.444444444444445,5.0,9.444444444444445,5.111111111111111,4.333333333333333,"ท่าเรีอวัดศรีบุญเรือง,มหาวิทยาลัยนิด้า | เขตบางกะปิ"
การท่าเรือแห่งประเทศไทย | เขตคลองเตย,48,36,84,59,25,9,5.333333333333333,4.0,9.333333333333334,6.555555555555555,2.7777777777777777,การท่าเรือแห่งประเทศไทย | เขตคลองเตย
ซอยร่มเกล้า 26 | เขตลาดกระบัง,57,27,84,52,32,9,6.333333333333333,3.0,9.333333333333334,5.777777777777778,3.5555555555555554,ซอยร่มเกล้า 26 | เขตลาดกระบัง
กองพันทหารม้าที่ 4 รักษาพระองค์ | เขตดุสิต,23,61,84,44,40,7,3.2857142857142856,8.714285714285714,12.0,6.285714285714286,5.714285714285714,กองพันทหารม้าที่ 4 รักษาพระองค์ | เขตดุสิต
ตรงข้ามอินทาปัจ 11 | เขตหนองแขม,63,21,84,57,27,11,5.7272727272727275,1.9090909090909092,7.636363636363637,5.181818181818182,2.4545454545454546,ตรงข้ามอินทาปัจ 11 | เขตหนองแขม
หมู่บ้านพระราม 2 | เขตบางขุนเทียน,68,16,84,43,41,7,9.714285714285714,2.2857142857142856,12.0,6.142857142857143,5.857142857142857,หมู่บ้านพระราม 2 | เขตบางขุนเทียน
สี่เสาเทเวศร์ | เขตดุสิต,45,39,84,59,25,7,6.428571428571429,5.571428571428571,12.0,8.428571428571429,3.5714285714285716,สี่เสาเทเวศร์ | เขตดุสิต
"ซอยสุขุมวิท 18,แยกอโศก | เขตวัฒนา",51,33,84,44,40,6,8.5,5.5,14.0,7.333333333333333,6.666666666666667,"ซอยสุขุมวิท 18,แยกอโศก | เขตวัฒนา"
บริษัทคอมฟอร์ม | เขตสะพานสูง,48,35,83,56,27,6,8.0,5.833333333333333,13.833333333333334,9.333333333333334,4.5,บริษัทคอมฟอร์ม | เขตสะพานสูง
บ่อตกกุ้ง 9 กุ้งทอง ตรงข้ามสวนหลวง ร.9 | เขตประเวศ,48,35,83,49,34,10,4.8,3.5,8.3,4.9,3.4,บ่อตกกุ้ง 9 กุ้งทอง ตรงข้ามสวนหลวง ร.9 | เขตประเวศ
อาคารเจวีเค | เขตบางกะปิ,32,51,83,80,3,18,1.7777777777777777,2.8333333333333335,4.611111111111111,4.444444444444445,0.16666666666666666,อาคารเจวีเค | เขตบางกะปิ
ซอยลำสาลี 2 | เขตบางกะปิ,29,54,83,54,29,9,3.2222222222222223,6.0,9.222222222222221,6.0,3.2222222222222223,ซอยลำสาลี 2 | เขตบางกะปิ
ตรงข้ามหมู่บ้านเกษรา | เขตคันนายาว,68,15,83,51,32,9,7.555555555555555,1.6666666666666667,9.222222222222221,5.666666666666667,3.5555555555555554,ตรงข้ามหมู่บ้านเกษรา | เขตคันนายาว
โรงเรียนพัฒนาช่างเทคนิคยานยนต์(เพชรเกษม 88) | เขตบางแค,53,30,83,47,36,8,6.625,3.75,10.375,5.875,4.5,โรงเรียนพัฒนาช่างเทคนิคยานยนต์(เพชรเกษม 88) | เขตบา...
ซาฟารีเวิลด์ | เขตคลองสามวา,39,44,83,41,42,8,4.875,5.5,10.375,5.125,5.25,ซาฟารีเวิลด์ | เขตคลองสามวา
ตลาดหน้านิคมอุตสาหกรรมลาดกระบัง(ตลาดแย้มเจริญรัตน์) | เขตลาดกระบัง,44,39,83,49,34,9,4.888888888888889,4.333333333333333,9.222222222222221,5.444444444444445,3.7777777777777777,ตลาดหน้านิคมอุตสาหกรรมลาดกระบัง(ตลาดแย้มเจริญรัตน์)...
ตรงข้ามแยกประชานุกูล | เขตจตุจักร,41,42,83,52,31,6,6.833333333333333,7.0,13.833333333333334,8.666666666666666,5.166666666666667,ตรงข้ามแยกประชานุกูล | เขตจตุจักร
ร้านอาหารบ้านอิสรางกูร | เขตตลิ่งชัน,35,47,82,54,28,9,3.888888888888889,5.222222222222222,9.11111111111111,6.0,3.111111111111111,ร้านอาหารบ้านอิสรางกูร | เขตตลิ่งชัน
วัดสุทธาโภชน์ | เขตลาดกระบัง,55,27,82,54,28,8,6.875,3.375,10.25,6.75,3.5,วัดสุทธาโภชน์ | เขตลาดกระบัง
ซอยสุขุมวิท 40 | เขตวัฒนา,40,42,82,45,37,6,6.666666666666667,7.0,13.666666666666666,7.5,6.166666666666667,ซอยสุขุมวิท 40 | เขตวัฒนา
SRT สามเสน | เขตพญาไท,42,40,82,38,44,2,21.0,20.0,41.0,19.0,22.0,SRT สามเสน | เขตพญาไท
ศูนย์หนังสือธรรมสภา | เขตทวีวัฒนา,42,39,81,60,21,12,3.5,3.25,6.75,5.0,1.75,ศูนย์หนังสือธรรมสภา | เขตทวีวัฒนา
โรงเรียนแผนที่ทหาร | เขตป้อมปราบศัตรูพ่าย,45,36,81,46,35,7,6.428571428571429,5.142857142857143,11.571428571428571,6.571428571428571,5.0,โรงเรียนแผนที่ทหาร | เขตป้อมปราบศัตรูพ่าย
สหกรณ์กรุงเทพ | เขตคลองสาน,45,36,81,47,34,6,7.5,6.0,13.5,7.833333333333333,5.666666666666667,สหกรณ์กรุงเทพ | เขตคลองสาน
ลาดพร้าวสะพาน 2 | เขตวังทองหลาง,48,33,81,45,36,3,16.0,11.0,27.0,15.0,12.0,ลาดพร้าวสะพาน 2 | เขตวังทองหลาง
ตรงข้ามไทวัสดุแยกร่มเกล้า | เขตมีนบุรี,65,16,81,48,33,11,5.909090909090909,1.4545454545454546,7.363636363636363,4.363636363636363,3.0,ตรงข้ามไทวัสดุแยกร่มเกล้า | เขตมีนบุรี
อาคารเอื้ออมรสุข | เขตยานนาวา,38,43,81,36,45,5,7.6,8.6,16.2,7.2,9.0,อาคารเอื้ออมรสุข | เขตยานนาวา
"""โรงพยาบาล หู ตา คอ จมูก  | เขตบางกอกน้อย",42,39,81,20,12,2,21.0,19.5,40.5,10.0,6.0,"""โรงพยาบาล หู ตา คอ จมูก  | เขตบางกอกน้อย"
"""ตลาดเตาปูน | เขตบางซื่อ",38,43,81,18,16,2,19.0,21.5,40.5,9.0,8.0,"""ตลาดเตาปูน | เขตบางซื่อ"
ซอยประชาอุทิศ 67 | เขตทุ่งครุ,46,34,80,48,32,6,7.666666666666667,5.666666666666667,13.333333333333334,8.0,5.333333333333333,ซอยประชาอุทิศ 67 | เขตทุ่งครุ
"""ซอยเพชรเกษม 110 | เขตหนองแขม",34,46,80,11,9,2,17.0,23.0,40.0,5.5,4.5,"""ซอยเพชรเกษม 110 | เขตหนองแขม"
หน้าธนาคารกรุงศรีอยุธยา | เขตทุ่งครุ,52,28,80,52,28,7,7.428571428571429,4.0,11.428571428571429,7.428571428571429,4.0,หน้าธนาคารกรุงศรีอยุธยา | เขตทุ่งครุ
"""ซอยวิภาวดี 42 | เขตจตุจักร",36,44,80,11,18,2,18.0,22.0,40.0,5.5,9.0,"""ซอยวิภาวดี 42 | เขตจตุจักร"
"""ซอยสุขุมวิท 12 | เขตคลองเตย",36,44,80,18,11,2,18.0,22.0,40.0,9.0,5.5,"""ซอยสุขุมวิท 12 | เขตคลองเตย"
ตรงข้ามเอสซีปาร์ค | เขตวังทองหลาง,48,31,79,61,18,7,6.857142857142857,4.428571428571429,11.285714285714286,8.714285714285714,2.5714285714285716,ตรงข้ามเอสซีปาร์ค | เขตวังทองหลาง
ร้านอาหารทิพวรรณ | เขตวังทองหลาง,43,36,79,51,28,7,6.142857142857143,5.142857142857143,11.285714285714286,7.285714285714286,4.0,ร้านอาหารทิพวรรณ | เขตวังทองหลาง
ปากทางบางบอน 3(เริ่มต้น) | เขตบางบอน,41,38,79,39,40,7,5.857142857142857,5.428571428571429,11.285714285714286,5.571428571428571,5.714285714285714,ปากทางบางบอน 3(เริ่มต้น) | เขตบางบอน
คลีนิกรักษาสัตว์(ขาออก) | เขตคันนายาว,36,43,79,44,35,7,5.142857142857143,6.142857142857143,11.285714285714286,6.285714285714286,5.0,คลีนิกรักษาสัตว์(ขาออก) | เขตคันนายาว
ตรงข้ามแยกถนนระนอง 2-พระราม 5 | เขตดุสิต,38,41,79,39,40,7,5.428571428571429,5.857142857142857,11.285714285714286,5.571428571428571,5.714285714285714,ตรงข้ามแยกถนนระนอง 2-พระราม 5 | เขตดุสิต
ตรงข้ามกรมทหารปืนใหญ่ที่1 | เขตดุสิต,39,40,79,42,37,5,7.8,8.0,15.8,8.4,7.4,ตรงข้ามกรมทหารปืนใหญ่ที่1 | เขตดุสิต
เทสโกโลตัสปิ่นเกล้า | เขตบางพลัด,42,37,79,39,40,2,21.0,18.5,39.5,19.5,20.0,เทสโกโลตัสปิ่นเกล้า | เขตบางพลัด
โรงเรียนเทพศิรินทร์ | เขตป้อมปราบศัตรูพ่าย,40,39,79,38,41,5,8.0,7.8,15.8,7.6,8.2,โรงเรียนเทพศิรินทร์ | เขตป้อมปราบศัตรูพ่าย
ตรงข้ามปูนซิเมนต์ไทย | เขตบางซื่อ,50,28,78,44,34,8,6.25,3.5,9.75,5.5,4.25,ตรงข้ามปูนซิเมนต์ไทย | เขตบางซื่อ
บ้านภาณุ(ซอยบรมราชชนนี 99) | เขตตลิ่งชัน,44,34,78,46,32,9,4.888888888888889,3.7777777777777777,8.666666666666666,5.111111111111111,3.5555555555555554,บ้านภาณุ(ซอยบรมราชชนนี 99) | เขตตลิ่งชัน
ซอยสาธุประดิษฐ์ 20 | เขตสาทร,47,31,78,38,40,4,11.75,7.75,19.5,9.5,10.0,ซอยสาธุประดิษฐ์ 20 | เขตสาทร
นวธานี | เขตคันนายาว,53,25,78,49,29,8,6.625,3.125,9.75,6.125,3.625,นวธานี | เขตคันนายาว
"""ซอยสุขุมวิท 19 | เขตคลองเตย",33,45,78,11,15,1,33.0,45.0,78.0,11.0,15.0,"""ซอยสุขุมวิท 19 | เขตคลองเตย"
ศูนย์สาธารณสุขซอยราษฎร์บูรณะ 39 | เขตราษฎร์บูรณะ,32,46,78,50,28,8,4.0,5.75,9.75,6.25,3.5,ศูนย์สาธารณสุขซอยราษฎร์บูรณะ 39 | เขตราษฎร์บูรณะ
ปากทางโพธิ์แก้วตรงข้ามวัดบางเตย | เขตบึงกุ่ม,44,34,78,43,35,7,6.285714285714286,4.857142857142857,11.142857142857142,6.142857142857143,5.0,ปากทางโพธิ์แก้วตรงข้ามวัดบางเตย | เขตบึงกุ่ม
ท่าชิดลม | เขตราชเทวี,45,33,78,40,38,4,11.25,8.25,19.5,10.0,9.5,ท่าชิดลม | เขตราชเทวี
ซอยเอกชัย 89/2 | เขตบางบอน,30,48,78,51,27,8,3.75,6.0,9.75,6.375,3.375,ซอยเอกชัย 89/2 | เขตบางบอน
สำนักงานเขตตลิ่งชัน | เขตบางกอกน้อย,37,41,78,36,42,4,9.25,10.25,19.5,9.0,10.5,สำนักงานเขตตลิ่งชัน | เขตบางกอกน้อย
บริษัทพัฒนาการถาวร(ขาออก) | เขตประเวศ,38,40,78,43,35,8,4.75,5.0,9.75,5.375,4.375,บริษัทพัฒนาการถาวร(ขาออก) | เขตประเวศ
มาเจริญ 38 | เขตหนองแขม,45,33,78,51,27,8,5.625,4.125,9.75,6.375,3.375,มาเจริญ 38 | เขตหนองแขม
ตรงข้ามปากซอยเฉลิมพระเกียรติ 47 โชรูมโตโยต้า | เขตประเวศ,44,33,77,56,21,7,6.285714285714286,4.714285714285714,11.0,8.0,3.0,ตรงข้ามปากซอยเฉลิมพระเกียรติ 47 โชรูมโตโยต้า | เขตป...
หมู่บ้านศิริเกษมซอย 23 | เขตบางแค,61,16,77,46,31,13,4.6923076923076925,1.2307692307692308,5.923076923076923,3.5384615384615383,2.3846153846153846,หมู่บ้านศิริเกษมซอย 23 | เขตบางแค
"วงเวียนใหญ่,ตลาดวงเวียนใหญ่ | เขตธนบุรี",43,34,77,34,43,1,43.0,34.0,77.0,34.0,43.0,"วงเวียนใหญ่,ตลาดวงเวียนใหญ่ | เขตธนบุรี"
"""ซอยเลียบคลอง 9 | เขตทวีวัฒนา",32,45,77,12,15,2,16.0,22.5,38.5,6.0,7.5,"""ซอยเลียบคลอง 9 | เขตทวีวัฒนา"
"""วัดบวรนิเวศวิหาร | เขตพระนคร",34,43,77,15,18,2,17.0,21.5,38.5,7.5,9.0,"""วัดบวรนิเวศวิหาร | เขตพระนคร"
SRT นิคมรถไฟ กม.11 | เขตจตุจักร,27,50,77,49,28,8,3.375,6.25,9.625,6.125,3.5,SRT นิคมรถไฟ กม.11 | เขตจตุจักร
สถานีตำรวจวัดพระยาไกร | เขตบางคอแหลม,43,34,77,41,36,8,5.375,4.25,9.625,5.125,4.5,สถานีตำรวจวัดพระยาไกร | เขตบางคอแหลม
ซอยเกียรติชัย | เขตบางกะปิ,35,42,77,51,26,15,2.3333333333333335,2.8,5.133333333333334,3.4,1.7333333333333334,ซอยเกียรติชัย | เขตบางกะปิ
ตรงข้ามเรือนทองนิเวศน์ | เขตคันนายาว,47,30,77,48,29,7,6.714285714285714,4.285714285714286,11.0,6.857142857142857,4.142857142857143,ตรงข้ามเรือนทองนิเวศน์ | เขตคันนายาว
BRT ถนนจันทน์ | เขตสาทร,43,34,77,41,36,5,8.6,6.8,15.4,8.2,7.2,BRT ถนนจันทน์ | เขตสาทร
ออเงิน(เพิ่มสิน) | เขตสายไหม,26,51,77,39,38,9,2.888888888888889,5.666666666666667,8.555555555555555,4.333333333333333,4.222222222222222,ออเงิน(เพิ่มสิน) | เขตสายไหม
เลียบคลองภาษีเจริญ 9 | เขตหนองแขม,42,35,77,39,38,7,6.0,5.0,11.0,5.571428571428571,5.428571428571429,เลียบคลองภาษีเจริญ 9 | เขตหนองแขม
ตรงข้ามเดอะคลิสตัล | เขตลาดพร้าว,41,36,77,38,39,3,13.666666666666666,12.0,25.666666666666668,12.666666666666666,13.0,ตรงข้ามเดอะคลิสตัล | เขตลาดพร้าว
โรงพยาบาลพระมงกุฎเกล้า | เขตพญาไท,30,47,77,45,32,5,6.0,9.4,15.4,9.0,6.4,โรงพยาบาลพระมงกุฎเกล้า | เขตพญาไท
"พระราม 9 ซอย 43, ปั้มเอสโซ่ พระราม 9 | เขตสวนหลวง",36,40,76,35,41,8,4.5,5.0,9.5,4.375,5.125,"พระราม 9 ซอย 43, ปั้มเอสโซ่ พระราม 9 | เขตสวนหลวง"
ตลาดห้วยขวางหลังโรงเรียนสามเสนนอก | เขตดินแดง,43,33,76,41,35,6,7.166666666666667,5.5,12.666666666666666,6.833333333333333,5.833333333333333,ตลาดห้วยขวางหลังโรงเรียนสามเสนนอก | เขตดินแดง
"โรงเรียนแผนที่ทหาร,แยกจ.ป.ร. | เขตพระนคร",26,50,76,50,26,6,4.333333333333333,8.333333333333334,12.666666666666666,8.333333333333334,4.333333333333333,"โรงเรียนแผนที่ทหาร,แยกจ.ป.ร. | เขตพระนคร"
บิ๊กซีเอกมัย | เขตวัฒนา,41,35,76,42,34,7,5.857142857142857,5.0,10.857142857142858,6.0,4.857142857142857,บิ๊กซีเอกมัย | เขตวัฒนา
กรมการขนส่งทางบก(่ถนนทหาร) | เขตดุสิต,54,22,76,42,34,7,7.714285714285714,3.142857142857143,10.857142857142858,6.0,4.857142857142857,กรมการขนส่งทางบก(่ถนนทหาร) | เขตดุสิต
ตรงข้ามบิ๊กซีหนองจอก | เขตหนองจอก,47,29,76,39,37,6,7.833333333333333,4.833333333333333,12.666666666666666,6.5,6.166666666666667,ตรงข้ามบิ๊กซีหนองจอก | เขตหนองจอก
สนามกอล์ฟนที | เขตบางแค,38,38,76,38,38,5,7.6,7.6,15.2,7.6,7.6,สนามกอล์ฟนที | เขตบางแค
ตรงข้ามปากซอยพุทธบูชา 32 | เขตทุ่งครุ,50,26,76,44,32,7,7.142857142857143,3.7142857142857144,10.857142857142858,6.285714285714286,4.571428571428571,ตรงข้ามปากซอยพุทธบูชา 32 | เขตทุ่งครุ
โรงเรียนระเบียบ | เขตสายไหม,26,50,76,47,29,7,3.7142857142857144,7.142857142857143,10.857142857142858,6.714285714285714,4.142857142857143,โรงเรียนระเบียบ | เขตสายไหม
ตรงข้ามโรงพยาบาลภูมิพลอดุลยเดช | เขตดอนเมือง,50,26,76,51,25,6,8.333333333333334,4.333333333333333,12.666666666666666,8.5,4.166666666666667,ตรงข้ามโรงพยาบาลภูมิพลอดุลยเดช | เขตดอนเมือง
บริษัทกรุงเทพคลังเอกสารจำกัด | เขตราษฎร์บูรณะ,40,35,75,50,25,7,5.714285714285714,5.0,10.714285714285714,7.142857142857143,3.5714285714285716,บริษัทกรุงเทพคลังเอกสารจำกัด | เขตราษฎร์บูรณะ
"ซอยบึงใหญ่,หมู่บ้านคุ้มเกล้า | เขตมีนบุรี",59,16,75,49,26,8,7.375,2.0,9.375,6.125,3.25,"ซอยบึงใหญ่,หมู่บ้านคุ้มเกล้า | เขตมีนบุรี"
ตรงข้ามหอสมุดแห่งชาติ | เขตดุสิต,44,31,75,49,26,7,6.285714285714286,4.428571428571429,10.714285714285714,7.0,3.7142857142857144,ตรงข้ามหอสมุดแห่งชาติ | เขตดุสิต
กระทรวงคมนาคม | เขตพระนคร,22,53,75,51,24,9,2.4444444444444446,5.888888888888889,8.333333333333334,5.666666666666667,2.6666666666666665,กระทรวงคมนาคม | เขตพระนคร
พุทธมณฑลสาย 2 | เขตทวีวัฒนา,46,29,75,45,30,11,4.181818181818182,2.6363636363636362,6.818181818181818,4.090909090909091,2.727272727272727,พุทธมณฑลสาย 2 | เขตทวีวัฒนา
แยกห้วยขวาง(ธนาคารกรุงไทยสาขาดินแดง) | เขตดินแดง,41,34,75,35,40,3,13.666666666666666,11.333333333333334,25.0,11.666666666666666,13.333333333333334,แยกห้วยขวาง(ธนาคารกรุงไทยสาขาดินแดง) | เขตดินแดง
โรงเรียนมัธยมวัดสิงห์ | เขตบางบอน,51,24,75,38,37,2,25.5,12.0,37.5,19.0,18.5,โรงเรียนมัธยมวัดสิงห์ | เขตบางบอน
ตรงข้ามแยกวัดบุณยประดิษฐ์ | เขตบางแค,58,17,75,46,29,10,5.8,1.7,7.5,4.6,2.9,ตรงข้ามแยกวัดบุณยประดิษฐ์ | เขตบางแค
ซอยเฉลิมพระเกียรติ 58 | เขตประเวศ,50,25,75,47,28,8,6.25,3.125,9.375,5.875,3.5,ซอยเฉลิมพระเกียรติ 58 | เขตประเวศ
พุทธมณฑลสาย 3ซอย 9 | เขตหนองแขม,51,24,75,46,29,7,7.285714285714286,3.4285714285714284,10.714285714285714,6.571428571428571,4.142857142857143,พุทธมณฑลสาย 3ซอย 9 | เขตหนองแขม
ร้านอาหารไตถัง(ถนนสุคนธสวัสดิ์ขาเข้า) | เขตลาดพร้าว,43,32,75,41,34,6,7.166666666666667,5.333333333333333,12.5,6.833333333333333,5.666666666666667,ร้านอาหารไตถัง(ถนนสุคนธสวัสดิ์ขาเข้า) | เขตลาดพร้าว
ซอยนวลจันทร์ | เขตคันนายาว,48,27,75,38,37,6,8.0,4.5,12.5,6.333333333333333,6.166666666666667,ซอยนวลจันทร์ | เขตคันนายาว
พิศิษฐ์ดีเซลเทอร์โบ | เขตลาดกระบัง,37,38,75,26,49,3,12.333333333333334,12.666666666666666,25.0,8.666666666666666,16.333333333333332,พิศิษฐ์ดีเซลเทอร์โบ | เขตลาดกระบัง
"""โรงพยาบาลมิชชั่น | เขตดุสิต",37,38,75,18,16,2,18.5,19.0,37.5,9.0,8.0,"""โรงพยาบาลมิชชั่น | เขตดุสิต"
สนามกีฬาคลองจั่น | เขตบางกะปิ,43,32,75,47,28,7,6.142857142857143,4.571428571428571,10.714285714285714,6.714285714285714,4.0,สนามกีฬาคลองจั่น | เขตบางกะปิ
พุทธมณฑลสาย 1 ซอย 30 | เขตตลิ่งชัน,39,36,75,52,23,7,5.571428571428571,5.142857142857143,10.714285714285714,7.428571428571429,3.2857142857142856,พุทธมณฑลสาย 1 ซอย 30 | เขตตลิ่งชัน
ตรงข้ามโรงเรียนอนุบาลพลอยแก้ว | เขตทวีวัฒนา,29,46,75,48,27,8,3.625,5.75,9.375,6.0,3.375,ตรงข้ามโรงเรียนอนุบาลพลอยแก้ว | เขตทวีวัฒนา
ธนาคารอาคารสงเคราะห์สาขาพระราม7 | เขตบางซื่อ,32,42,74,41,33,5,6.4,8.4,14.8,8.2,6.6,ธนาคารอาคารสงเคราะห์สาขาพระราม7 | เขตบางซื่อ
MRT ลุมพินี | เขตปทุมวัน,39,35,74,39,35,4,9.75,8.75,18.5,9.75,8.75,MRT ลุมพินี | เขตปทุมวัน
แยกผ่านฟ้า(ขาออก) | เขตป้อมปราบศัตรูพ่าย,49,25,74,43,31,7,7.0,3.5714285714285716,10.571428571428571,6.142857142857143,4.428571428571429,แยกผ่านฟ้า(ขาออก) | เขตป้อมปราบศัตรูพ่าย
ซอยอินทามะระ 40 | เขตดินแดง,46,28,74,47,27,6,7.666666666666667,4.666666666666667,12.333333333333334,7.833333333333333,4.5,ซอยอินทามะระ 40 | เขตดินแดง
ท่ากรมชลประทานสามเสน | เขตดุสิต,28,46,74,50,24,12,2.3333333333333335,3.8333333333333335,6.166666666666667,4.166666666666667,2.0,ท่ากรมชลประทานสามเสน | เขตดุสิต
"""ตลาดพุทธ | เขตทวีวัฒนา",35,39,74,10,6,2,17.5,19.5,37.0,5.0,3.0,"""ตลาดพุทธ | เขตทวีวัฒนา"
โรงเรียนปริยากร | เขตมีนบุรี,47,27,74,56,18,9,5.222222222222222,3.0,8.222222222222221,6.222222222222222,2.0,โรงเรียนปริยากร | เขตมีนบุรี
อู่มีนบุรี | เขตมีนบุรี,34,40,74,39,35,6,5.666666666666667,6.666666666666667,12.333333333333334,6.5,5.833333333333333,อู่มีนบุรี | เขตมีนบุรี
ชุมชนเชื้อเพลิง | เขตคลองเตย,38,36,74,50,24,6,6.333333333333333,6.0,12.333333333333334,8.333333333333334,4.0,ชุมชนเชื้อเพลิง | เขตคลองเตย
สจล.(หอประชุมใหญ่) | เขตลาดกระบัง,46,27,73,39,34,7,6.571428571428571,3.857142857142857,10.428571428571429,5.571428571428571,4.857142857142857,สจล.(หอประชุมใหญ่) | เขตลาดกระบัง
แยกบ้านแขก(ขาเข้า) | เขตคลองสาน,42,31,73,34,39,5,8.4,6.2,14.6,6.8,7.8,แยกบ้านแขก(ขาเข้า) | เขตคลองสาน
ตรงข้ามริมคลอง | เขตบางแค,40,33,73,50,23,6,6.666666666666667,5.5,12.166666666666666,8.333333333333334,3.8333333333333335,ตรงข้ามริมคลอง | เขตบางแค
"""เพลินจิตเซ็นเตอร์ | เขตคลองเตย",29,44,73,10,10,2,14.5,22.0,36.5,5.0,5.0,"""เพลินจิตเซ็นเตอร์ | เขตคลองเตย"
หมู่บ้านโกลเด้นแลนด์ | เขตตลิ่งชัน,53,20,73,45,28,7,7.571428571428571,2.857142857142857,10.428571428571429,6.428571428571429,4.0,หมู่บ้านโกลเด้นแลนด์ | เขตตลิ่งชัน
จักรกฤษ์ | เขตลาดพร้าว,43,30,73,41,32,5,8.6,6.0,14.6,8.2,6.4,จักรกฤษ์ | เขตลาดพร้าว
ท่าเดอะมอลล์ 3 | เขตวังทองหลาง,30,43,73,43,30,5,6.0,8.6,14.6,8.6,6.0,ท่าเดอะมอลล์ 3 | เขตวังทองหลาง
วงเวียนใหญ่(นิรันดร์รัตน์) | เขตธนบุรี,37,36,73,42,31,4,9.25,9.0,18.25,10.5,7.75,วงเวียนใหญ่(นิรันดร์รัตน์) | เขตธนบุรี
ตรงข้ามหมู่บ้านแสงทอง | เขตสะพานสูง,53,19,72,47,25,9,5.888888888888889,2.111111111111111,8.0,5.222222222222222,2.7777777777777777,ตรงข้ามหมู่บ้านแสงทอง | เขตสะพานสูง
"""ฟู้ดแลนด์ | เขตบางกะปิ",34,38,72,17,21,2,17.0,19.0,36.0,8.5,10.5,"""ฟู้ดแลนด์ | เขตบางกะปิ"
มหาวิทยาลัยนิด้า | เขตบางกะปิ,32,40,72,52,20,7,4.571428571428571,5.714285714285714,10.285714285714286,7.428571428571429,2.857142857142857,มหาวิทยาลัยนิด้า | เขตบางกะปิ
ชวนถวิล | เขตหนองแขม,60,12,72,47,25,14,4.285714285714286,0.8571428571428571,5.142857142857143,3.357142857142857,1.7857142857142858,ชวนถวิล | เขตหนองแขม
"""แม็คโครลาดพร้าว | เขตบางกะปิ",31,41,72,12,12,2,15.5,20.5,36.0,6.0,6.0,"""แม็คโครลาดพร้าว | เขตบางกะปิ"
BTS นานา | เขตวัฒนา,32,40,72,41,31,5,6.4,8.0,14.4,8.2,6.2,BTS นานา | เขตวัฒนา
สถานีตำรวจนางเลิ้ง | เขตพระนคร,29,43,72,38,34,6,4.833333333333333,7.166666666666667,12.0,6.333333333333333,5.666666666666667,สถานีตำรวจนางเลิ้ง | เขตพระนคร
หมู่บ้านกาญจนาภิเษก 9 | เขตทวีวัฒนา,43,29,72,44,28,10,4.3,2.9,7.2,4.4,2.8,หมู่บ้านกาญจนาภิเษก 9 | เขตทวีวัฒนา
ตรงข้ามซอยสุโขทัย 1 | เขตดุสิต,37,35,72,46,26,6,6.166666666666667,5.833333333333333,12.0,7.666666666666667,4.333333333333333,ตรงข้ามซอยสุโขทัย 1 | เขตดุสิต
ตรงข้ามตลาดเตาปูน | เขตบางซื่อ,40,32,72,43,29,7,5.714285714285714,4.571428571428571,10.285714285714286,6.142857142857143,4.142857142857143,ตรงข้ามตลาดเตาปูน | เขตบางซื่อ
ตรงข้ามโรงเรียนเพชรรัตน์ | เขตบางซื่อ,30,42,72,46,26,8,3.75,5.25,9.0,5.75,3.25,ตรงข้ามโรงเรียนเพชรรัตน์ | เขตบางซื่อ
ป้ายแยกวิสุทธิกษัตริย์ | เขตพระนคร,29,43,72,40,32,7,4.142857142857143,6.142857142857143,10.285714285714286,5.714285714285714,4.571428571428571,ป้ายแยกวิสุทธิกษัตริย์ | เขตพระนคร
ตรงข้ามซอยสินเนรมิตร | เขตบางแค,29,42,71,52,19,15,1.9333333333333333,2.8,4.733333333333333,3.466666666666667,1.2666666666666666,ตรงข้ามซอยสินเนรมิตร | เขตบางแค
"หมู่บ้านพนาสนธ์วิลล่า,ซอยเชื่อมสัมพันธ์ 24 | เขตหนองจอก",37,34,71,48,23,5,7.4,6.8,14.2,9.6,4.6,"หมู่บ้านพนาสนธ์วิลล่า,ซอยเชื่อมสัมพันธ์ 24 | เขตหนอ..."
แยกโรงไม้(ถนนนาคนิวาสขาออก) | เขตลาดพร้าว,50,21,71,40,31,7,7.142857142857143,3.0,10.142857142857142,5.714285714285714,4.428571428571429,แยกโรงไม้(ถนนนาคนิวาสขาออก) | เขตลาดพร้าว
"""เมเจอร์รามคำแหง | เขตบางกะปิ",32,39,71,14,15,2,16.0,19.5,35.5,7.0,7.5,"""เมเจอร์รามคำแหง | เขตบางกะปิ"
ดิเอ็มเพอเรอ นาราสิริ คอเล็คชั่น | เขตบางแค,47,24,71,46,25,9,5.222222222222222,2.6666666666666665,7.888888888888889,5.111111111111111,2.7777777777777777,ดิเอ็มเพอเรอ นาราสิริ คอเล็คชั่น | เขตบางแค
โรงเรียนมหรรณพาราม | เขตตลิ่งชัน,44,27,71,46,25,7,6.285714285714286,3.857142857142857,10.142857142857142,6.571428571428571,3.5714285714285716,โรงเรียนมหรรณพาราม | เขตตลิ่งชัน
อนุสาวรีย์ชัยสมรภูมิ (เกาะพหลโยธิน) | เขตพญาไท,44,26,70,32,38,1,44.0,26.0,70.0,32.0,38.0,อนุสาวรีย์ชัยสมรภูมิ (เกาะพหลโยธิน) | เขตพญาไท
สถานีขนส่งผู้โดยสารกรุงเทพฯ(สายใต้เก่า) | เขตตลิ่งชัน,13,57,70,32,38,1,13.0,57.0,70.0,32.0,38.0,สถานีขนส่งผู้โดยสารกรุงเทพฯ(สายใต้เก่า) | เขตตลิ่งช...
SRT จอมทอง | เขตจอมทอง,14,56,70,33,37,6,2.3333333333333335,9.333333333333334,11.666666666666666,5.5,6.166666666666667,SRT จอมทอง | เขตจอมทอง
หมู่บ้านสินธานี 2 | เขตมีนบุรี,40,30,70,38,32,7,5.714285714285714,4.285714285714286,10.0,5.428571428571429,4.571428571428571,หมู่บ้านสินธานี 2 | เขตมีนบุรี
แยกมหานคร | เขตปทุมวัน,43,27,70,36,34,6,7.166666666666667,4.5,11.666666666666666,6.0,5.666666666666667,แยกมหานคร | เขตปทุมวัน
ตรงข้ามโรงพยาบาลเกษมราษฎร์ประชาชื่น | เขตบางซื่อ,57,13,70,40,30,7,8.142857142857142,1.8571428571428572,10.0,5.714285714285714,4.285714285714286,ตรงข้ามโรงพยาบาลเกษมราษฎร์ประชาชื่น | เขตบางซื่อ
ตรงข้ามซอยกรุงเทพ-นนท์ 43 | เขตบางซื่อ,45,25,70,41,29,5,9.0,5.0,14.0,8.2,5.8,ตรงข้ามซอยกรุงเทพ-นนท์ 43 | เขตบางซื่อ
"""วิภาวดีซอย3 | เขตจตุจักร",32,37,69,14,16,2,16.0,18.5,34.5,7.0,8.0,"""วิภาวดีซอย3 | เขตจตุจักร"
แยกถนนระนอง 1-พระราม 5 | เขตดุสิต,40,29,69,40,29,6,6.666666666666667,4.833333333333333,11.5,6.666666666666667,4.833333333333333,แยกถนนระนอง 1-พระราม 5 | เขตดุสิต
BTS วุฒากาศ | เขตธนบุรี,35,34,69,33,36,1,35.0,34.0,69.0,33.0,36.0,BTS วุฒากาศ | เขตธนบุรี
ซอยสาธุประดิษฐ์ 1 | เขตยานนาวา,39,30,69,42,27,4,9.75,7.5,17.25,10.5,6.75,ซอยสาธุประดิษฐ์ 1 | เขตยานนาวา
พุทธมณฑลสาย 3 ซอย 4 | เขตหนองแขม,55,14,69,40,29,7,7.857142857142857,2.0,9.857142857142858,5.714285714285714,4.142857142857143,พุทธมณฑลสาย 3 ซอย 4 | เขตหนองแขม
สหกรณ์เอฟบีที | เขตหนองจอก,46,23,69,41,28,6,7.666666666666667,3.8333333333333335,11.5,6.833333333333333,4.666666666666667,สหกรณ์เอฟบีที | เขตหนองจอก
ซอยนาคนิวาส 13 | เขตวังทองหลาง,36,33,69,39,30,4,9.0,8.25,17.25,9.75,7.5,ซอยนาคนิวาส 13 | เขตวังทองหลาง
"""แยก อ.ส.ม.ท. | เขตห้วยขวาง",31,38,69,13,12,1,31.0,38.0,69.0,13.0,12.0,"""แยก อ.ส.ม.ท. | เขตห้วยขวาง"
แยกนิด้า(ขาออก) | เขตบึงกุ่ม,12,57,69,33,36,10,1.2,5.7,6.9,3.3,3.6,แยกนิด้า(ขาออก) | เขตบึงกุ่ม
ซอยเฉลิมพระเกียรติ 12 | เขตประเวศ,47,22,69,48,21,7,6.714285714285714,3.142857142857143,9.857142857142858,6.857142857142857,3.0,ซอยเฉลิมพระเกียรติ 12 | เขตประเวศ
อู่รถเมล์สาย 139 (ม.รามคำแหง2) | เขตประเวศ,30,39,69,37,32,8,3.75,4.875,8.625,4.625,4.0,อู่รถเมล์สาย 139 (ม.รามคำแหง2) | เขตประเวศ
BRT สาทร | เขตบางรัก,39,29,68,44,24,1,39.0,29.0,68.0,44.0,24.0,BRT สาทร | เขตบางรัก
กม.26 | เขตสายไหม,28,40,68,29,39,8,3.5,5.0,8.5,3.625,4.875,กม.26 | เขตสายไหม
ตรงข้ามหมู่บ้านเพชรเกษม 2 | เขตบางแค,43,25,68,39,29,5,8.6,5.0,13.6,7.8,5.8,ตรงข้ามหมู่บ้านเพชรเกษม 2 | เขตบางแค
SRT อุรุพงษ์ | เขตราชเทวี,17,51,68,42,26,6,2.8333333333333335,8.5,11.333333333333334,7.0,4.333333333333333,SRT อุรุพงษ์ | เขตราชเทวี
หมู่บ้านอนันต์สามัคคี | เขตมีนบุรี,46,22,68,30,38,8,5.75,2.75,8.5,3.75,4.75,หมู่บ้านอนันต์สามัคคี | เขตมีนบุรี
หมู่บ้านเพชรเกษม 4 | เขตหนองแขม,52,16,68,38,30,9,5.777777777777778,1.7777777777777777,7.555555555555555,4.222222222222222,3.3333333333333335,หมู่บ้านเพชรเกษม 4 | เขตหนองแขม
"""แยกกิ่งแก้ว | เขตลาดกระบัง",29,39,68,13,21,2,14.5,19.5,34.0,6.5,10.5,"""แยกกิ่งแก้ว | เขตลาดกระบัง"
พระตำหนักวังสวนกุหลาบ | เขตดุสิต,39,29,68,53,15,5,7.8,5.8,13.6,10.6,3.0,พระตำหนักวังสวนกุหลาบ | เขตดุสิต
"สถาบันบัณฑิตบริหารธุรกิจศศินทร์ , จามจุรี 10 | เขตปทุมวัน",34,34,68,46,22,7,4.857142857142857,4.857142857142857,9.714285714285714,6.571428571428571,3.142857142857143,"สถาบันบัณฑิตบริหารธุรกิจศศินทร์ , จามจุรี 10 | เขตป..."
แยกราษฏร์บูรณะสุขสวัสดิ์ | เขตราษฎร์บูรณะ,35,33,68,43,25,5,7.0,6.6,13.6,8.6,5.0,แยกราษฏร์บูรณะสุขสวัสดิ์ | เขตราษฎร์บูรณะ
ซอยพหลโยธิน 18 | เขตพญาไท,31,36,67,29,38,1,31.0,36.0,67.0,29.0,38.0,ซอยพหลโยธิน 18 | เขตพญาไท
"แยกผ่านฟ้า(ขาเข้า),สถานีตำรวจนครบาลนางเลิ้ง | เขตป้อมปราบศัตรูพ่าย",32,35,67,42,25,7,4.571428571428571,5.0,9.571428571428571,6.0,3.5714285714285716,"แยกผ่านฟ้า(ขาเข้า),สถานีตำรวจนครบาลนางเลิ้ง | เขตป้..."
วัดอรุณ | เขตบางกอกใหญ่,28,39,67,39,28,8,3.5,4.875,8.375,4.875,3.5,วัดอรุณ | เขตบางกอกใหญ่
บริษัท โตโยมิ จำกัด | เขตหนองแขม,25,42,67,44,23,7,3.5714285714285716,6.0,9.571428571428571,6.285714285714286,3.2857142857142856,บริษัท โตโยมิ จำกัด | เขตหนองแขม
ซอยนราธิวาสราชนครินทร์ 18 | เขตยานนาวา,33,34,67,36,31,6,5.5,5.666666666666667,11.166666666666666,6.0,5.166666666666667,ซอยนราธิวาสราชนครินทร์ 18 | เขตยานนาวา
ซอยเอกชัย 104 | เขตบางบอน,39,28,67,42,25,7,5.571428571428571,4.0,9.571428571428571,6.0,3.5714285714285716,ซอยเอกชัย 104 | เขตบางบอน
SRT โรงพยาบาลรามาธิบดี | เขตราชเทวี,28,39,67,46,21,6,4.666666666666667,6.5,11.166666666666666,7.666666666666667,3.5,SRT โรงพยาบาลรามาธิบดี | เขตราชเทวี
ท่าพายัพ (ข้ามฟาก) | เขตดุสิต,20,47,67,49,18,7,2.857142857142857,6.714285714285714,9.571428571428571,7.0,2.5714285714285716,ท่าพายัพ (ข้ามฟาก) | เขตดุสิต
หมู่บ้านกอบแก้ว | เขตทวีวัฒนา,36,31,67,40,27,6,6.0,5.166666666666667,11.166666666666666,6.666666666666667,4.5,หมู่บ้านกอบแก้ว | เขตทวีวัฒนา
ก่อนถีงปากซอยเฉลิมพระเกียรติ 70 | เขตประเวศ,34,33,67,54,13,7,4.857142857142857,4.714285714285714,9.571428571428571,7.714285714285714,1.8571428571428572,ก่อนถีงปากซอยเฉลิมพระเกียรติ 70 | เขตประเวศ
สำนักงานที่ดินกรุงเทพมหานครสาขาพระโขนง | เขตประเวศ,40,27,67,52,15,7,5.714285714285714,3.857142857142857,9.571428571428571,7.428571428571429,2.142857142857143,สำนักงานที่ดินกรุงเทพมหานครสาขาพระโขนง | เขตประเวศ
โรงเรียนวัดลำพะอง(ราษฎร์จำเริญบำรุง) | เขตลาดกระบัง,45,22,67,41,26,6,7.5,3.6666666666666665,11.166666666666666,6.833333333333333,4.333333333333333,โรงเรียนวัดลำพะอง(ราษฎร์จำเริญบำรุง) | เขตลาดกระบัง
โรงเรียนโชคชัย(ถนนสุคนธสวัสดิ์ขาออก) | เขตลาดพร้าว,32,35,67,47,20,6,5.333333333333333,5.833333333333333,11.166666666666666,7.833333333333333,3.3333333333333335,โรงเรียนโชคชัย(ถนนสุคนธสวัสดิ์ขาออก) | เขตลาดพร้าว
พุทธมณฑลสาย 3 ซอย 17/3 | เขตทวีวัฒนา,26,40,66,43,23,9,2.888888888888889,4.444444444444445,7.333333333333333,4.777777777777778,2.5555555555555554,พุทธมณฑลสาย 3 ซอย 17/3 | เขตทวีวัฒนา
MRT คลองเตย | เขตสาทร,36,30,66,37,29,3,12.0,10.0,22.0,12.333333333333334,9.666666666666666,MRT คลองเตย | เขตสาทร
หมู่บ้านลดาวัลย์ | เขตประเวศ,33,33,66,45,21,6,5.5,5.5,11.0,7.5,3.5,หมู่บ้านลดาวัลย์ | เขตประเวศ
สวนลุมพินี | เขตสาทร,33,33,66,41,25,5,6.6,6.6,13.2,8.2,5.0,สวนลุมพินี | เขตสาทร
ซอยรุ่งเพชร(ถนนจันทน์ขาเข้า) | เขตสาทร,34,32,66,39,27,5,6.8,6.4,13.2,7.8,5.4,ซอยรุ่งเพชร(ถนนจันทน์ขาเข้า) | เขตสาทร
โรงเรียนภูมิสมิทธ์ | เขตมีนบุรี,40,26,66,43,23,6,6.666666666666667,4.333333333333333,11.0,7.166666666666667,3.8333333333333335,โรงเรียนภูมิสมิทธ์ | เขตมีนบุรี
วิทยาลัยทักษิณา(ไทยสุริยะเก่า) | เขตคันนายาว,31,35,66,39,27,7,4.428571428571429,5.0,9.428571428571429,5.571428571428571,3.857142857142857,วิทยาลัยทักษิณา(ไทยสุริยะเก่า) | เขตคันนายาว
ราชพฤกษ์ ซอย 17 | เขตตลิ่งชัน,32,34,66,38,28,8,4.0,4.25,8.25,4.75,3.5,ราชพฤกษ์ ซอย 17 | เขตตลิ่งชัน
ซอยคู้บอน 25 | เขตบางเขน,37,29,66,32,34,4,9.25,7.25,16.5,8.0,8.5,ซอยคู้บอน 25 | เขตบางเขน
ท่าพรานนก (วังหลัง) (ข้ามฟาก) | เขตบางกอกน้อย,42,24,66,36,30,1,42.0,24.0,66.0,36.0,30.0,ท่าพรานนก (วังหลัง) (ข้ามฟาก) | เขตบางกอกน้อย
ท่าเรือใต้สะพานพระราม7 | เขตบางพลัด,37,28,65,46,19,7,5.285714285714286,4.0,9.285714285714286,6.571428571428571,2.7142857142857144,ท่าเรือใต้สะพานพระราม7 | เขตบางพลัด
สนามกีฬาการท่าเรือ | เขตคลองเตย,37,28,65,44,21,6,6.166666666666667,4.666666666666667,10.833333333333334,7.333333333333333,3.5,สนามกีฬาการท่าเรือ | เขตคลองเตย
วัดหัวลำโพง | เขตปทุมวัน,35,30,65,34,31,4,8.75,7.5,16.25,8.5,7.75,วัดหัวลำโพง | เขตปทุมวัน
ตรงข้ามห.จ.ก.อุตสาหกรรมพิบูลย์ชัย (น้ำพริกเผาไทยแม่ประนอม) | เขตบางแค,36,29,65,44,21,14,2.5714285714285716,2.0714285714285716,4.642857142857143,3.142857142857143,1.5,ตรงข้ามห.จ.ก.อุตสาหกรรมพิบูลย์ชัย (น้ำพริกเผาไทยแม่...
ตรงข้ามวัดช่องนนทรี | เขตยานนาวา,34,31,65,39,26,5,6.8,6.2,13.0,7.8,5.2,ตรงข้ามวัดช่องนนทรี | เขตยานนาวา
แยกท่าพระตรงข้ามโรงเรียนประสาทวิทยาอนุชน | เขตบางกอกใหญ่,45,20,65,35,30,6,7.5,3.3333333333333335,10.833333333333334,5.833333333333333,5.0,แยกท่าพระตรงข้ามโรงเรียนประสาทวิทยาอนุชน | เขตบางกอ...
พระราม 9 ซอย 49 | เขตบางกะปิ,31,34,65,35,30,4,7.75,8.5,16.25,8.75,7.5,พระราม 9 ซอย 49 | เขตบางกะปิ
"""ซอยบรมราชชนนี 35 | เขตตลิ่งชัน",33,32,65,15,12,2,16.5,16.0,32.5,7.5,6.0,"""ซอยบรมราชชนนี 35 | เขตตลิ่งชัน"
หมู่บ้านเปี่ยมสุข | เขตบึงกุ่ม,38,27,65,41,24,6,6.333333333333333,4.5,10.833333333333334,6.833333333333333,4.0,หมู่บ้านเปี่ยมสุข | เขตบึงกุ่ม
ตรงข้ามซอยสงวนสุข | เขตดุสิต,34,31,65,36,29,4,8.5,7.75,16.25,9.0,7.25,ตรงข้ามซอยสงวนสุข | เขตดุสิต
พุทธมณฑลสาย 2 ซอย 12 | เขตบางแค,33,31,64,41,23,5,6.6,6.2,12.8,8.2,4.6,พุทธมณฑลสาย 2 ซอย 12 | เขตบางแค
"""วัดน้อย | เขตบางซื่อ",28,36,64,10,6,2,14.0,18.0,32.0,5.0,3.0,"""วัดน้อย | เขตบางซื่อ"
ตรงข้ามบรรจงทรัพย์ | เขตบางแค,34,30,64,33,31,6,5.666666666666667,5.0,10.666666666666666,5.5,5.166666666666667,ตรงข้ามบรรจงทรัพย์ | เขตบางแค
หมู่บ้านสินวงค์การ์เด้น | เขตหนองแขม,49,15,64,45,19,8,6.125,1.875,8.0,5.625,2.375,หมู่บ้านสินวงค์การ์เด้น | เขตหนองแขม
ตรงข้ามโรงเรียนกรพิทักษ์ศึกษา | เขตหนองแขม,34,30,64,42,22,7,4.857142857142857,4.285714285714286,9.142857142857142,6.0,3.142857142857143,ตรงข้ามโรงเรียนกรพิทักษ์ศึกษา | เขตหนองแขม
หมู่บ้านศิริเกษม | เขตบางแค,43,21,64,37,27,6,7.166666666666667,3.5,10.666666666666666,6.166666666666667,4.5,หมู่บ้านศิริเกษม | เขตบางแค
"สถาบันนิด้า,มหาวิทยาลัยนิด้า | เขตบึงกุ่ม",44,20,64,37,27,5,8.8,4.0,12.8,7.4,5.4,"สถาบันนิด้า,มหาวิทยาลัยนิด้า | เขตบึงกุ่ม"
ซอยฟาร์มวัฒนา | เขตคลองเตย,40,24,64,45,19,7,5.714285714285714,3.4285714285714284,9.142857142857142,6.428571428571429,2.7142857142857144,ซอยฟาร์มวัฒนา | เขตคลองเตย
ปั๊มน้ำมันสยามสหบริการจำกัด(มหาชน) | เขตราษฎร์บูรณะ,38,26,64,39,25,6,6.333333333333333,4.333333333333333,10.666666666666666,6.5,4.166666666666667,ปั๊มน้ำมันสยามสหบริการจำกัด(มหาชน) | เขตราษฎร์บูรณะ
ท่าคลองเตย (ข้ามฟาก) | เขตคลองเตย,15,49,64,39,25,7,2.142857142857143,7.0,9.142857142857142,5.571428571428571,3.5714285714285716,ท่าคลองเตย (ข้ามฟาก) | เขตคลองเตย
หมู่บ้านประภาทรัพย์2ตรงข้ามหมู่บ้านบุรีรมย์ | เขตคลองสามวา,40,24,64,38,26,5,8.0,4.8,12.8,7.6,5.2,หมู่บ้านประภาทรัพย์2ตรงข้ามหมู่บ้านบุรีรมย์ | เขตคล...
SRT บางระมาด | เขตตลิ่งชัน,31,32,63,18,45,6,5.166666666666667,5.333333333333333,10.5,3.0,7.5,SRT บางระมาด | เขตตลิ่งชัน
ซอยหมู่บ้านเสรีอ่อนนุช | เขตประเวศ,38,25,63,35,28,4,9.5,6.25,15.75,8.75,7.0,ซอยหมู่บ้านเสรีอ่อนนุช | เขตประเวศ
ท่าสาทร (ข้ามฟาก) | เขตบางรัก,20,43,63,30,33,7,2.857142857142857,6.142857142857143,9.0,4.285714285714286,4.714285714285714,ท่าสาทร (ข้ามฟาก) | เขตบางรัก
"""ซอยลาดพร้าว 12 | เขตจตุจักร",28,35,63,11,15,2,14.0,17.5,31.5,5.5,7.5,"""ซอยลาดพร้าว 12 | เขตจตุจักร"
ตรงข้ามมหาวิทยาลัยกรุงเทพกล้วยน้ำไท | เขตคลองเตย,37,26,63,37,26,6,6.166666666666667,4.333333333333333,10.5,6.166666666666667,4.333333333333333,ตรงข้ามมหาวิทยาลัยกรุงเทพกล้วยน้ำไท | เขตคลองเตย
ร้านของเล่นซัคเซสทอยส์ | เขตหนองแขม,28,35,63,39,24,7,4.0,5.0,9.0,5.571428571428571,3.4285714285714284,ร้านของเล่นซัคเซสทอยส์ | เขตหนองแขม
"""ซอยรามคำแหง 61 | เขตบางกะปิ",27,36,63,10,14,2,13.5,18.0,31.5,5.0,7.0,"""ซอยรามคำแหง 61 | เขตบางกะปิ"
สวนธนบุรีรมย์ | เขตทุ่งครุ,37,25,62,40,22,5,7.4,5.0,12.4,8.0,4.4,สวนธนบุรีรมย์ | เขตทุ่งครุ
ร้านครัวจับฉ่าย | เขตตลิ่งชัน,20,42,62,54,8,12,1.6666666666666667,3.5,5.166666666666667,4.5,0.6666666666666666,ร้านครัวจับฉ่าย | เขตตลิ่งชัน
ตรงข้ามซอยสินทรัพย์ | เขตดุสิต,34,28,62,34,28,6,5.666666666666667,4.666666666666667,10.333333333333334,5.666666666666667,4.666666666666667,ตรงข้ามซอยสินทรัพย์ | เขตดุสิต
ไดนาสติ้(ถนนลาดพร้าวขาเข้า) | เขตวังทองหลาง,35,27,62,32,30,6,5.833333333333333,4.5,10.333333333333334,5.333333333333333,5.0,ไดนาสติ้(ถนนลาดพร้าวขาเข้า) | เขตวังทองหลาง
สจล.(สถาปัตย์/วิศวะ) | เขตลาดกระบัง,40,22,62,38,24,5,8.0,4.4,12.4,7.6,4.8,สจล.(สถาปัตย์/วิศวะ) | เขตลาดกระบัง
ซอยเฉลิมพระเกียรติ 35 | เขตประเวศ,36,26,62,41,21,6,6.0,4.333333333333333,10.333333333333334,6.833333333333333,3.5,ซอยเฉลิมพระเกียรติ 35 | เขตประเวศ
สำนักงาน ป.ป.ส. | เขตราชเทวี,38,24,62,32,30,1,38.0,24.0,62.0,32.0,30.0,สำนักงาน ป.ป.ส. | เขตราชเทวี
ซอยสุขุมวิท 34 | เขตคลองเตย,37,25,62,29,33,4,9.25,6.25,15.5,7.25,8.25,ซอยสุขุมวิท 34 | เขตคลองเตย
ซอยสุคนธสวัสดิ์ 38 | เขตลาดพร้าว,33,29,62,39,23,6,5.5,4.833333333333333,10.333333333333334,6.5,3.8333333333333335,ซอยสุคนธสวัสดิ์ 38 | เขตลาดพร้าว
ท่าปล่อยรถ เทเวศร์ (72) | เขตดุสิต,34,28,62,42,20,6,5.666666666666667,4.666666666666667,10.333333333333334,7.0,3.3333333333333335,ท่าปล่อยรถ เทเวศร์ (72) | เขตดุสิต
โรงเรียนม้วนบำรุงศิลป์บ้านกลางเมือง | เขตลาดพร้าว,38,24,62,43,19,7,5.428571428571429,3.4285714285714284,8.857142857142858,6.142857142857143,2.7142857142857144,โรงเรียนม้วนบำรุงศิลป์บ้านกลางเมือง | เขตลาดพร้าว
สำนักงานอัยการจังหวัดตลิ่งชัน | เขตตลิ่งชัน,37,25,62,43,19,8,4.625,3.125,7.75,5.375,2.375,สำนักงานอัยการจังหวัดตลิ่งชัน | เขตตลิ่งชัน
ตรงข้ามวัดบำรุงรื่น | เขตลาดกระบัง,42,20,62,40,22,6,7.0,3.3333333333333335,10.333333333333334,6.666666666666667,3.6666666666666665,ตรงข้ามวัดบำรุงรื่น | เขตลาดกระบัง
BTS วงเวียนใหญ่(ทางออก2) | เขตธนบุรี,28,34,62,32,30,3,9.333333333333334,11.333333333333334,20.666666666666668,10.666666666666666,10.0,BTS วงเวียนใหญ่(ทางออก2) | เขตธนบุรี
ตรงข้ามหมู่บ้านสุนทร 7 | เขตบางบอน,32,29,61,33,28,5,6.4,5.8,12.2,6.6,5.6,ตรงข้ามหมู่บ้านสุนทร 7 | เขตบางบอน
ตรงข้ามโรงพยาบาลยันฮี | เขตบางพลัด,27,34,61,37,24,6,4.5,5.666666666666667,10.166666666666666,6.166666666666667,4.0,ตรงข้ามโรงพยาบาลยันฮี | เขตบางพลัด
แยกบรมราชชนนี (ขาเข้า) | เขตบางกอกน้อย,21,40,61,24,37,2,10.5,20.0,30.5,12.0,18.5,แยกบรมราชชนนี (ขาเข้า) | เขตบางกอกน้อย
ชวนชื่น(ขาเข้า) | เขตลาดพร้าว,35,26,61,35,26,6,5.833333333333333,4.333333333333333,10.166666666666666,5.833333333333333,4.333333333333333,ชวนชื่น(ขาเข้า) | เขตลาดพร้าว
ศูนย์อีซูซุ(ตรงข้ามซอยอายิโนโมโต๊ะ) | เขตทุ่งครุ,33,28,61,27,34,6,5.5,4.666666666666667,10.166666666666666,4.5,5.666666666666667,ศูนย์อีซูซุ(ตรงข้ามซอยอายิโนโมโต๊ะ) | เขตทุ่งครุ
"""สำนักงานทรัพย์สินส่วนพระมหากษัตริย์ | เขตดุสิต",36,25,61,18,0,2,18.0,12.5,30.5,9.0,0.0,"""สำนักงานทรัพย์สินส่วนพระมหากษัตริย์ | เขตดุสิต"
ซอยรามคำแหง 162 | เขตมีนบุรี,26,35,61,41,20,7,3.7142857142857144,5.0,8.714285714285714,5.857142857142857,2.857142857142857,ซอยรามคำแหง 162 | เขตมีนบุรี
"""คอนโดลุมพินี | เขตคันนายาว",30,31,61,13,11,2,15.0,15.5,30.5,6.5,5.5,"""คอนโดลุมพินี | เขตคันนายาว"
ชินเขตน์ 2 | เขตจตุจักร,27,34,61,39,22,5,5.4,6.8,12.2,7.8,4.4,ชินเขตน์ 2 | เขตจตุจักร
"ตรงข้ามเทสโก้โลตัสหนองจอก,สำนักงานสรรพากรหนองจอก,บ.ส.เชื่อมสัมพันธิ์ | เขตหนองจอก",41,20,61,33,28,6,6.833333333333333,3.3333333333333335,10.166666666666666,5.5,4.666666666666667,"ตรงข้ามเทสโก้โลตัสหนองจอก,สำนักงานสรรพากรหนองจอก,บ...."
แยกสุทธิสาร(ถนนวิภาวดีรังสิตขาออก) | เขตดินแดง,27,34,61,30,31,2,13.5,17.0,30.5,15.0,15.5,แยกสุทธิสาร(ถนนวิภาวดีรังสิตขาออก) | เขตดินแดง
"เพลินจิตเซ็นเตอร์,ซอยนานา | เขตปทุมวัน",32,28,60,33,27,3,10.666666666666666,9.333333333333334,20.0,11.0,9.0,"เพลินจิตเซ็นเตอร์,ซอยนานา | เขตปทุมวัน"
แยกประดิพัทธ์(ตรงข้ามซอย43) | เขตพญาไท,31,29,60,29,31,7,4.428571428571429,4.142857142857143,8.571428571428571,4.142857142857143,4.428571428571429,แยกประดิพัทธ์(ตรงข้ามซอย43) | เขตพญาไท
ซอยรุ่งเพชร(ถนนจันทน์ขาเข้า) | เขตยานนาวา,31,29,60,36,24,4,7.75,7.25,15.0,9.0,6.0,ซอยรุ่งเพชร(ถนนจันทน์ขาเข้า) | เขตยานนาวา
"ร้านอาหารลูกชิ้นปลาโบราณแสงเทียน,โฮอินวัน | เขตบึงกุ่ม",45,15,60,42,18,8,5.625,1.875,7.5,5.25,2.25,"ร้านอาหารลูกชิ้นปลาโบราณแสงเทียน,โฮอินวัน | เขตบึงก..."
"พุทธมณฑลสาย 2 ซอย21/1,หมู่บ้านกอบแก้ว | เขตทวีวัฒนา",43,17,60,39,21,10,4.3,1.7,6.0,3.9,2.1,"พุทธมณฑลสาย 2 ซอย21/1,หมู่บ้านกอบแก้ว | เขตทวีวัฒนา"
ท่าเทเวศร์ (ข้ามฟาก) | เขตดุสิต,19,41,60,33,27,5,3.8,8.2,12.0,6.6,5.4,ท่าเทเวศร์ (ข้ามฟาก) | เขตดุสิต
กระทรวงการต่างประเทศ | เขตราชเทวี,42,18,60,50,10,7,6.0,2.5714285714285716,8.571428571428571,7.142857142857143,1.4285714285714286,กระทรวงการต่างประเทศ | เขตราชเทวี
ซอยประชาอุทิศ 24 | เขตราษฎร์บูรณะ,39,21,60,41,19,6,6.5,3.5,10.0,6.833333333333333,3.1666666666666665,ซอยประชาอุทิศ 24 | เขตราษฎร์บูรณะ
สถานเสาวภา | เขตบางรัก,31,29,60,37,23,4,7.75,7.25,15.0,9.25,5.75,สถานเสาวภา | เขตบางรัก
ชุมชนสะฮาดะห์ซอย 26 | เขตสะพานสูง,41,19,60,37,23,9,4.555555555555555,2.111111111111111,6.666666666666667,4.111111111111111,2.5555555555555554,ชุมชนสะฮาดะห์ซอย 26 | เขตสะพานสูง
กองพันทหารม้าที่ 3 รักษาพระองค์ฯ | เขตดุสิต,22,38,60,41,19,6,3.6666666666666665,6.333333333333333,10.0,6.833333333333333,3.1666666666666665,กองพันทหารม้าที่ 3 รักษาพระองค์ฯ | เขตดุสิต
สนามหลวง(กรมศิลปากร) | เขตพระนคร,25,35,60,33,27,8,3.125,4.375,7.5,4.125,3.375,สนามหลวง(กรมศิลปากร) | เขตพระนคร
วัชรพลอะไหล่ | เขตบางเขน,39,21,60,31,29,5,7.8,4.2,12.0,6.2,5.8,วัชรพลอะไหล่ | เขตบางเขน
SRT พรมแดน | เขตบางบอน,24,36,60,28,32,6,4.0,6.0,10.0,4.666666666666667,5.333333333333333,SRT พรมแดน | เขตบางบอน
บรมราชชนนี 12 | เขตบางกอกน้อย,35,25,60,30,30,2,17.5,12.5,30.0,15.0,15.0,บรมราชชนนี 12 | เขตบางกอกน้อย
ตรงข้ามไทยน้ำทิพย์ | เขตบางคอแหลม,35,25,60,38,22,7,5.0,3.5714285714285716,8.571428571428571,5.428571428571429,3.142857142857143,ตรงข้ามไทยน้ำทิพย์ | เขตบางคอแหลม
เจริญราษฎร์ 7 แยก 35-4 | เขตบางคอแหลม,26,34,60,31,29,4,6.5,8.5,15.0,7.75,7.25,เจริญราษฎร์ 7 แยก 35-4 | เขตบางคอแหลม
สวนลุมพินี | เขตปทุมวัน,35,25,60,33,27,4,8.75,6.25,15.0,8.25,6.75,สวนลุมพินี | เขตปทุมวัน
สถานีตำรวจคันนายาว | เขตบางเขน,33,27,60,33,27,5,6.6,5.4,12.0,6.6,5.4,สถานีตำรวจคันนายาว | เขตบางเขน
ตรงข้ามวิคตอเรียการ์เด้น | เขตบางแค,41,19,60,30,30,5,8.2,3.8,12.0,6.0,6.0,ตรงข้ามวิคตอเรียการ์เด้น | เขตบางแค
"อมรชัย 4,บริษัท เซ็นทรัลกลาส จำกัด | เขตบางขุนเทียน",20,39,59,36,23,5,4.0,7.8,11.8,7.2,4.6,"อมรชัย 4,บริษัท เซ็นทรัลกลาส จำกัด | เขตบางขุนเทียน"
แยกชักพระ(ธนาคารออมสิน) | เขตตลิ่งชัน,28,31,59,32,27,4,7.0,7.75,14.75,8.0,6.75,แยกชักพระ(ธนาคารออมสิน) | เขตตลิ่งชัน
"""ตรงข้ามธนาคารกสิกรไทย | เขตวัฒนา",24,35,59,11,10,2,12.0,17.5,29.5,5.5,5.0,"""ตรงข้ามธนาคารกสิกรไทย | เขตวัฒนา"
ท่ารถสาย 159 ชักพระ(ซอยชักพระ15) | เขตบางกอกน้อย,17,42,59,38,21,6,2.8333333333333335,7.0,9.833333333333334,6.333333333333333,3.5,ท่ารถสาย 159 ชักพระ(ซอยชักพระ15) | เขตบางกอกน้อย
SRT บ้านทับช้าง | เขตประเวศ,19,40,59,39,20,4,4.75,10.0,14.75,9.75,5.0,SRT บ้านทับช้าง | เขตประเวศ
ตรงข้ามซาฟารีเวิลด์ | เขตคลองสามวา,38,21,59,36,23,7,5.428571428571429,3.0,8.428571428571429,5.142857142857143,3.2857142857142856,ตรงข้ามซาฟารีเวิลด์ | เขตคลองสามวา
ตรงข้ามแยกประชาพัฒนา | เขตลาดกระบัง,29,30,59,38,21,5,5.8,6.0,11.8,7.6,4.2,ตรงข้ามแยกประชาพัฒนา | เขตลาดกระบัง
ตรงข้ามโรงพยาบาลสัตว์สวนหลวง | เขตประเวศ,33,26,59,45,14,6,5.5,4.333333333333333,9.833333333333334,7.5,2.3333333333333335,ตรงข้ามโรงพยาบาลสัตว์สวนหลวง | เขตประเวศ
"สะพาน 3 สะพาน 4,ธนาคารศรีอยุธยา | เขตยานนาวา",33,26,59,31,28,6,5.5,4.333333333333333,9.833333333333334,5.166666666666667,4.666666666666667,"สะพาน 3 สะพาน 4,ธนาคารศรีอยุธยา | เขตยานนาวา"
"""ธนาคารกรุงไทย | เขตบางเขน",26,32,58,9,7,2,13.0,16.0,29.0,4.5,3.5,"""ธนาคารกรุงไทย | เขตบางเขน"
MRT จตุจักร (MRT สายสีแดง) | เขตจตุจักร,39,19,58,37,21,7,5.571428571428571,2.7142857142857144,8.285714285714286,5.285714285714286,3.0,MRT จตุจักร (MRT สายสีแดง) | เขตจตุจักร
"สรรพากรบึงกุ่ม,ตรงข้ามสวนสยาม | เขตคันนายาว",36,22,58,38,20,5,7.2,4.4,11.6,7.6,4.0,"สรรพากรบึงกุ่ม,ตรงข้ามสวนสยาม | เขตคันนายาว"
มหาวิทยาลัยราชภัฏพระนคร | เขตหลักสี่,28,30,58,42,16,3,9.333333333333334,10.0,19.333333333333332,14.0,5.333333333333333,มหาวิทยาลัยราชภัฏพระนคร | เขตหลักสี่
มหาวิทยาลัยเทคโนโลยีมหานคร | เขตหนองจอก,40,18,58,35,23,4,10.0,4.5,14.5,8.75,5.75,มหาวิทยาลัยเทคโนโลยีมหานคร | เขตหนองจอก
ตรงข้ามเอสพลานาดรัชดาภิเษก | เขตดินแดง,31,27,58,28,30,2,15.5,13.5,29.0,14.0,15.0,ตรงข้ามเอสพลานาดรัชดาภิเษก | เขตดินแดง
ท่าปล่อยรถ ท่าราชวรดิษฐ์ (25 508) | เขตพระนคร,31,27,58,26,32,6,5.166666666666667,4.5,9.666666666666666,4.333333333333333,5.333333333333333,ท่าปล่อยรถ ท่าราชวรดิษฐ์ (25 508) | เขตพระนคร
สถานเสาวภา | เขตปทุมวัน,29,29,58,33,25,4,7.25,7.25,14.5,8.25,6.25,สถานเสาวภา | เขตปทุมวัน
เศรษฐกิจ 19 โรงเรียนภูมิสุขศึกษา | เขตบางแค,32,26,58,33,25,7,4.571428571428571,3.7142857142857144,8.285714285714286,4.714285714285714,3.5714285714285716,เศรษฐกิจ 19 โรงเรียนภูมิสุขศึกษา | เขตบางแค
ท่าเรือเพชรเกษม 31 | เขตภาษีเจริญ,24,34,58,37,21,7,3.4285714285714284,4.857142857142857,8.285714285714286,5.285714285714286,3.0,ท่าเรือเพชรเกษม 31 | เขตภาษีเจริญ
ตรงข้ามโรงเรียนปัญจทรัพย์ | เขตดินแดง,35,23,58,35,23,4,8.75,5.75,14.5,8.75,5.75,ตรงข้ามโรงเรียนปัญจทรัพย์ | เขตดินแดง
ตรงข้ามชุมชนเกาะจวน | เขตคันนายาว,40,18,58,39,19,7,5.714285714285714,2.5714285714285716,8.285714285714286,5.571428571428571,2.7142857142857144,ตรงข้ามชุมชนเกาะจวน | เขตคันนายาว
"""ตรงข้ามโรงเรียนไผทอุดม | เขตหลักสี่",31,26,57,17,9,2,15.5,13.0,28.5,8.5,4.5,"""ตรงข้ามโรงเรียนไผทอุดม | เขตหลักสี่"
ตรงข้ามทองฤทธิ์พลาสติก | เขตมีนบุรี,36,21,57,31,26,6,6.0,3.5,9.5,5.166666666666667,4.333333333333333,ตรงข้ามทองฤทธิ์พลาสติก | เขตมีนบุรี
"""โรงหนังธนบุรีรามา | เขตบางพลัด",26,31,57,12,8,2,13.0,15.5,28.5,6.0,4.0,"""โรงหนังธนบุรีรามา | เขตบางพลัด"
SRT รางโพธิ์ | เขตบางบอน,32,25,57,31,26,6,5.333333333333333,4.166666666666667,9.5,5.166666666666667,4.333333333333333,SRT รางโพธิ์ | เขตบางบอน
ซอยสุขุมวิท 40(ยูเนสโก้) | เขตวัฒนา,27,30,57,28,29,4,6.75,7.5,14.25,7.0,7.25,ซอยสุขุมวิท 40(ยูเนสโก้) | เขตวัฒนา
"หมู่บ้านซื่อตรง(สุวินทวงศ์),โรงเรียนนายเรือ | เขตหนองจอก",29,28,57,41,16,5,5.8,5.6,11.4,8.2,3.2,"หมู่บ้านซื่อตรง(สุวินทวงศ์),โรงเรียนนายเรือ | เขตหน..."
แยกบางนา(ขาออกป้ายที่1) | เขตบางนา,37,20,57,32,25,4,9.25,5.0,14.25,8.0,6.25,แยกบางนา(ขาออกป้ายที่1) | เขตบางนา
กรมทหารสื่อสาร(ขาออก) | เขตดุสิต,14,43,57,36,21,6,2.3333333333333335,7.166666666666667,9.5,6.0,3.5,กรมทหารสื่อสาร(ขาออก) | เขตดุสิต
อู่พุทธมณฑลสาย 2 | เขตบางแค,23,33,56,34,22,6,3.8333333333333335,5.5,9.333333333333334,5.666666666666667,3.6666666666666665,อู่พุทธมณฑลสาย 2 | เขตบางแค
SRT การเคหะ | เขตบางขุนเทียน,28,28,56,26,30,2,14.0,14.0,28.0,13.0,15.0,SRT การเคหะ | เขตบางขุนเทียน
ตรงข้ามครัวจับฉ่าย | เขตตลิ่งชัน,19,37,56,50,6,10,1.9,3.7,5.6,5.0,0.6,ตรงข้ามครัวจับฉ่าย | เขตตลิ่งชัน
"ปากซอยคู้บอน กม.8,ตรงข้ามธนาคารไทยพาณิชย์ สาขาคู้บอน | เขตคันนายาว",29,27,56,36,20,6,4.833333333333333,4.5,9.333333333333334,6.0,3.3333333333333335,"ปากซอยคู้บอน กม.8,ตรงข้ามธนาคารไทยพาณิชย์ สาขาคู้บอ..."
กรมยุทธบริการ | เขตบางซื่อ,30,26,56,31,25,5,6.0,5.2,11.2,6.2,5.0,กรมยุทธบริการ | เขตบางซื่อ
โรงเรียนโสมาภา(ตรงข้ามหมู่บ้านชวนชื่น) | เขตสะพานสูง,32,24,56,47,9,3,10.666666666666666,8.0,18.666666666666668,15.666666666666666,3.0,โรงเรียนโสมาภา(ตรงข้ามหมู่บ้านชวนชื่น) | เขตสะพานสูง
หมู่บ้านรุ่งกิจ | เขตบางกะปิ,28,28,56,33,23,3,9.333333333333334,9.333333333333334,18.666666666666668,11.0,7.666666666666667,หมู่บ้านรุ่งกิจ | เขตบางกะปิ
"วัดเลียบ,ซอยวงศ์สว่าง 21 | เขตบางซื่อ",34,22,56,29,27,4,8.5,5.5,14.0,7.25,6.75,"วัดเลียบ,ซอยวงศ์สว่าง 21 | เขตบางซื่อ"
สจล.(คณะเทคโนโลยีสารสนเทศ) | เขตลาดกระบัง,31,25,56,36,20,6,5.166666666666667,4.166666666666667,9.333333333333334,6.0,3.3333333333333335,สจล.(คณะเทคโนโลยีสารสนเทศ) | เขตลาดกระบัง
มหาวิทยาลัยเกษมบัณฑิต(ถนนพระราม9ขาเข้า) | เขตสวนหลวง,34,22,56,34,22,6,5.666666666666667,3.6666666666666665,9.333333333333334,5.666666666666667,3.6666666666666665,มหาวิทยาลัยเกษมบัณฑิต(ถนนพระราม9ขาเข้า) | เขตสวนหลวง
"วัดธรรมาภิรตาราม,ตรงข้ามวัดสะพานสูง | เขตบางซื่อ",28,28,56,28,28,3,9.333333333333334,9.333333333333334,18.666666666666668,9.333333333333334,9.333333333333334,"วัดธรรมาภิรตาราม,ตรงข้ามวัดสะพานสูง | เขตบางซื่อ"
ตลาดโพธิ์สุวรรณ์(ขาออก) | เขตบึงกุ่ม,27,28,55,25,30,7,3.857142857142857,4.0,7.857142857142857,3.5714285714285716,4.285714285714286,ตลาดโพธิ์สุวรรณ์(ขาออก) | เขตบึงกุ่ม
"""ซอยสาธุประดิษฐ์ 57 | เขตยานนาวา",26,29,55,10,10,2,13.0,14.5,27.5,5.0,5.0,"""ซอยสาธุประดิษฐ์ 57 | เขตยานนาวา"
ซอยเอกชัย 33 แยก 1 | เขตบางบอน,13,42,55,35,20,8,1.625,5.25,6.875,4.375,2.5,ซอยเอกชัย 33 แยก 1 | เขตบางบอน
บ้านนายพลกฤษณ์ | เขตหนองแขม,34,21,55,33,22,5,6.8,4.2,11.0,6.6,4.4,บ้านนายพลกฤษณ์ | เขตหนองแขม
SRT หัวตะเข้ | เขตลาดกระบัง,6,49,55,30,25,7,0.8571428571428571,7.0,7.857142857142857,4.285714285714286,3.5714285714285716,SRT หัวตะเข้ | เขตลาดกระบัง
ตลาดเพชรเกษม | เขตหนองแขม,40,15,55,29,26,5,8.0,3.0,11.0,5.8,5.2,ตลาดเพชรเกษม | เขตหนองแขม
พุทธมณฑลสาย 3 | เขตทวีวัฒนา,30,25,55,32,23,4,7.5,6.25,13.75,8.0,5.75,พุทธมณฑลสาย 3 | เขตทวีวัฒนา
"ตลาดบางคอแหลม,เชิงสะพานกรุงเทพฝั่งพระนคร(แยกถนนตก) | เขตบางคอแหลม",37,18,55,31,24,3,12.333333333333334,6.0,18.333333333333332,10.333333333333334,8.0,"ตลาดบางคอแหลม,เชิงสะพานกรุงเทพฝั่งพระนคร(แยกถนนตก) ..."
ตรงข้ามโรงเรียนสุรศักดิ์มนตรี | เขตดินแดง,25,30,55,38,17,4,6.25,7.5,13.75,9.5,4.25,ตรงข้ามโรงเรียนสุรศักดิ์มนตรี | เขตดินแดง
ตรงข้ามอัมพวัน | เขตดุสิต,27,28,55,31,24,5,5.4,5.6,11.0,6.2,4.8,ตรงข้ามอัมพวัน | เขตดุสิต
"ขส.ทบ.,สะพานแดง | เขตดุสิต",36,19,55,34,21,5,7.2,3.8,11.0,6.8,4.2,"ขส.ทบ.,สะพานแดง | เขตดุสิต"
"""ซอยลาดพร้าว 15 | เขตจตุจักร",25,29,54,10,7,2,12.5,14.5,27.0,5.0,3.5,"""ซอยลาดพร้าว 15 | เขตจตุจักร"
ตรงข้ามวัดคู้บอน | เขตคลองสามวา,26,28,54,44,10,5,5.2,5.6,10.8,8.8,2.0,ตรงข้ามวัดคู้บอน | เขตคลองสามวา
โรงเรียนโชคชัย(ถนนสุคนธสวัสดิ์ขาเข้า) | เขตลาดพร้าว,24,30,54,35,19,6,4.0,5.0,9.0,5.833333333333333,3.1666666666666665,โรงเรียนโชคชัย(ถนนสุคนธสวัสดิ์ขาเข้า) | เขตลาดพร้าว
โรงเรียนสุจินณ์วดี 2 | เขตภาษีเจริญ,11,42,53,32,21,6,1.8333333333333333,7.0,8.833333333333334,5.333333333333333,3.5,โรงเรียนสุจินณ์วดี 2 | เขตภาษีเจริญ
"""ศูนย์ฟอร์ดบรมราชชนนี | เขตบางพลัด",25,28,53,9,11,2,12.5,14.0,26.5,4.5,5.5,"""ศูนย์ฟอร์ดบรมราชชนนี | เขตบางพลัด"
บางบอน 3 ซอย 6/5 | เขตบางบอน,25,28,53,40,13,6,4.166666666666667,4.666666666666667,8.833333333333334,6.666666666666667,2.1666666666666665,บางบอน 3 ซอย 6/5 | เขตบางบอน
ป.ศิลาอ่อน | เขตบางกะปิ,25,28,53,34,19,7,3.5714285714285716,4.0,7.571428571428571,4.857142857142857,2.7142857142857144,ป.ศิลาอ่อน | เขตบางกะปิ
บ้านพักคนชราบางแค | เขตภาษีเจริญ,29,24,53,33,20,5,5.8,4.8,10.6,6.6,4.0,บ้านพักคนชราบางแค | เขตภาษีเจริญ
MRT สามยอด | เขตป้อมปราบศัตรูพ่าย,26,27,53,28,25,3,8.666666666666666,9.0,17.666666666666668,9.333333333333334,8.333333333333334,MRT สามยอด | เขตป้อมปราบศัตรูพ่าย
"""ศูนย์การค้าหนองแขม | เขตหนองแขม",27,26,53,10,5,2,13.5,13.0,26.5,5.0,2.5,"""ศูนย์การค้าหนองแขม | เขตหนองแขม"
ใต้ทางด่วนลาดพร้าว 71 | เขตวังทองหลาง,24,29,53,35,18,4,6.0,7.25,13.25,8.75,4.5,ใต้ทางด่วนลาดพร้าว 71 | เขตวังทองหลาง
ตรงข้ามโรงเรียนวัดชิโนรส | เขตบางกอกน้อย,39,14,53,31,22,5,7.8,2.8,10.6,6.2,4.4,ตรงข้ามโรงเรียนวัดชิโนรส | เขตบางกอกน้อย
เมเจอร์พระประแดง(ต่างระดับวงแหวนอุตสาหกรรม) | เขตราษฎร์บูรณะ,19,34,53,32,21,6,3.1666666666666665,5.666666666666667,8.833333333333334,5.333333333333333,3.5,เมเจอร์พระประแดง(ต่างระดับวงแหวนอุตสาหกรรม) | เขตรา...
ตรงข้ามซอยสวนสยาม 14(หมู่บ้านเก้าแสน) | เขตคันนายาว,30,23,53,33,20,5,6.0,4.6,10.6,6.6,4.0,ตรงข้ามซอยสวนสยาม 14(หมู่บ้านเก้าแสน) | เขตคันนายาว
ตรงข้ามบิ๊กซีร่มเกล้า | เขตมีนบุรี,26,27,53,36,17,6,4.333333333333333,4.5,8.833333333333334,6.0,2.8333333333333335,ตรงข้ามบิ๊กซีร่มเกล้า | เขตมีนบุรี
ท่าพระจันทร์ (ข้ามฟาก) | เขตพระนคร,9,44,53,33,20,6,1.5,7.333333333333333,8.833333333333334,5.5,3.3333333333333335,ท่าพระจันทร์ (ข้ามฟาก) | เขตพระนคร
พุทธมณฑลสาย 3 ซอย 18/4 | เขตทวีวัฒนา,39,14,53,40,13,8,4.875,1.75,6.625,5.0,1.625,พุทธมณฑลสาย 3 ซอย 18/4 | เขตทวีวัฒนา
"""วงเวียนใหญ่ | เขตคลองสาน",23,30,53,10,14,1,23.0,30.0,53.0,10.0,14.0,"""วงเวียนใหญ่ | เขตคลองสาน"
ซอยบรมราชชนนี 52 | เขตตลิ่งชัน,33,20,53,37,16,7,4.714285714285714,2.857142857142857,7.571428571428571,5.285714285714286,2.2857142857142856,ซอยบรมราชชนนี 52 | เขตตลิ่งชัน
หมู่บ้านภาสกร 2 | เขตบางบอน,29,24,53,32,21,6,4.833333333333333,4.0,8.833333333333334,5.333333333333333,3.5,หมู่บ้านภาสกร 2 | เขตบางบอน
"โค้วยู่ฮะอีซูซุเซลส์,หมู่บ้านกฤษณาร่มเกล้า | เขตมีนบุรี",33,19,52,32,20,7,4.714285714285714,2.7142857142857144,7.428571428571429,4.571428571428571,2.857142857142857,"โค้วยู่ฮะอีซูซุเซลส์,หมู่บ้านกฤษณาร่มเกล้า | เขตมีน..."
แยกร่มเกล้า-ลาดกระบัง(ขาออก) | เขตลาดกระบัง,27,25,52,31,21,5,5.4,5.0,10.4,6.2,4.2,แยกร่มเกล้า-ลาดกระบัง(ขาออก) | เขตลาดกระบัง
ซอยนราธิวาสราชนครินทร์ 18 | เขตสาทร,29,23,52,33,19,5,5.8,4.6,10.4,6.6,3.8,ซอยนราธิวาสราชนครินทร์ 18 | เขตสาทร
นิคมมักกะสัน(ถนนเพชรบุรีขาเข้า) | เขตราชเทวี,29,23,52,28,24,5,5.8,4.6,10.4,5.6,4.8,นิคมมักกะสัน(ถนนเพชรบุรีขาเข้า) | เขตราชเทวี
ซอยหมู่บ้านจันทร์บัวสวย | เขตมีนบุรี,33,19,52,35,17,7,4.714285714285714,2.7142857142857144,7.428571428571429,5.0,2.4285714285714284,ซอยหมู่บ้านจันทร์บัวสวย | เขตมีนบุรี
ซอยประชาอุทิศ 79/1 | เขตทุ่งครุ,25,27,52,32,20,5,5.0,5.4,10.4,6.4,4.0,ซอยประชาอุทิศ 79/1 | เขตทุ่งครุ
ตรงข้ามตลาดนางลิ้นจี่ | เขตยานนาวา,31,21,52,30,22,1,31.0,21.0,52.0,30.0,22.0,ตรงข้ามตลาดนางลิ้นจี่ | เขตยานนาวา
การประปานครหลวงสามเสน | เขตพญาไท,25,27,52,30,22,4,6.25,6.75,13.0,7.5,5.5,การประปานครหลวงสามเสน | เขตพญาไท
โรงเรียนบางกะปิ | เขตบางกะปิ,24,28,52,33,19,6,4.0,4.666666666666667,8.666666666666666,5.5,3.1666666666666665,โรงเรียนบางกะปิ | เขตบางกะปิ
โรงเรียนวัดวิมุต | เขตบางพลัด,23,29,52,38,14,5,4.6,5.8,10.4,7.6,2.8,โรงเรียนวัดวิมุต | เขตบางพลัด
"""โรงไก่ | เขตวัฒนา",25,27,52,12,4,2,12.5,13.5,26.0,6.0,2.0,"""โรงไก่ | เขตวัฒนา"
ซอยเอกชัย 117 | เขตบางบอน,26,25,51,34,17,8,3.25,3.125,6.375,4.25,2.125,ซอยเอกชัย 117 | เขตบางบอน
"""แยกสะพานควาย | เขตพญาไท",24,27,51,12,12,2,12.0,13.5,25.5,6.0,6.0,"""แยกสะพานควาย | เขตพญาไท"
กรุงเทพกรีฑาซอย C4 | เขตสะพานสูง,35,16,51,24,27,5,7.0,3.2,10.2,4.8,5.4,กรุงเทพกรีฑาซอย C4 | เขตสะพานสูง
หมู่บ้านสุภาวัลย์ | เขตลาดกระบัง,35,16,51,33,18,7,5.0,2.2857142857142856,7.285714285714286,4.714285714285714,2.5714285714285716,หมู่บ้านสุภาวัลย์ | เขตลาดกระบัง
"""วัดธรรมาภิรตาราม | เขตดุสิต",26,25,51,12,8,2,13.0,12.5,25.5,6.0,4.0,"""วัดธรรมาภิรตาราม | เขตดุสิต"
อู่รถเมล์ บ.ออนชอร์ | เขตตลิ่งชัน,29,22,51,32,19,4,7.25,5.5,12.75,8.0,4.75,อู่รถเมล์ บ.ออนชอร์ | เขตตลิ่งชัน
"""วัดกลาง | เขตธนบุรี",29,22,51,16,15,2,14.5,11.0,25.5,8.0,7.5,"""วัดกลาง | เขตธนบุรี"
โรงเรียนโรจนนิมิตวิทยา | เขตราษฎร์บูรณะ,25,26,51,29,22,6,4.166666666666667,4.333333333333333,8.5,4.833333333333333,3.6666666666666665,โรงเรียนโรจนนิมิตวิทยา | เขตราษฎร์บูรณะ
"""พาร์คแลนด์ | เขตบางนา",25,26,51,11,7,2,12.5,13.0,25.5,5.5,3.5,"""พาร์คแลนด์ | เขตบางนา"
"หมู่บ้านสัมมากรหทัยราษฎร์,กีบหมู | เขตคลองสามวา",28,23,51,28,23,5,5.6,4.6,10.2,5.6,4.6,"หมู่บ้านสัมมากรหทัยราษฎร์,กีบหมู | เขตคลองสามวา"
ตรงข้ามโรงเรียนปริยากร | เขตมีนบุรี,32,19,51,41,10,7,4.571428571428571,2.7142857142857144,7.285714285714286,5.857142857142857,1.4285714285714286,ตรงข้ามโรงเรียนปริยากร | เขตมีนบุรี
"หมู่บ้านปรีชา,พัฒนาการ 39 | เขตสวนหลวง",31,20,51,39,12,6,5.166666666666667,3.3333333333333335,8.5,6.5,2.0,"หมู่บ้านปรีชา,พัฒนาการ 39 | เขตสวนหลวง"
ตรงข้ามแยกประชานุกูล | เขตบางซื่อ,28,22,50,34,16,5,5.6,4.4,10.0,6.8,3.2,ตรงข้ามแยกประชานุกูล | เขตบางซื่อ
ซอยร่มเกล้า 9 | เขตมีนบุรี,34,16,50,35,15,6,5.666666666666667,2.6666666666666665,8.333333333333334,5.833333333333333,2.5,ซอยร่มเกล้า 9 | เขตมีนบุรี
สะพาน 3 สะพาน 4 | เขตยานนาวา,22,28,50,24,26,2,11.0,14.0,25.0,12.0,13.0,สะพาน 3 สะพาน 4 | เขตยานนาวา
โรงเรียนแผนที่ทหาร | เขตพระนคร,25,25,50,31,19,4,6.25,6.25,12.5,7.75,4.75,โรงเรียนแผนที่ทหาร | เขตพระนคร
ซอยประชาอุทิศ 115 | เขตทุ่งครุ,27,23,50,34,16,6,4.5,3.8333333333333335,8.333333333333334,5.666666666666667,2.6666666666666665,ซอยประชาอุทิศ 115 | เขตทุ่งครุ
"""สี่แยกบางโพ | เขตบางซื่อ",25,25,50,12,11,1,25.0,25.0,50.0,12.0,11.0,"""สี่แยกบางโพ | เขตบางซื่อ"
นำพลชัยเซอร์วิส | เขตประเวศ,24,26,50,36,14,5,4.8,5.2,10.0,7.2,2.8,นำพลชัยเซอร์วิส | เขตประเวศ
ตรงข้ามซอยศรีวรา | เขตวังทองหลาง,28,22,50,32,18,4,7.0,5.5,12.5,8.0,4.5,ตรงข้ามซอยศรีวรา | เขตวังทองหลาง
ซอยบี 5 | เขตสะพานสูง,38,12,50,33,17,7,5.428571428571429,1.7142857142857142,7.142857142857143,4.714285714285714,2.4285714285714284,ซอยบี 5 | เขตสะพานสูง
ตรงข้ามพระที่นั่งวิมานเมฆ | เขตดุสิต,23,27,50,30,20,5,4.6,5.4,10.0,6.0,4.0,ตรงข้ามพระที่นั่งวิมานเมฆ | เขตดุสิต
หนูไล้จีนประธาน | เขตบางแค,28,22,50,33,17,7,4.0,3.142857142857143,7.142857142857143,4.714285714285714,2.4285714285714284,หนูไล้จีนประธาน | เขตบางแค
ซอยพุทธสาคร 3 | เขตหนองแขม,12,38,50,32,18,7,1.7142857142857142,5.428571428571429,7.142857142857143,4.571428571428571,2.5714285714285716,ซอยพุทธสาคร 3 | เขตหนองแขม
หมู่บ้านมหามงคล | เขตบางแค,27,23,50,28,22,4,6.75,5.75,12.5,7.0,5.5,หมู่บ้านมหามงคล | เขตบางแค
แยกเรียบคลองสอง | เขตคลองสามวา,30,20,50,28,22,4,7.5,5.0,12.5,7.0,5.5,แยกเรียบคลองสอง | เขตคลองสามวา
ตรงข้ามสำนักงานที่ดินบางกะปิ | เขตบางกะปิ,40,9,49,30,19,7,5.714285714285714,1.2857142857142858,7.0,4.285714285714286,2.7142857142857144,ตรงข้ามสำนักงานที่ดินบางกะปิ | เขตบางกะปิ
ซอยสาทร 2 | เขตสาทร,26,23,49,29,20,3,8.666666666666666,7.666666666666667,16.333333333333332,9.666666666666666,6.666666666666667,ซอยสาทร 2 | เขตสาทร
ตรงข้ามครัวตะนุ | เขตบางกะปิ,23,26,49,33,16,2,11.5,13.0,24.5,16.5,8.0,ตรงข้ามครัวตะนุ | เขตบางกะปิ
ใต้ทางด่วนพระราม 9 [B] | เขตห้วยขวาง,25,24,49,26,23,2,12.5,12.0,24.5,13.0,11.5,ใต้ทางด่วนพระราม 9 [B] | เขตห้วยขวาง
"""พระราม 2 ซอย 100 | เขตบางขุนเทียน",18,31,49,5,5,2,9.0,15.5,24.5,2.5,2.5,"""พระราม 2 ซอย 100 | เขตบางขุนเทียน"
ตรงข้ามซอยหมู่บ้านจันทร์บัวสวย | เขตมีนบุรี,43,6,49,28,21,7,6.142857142857143,0.8571428571428571,7.0,4.0,3.0,ตรงข้ามซอยหมู่บ้านจันทร์บัวสวย | เขตมีนบุรี
ตรงข้ามสนามฟุตบอลซอยโพธิ์แก้ว | เขตบางกะปิ,39,10,49,28,21,6,6.5,1.6666666666666667,8.166666666666666,4.666666666666667,3.5,ตรงข้ามสนามฟุตบอลซอยโพธิ์แก้ว | เขตบางกะปิ
BTS อุดมสุข(ทางออก 4) | เขตพระโขนง,20,29,49,42,7,2,10.0,14.5,24.5,21.0,3.5,BTS อุดมสุข(ทางออก 4) | เขตพระโขนง
บรมราชชนนี 46 | เขตตลิ่งชัน,39,10,49,30,19,5,7.8,2.0,9.8,6.0,3.8,บรมราชชนนี 46 | เขตตลิ่งชัน
ตรงข้ามประกันสังคมซอย 46 | เขตจตุจักร,21,28,49,28,21,2,10.5,14.0,24.5,14.0,10.5,ตรงข้ามประกันสังคมซอย 46 | เขตจตุจักร
ซอยนวมินทร์ 74 แยก 1-9 | เขตบึงกุ่ม,22,26,48,30,18,6,3.6666666666666665,4.333333333333333,8.0,5.0,3.0,ซอยนวมินทร์ 74 แยก 1-9 | เขตบึงกุ่ม
ตลาดวัดนาค | เขตราษฎร์บูรณะ,24,24,48,23,25,2,12.0,12.0,24.0,11.5,12.5,ตลาดวัดนาค | เขตราษฎร์บูรณะ
ตรงข้ามโรงเรียนสารสาสน์วิเทศบางบอน(ป้าย2) | เขตบางบอน,24,24,48,34,14,6,4.0,4.0,8.0,5.666666666666667,2.3333333333333335,ตรงข้ามโรงเรียนสารสาสน์วิเทศบางบอน(ป้าย2) | เขตบางบ...
อาคารอินโดไทย | เขตมีนบุรี,26,22,48,26,22,5,5.2,4.4,9.6,5.2,4.4,อาคารอินโดไทย | เขตมีนบุรี
บางปะแก้วซอยสุขสวัสดิ์ | เขตราษฎร์บูรณะ,22,26,48,31,17,3,7.333333333333333,8.666666666666666,16.0,10.333333333333334,5.666666666666667,บางปะแก้วซอยสุขสวัสดิ์ | เขตราษฎร์บูรณะ
"""ซอยประชาสงเคราะห์ 45 | เขตดินแดง",24,24,48,9,9,2,12.0,12.0,24.0,4.5,4.5,"""ซอยประชาสงเคราะห์ 45 | เขตดินแดง"
"""ตรงข้ามธนาคารกรุงไทย | เขตบางเขน",29,19,48,17,15,2,14.5,9.5,24.0,8.5,7.5,"""ตรงข้ามธนาคารกรุงไทย | เขตบางเขน"
ซอยประชาอุทิศ 78 | เขตทุ่งครุ,31,17,48,28,20,5,6.2,3.4,9.6,5.6,4.0,ซอยประชาอุทิศ 78 | เขตทุ่งครุ
ฝ่ายช่างท่าอากาศดอนเมือง | เขตดอนเมือง,30,18,48,29,19,6,5.0,3.0,8.0,4.833333333333333,3.1666666666666665,ฝ่ายช่างท่าอากาศดอนเมือง | เขตดอนเมือง
สถานีตำรวจโชคชัย | เขตห้วยขวาง,27,21,48,21,27,1,27.0,21.0,48.0,21.0,27.0,สถานีตำรวจโชคชัย | เขตห้วยขวาง
ตรงข้ามบริษัท สุธีการโยธา จำกัด | เขตมีนบุรี,25,23,48,27,21,5,5.0,4.6,9.6,5.4,4.2,ตรงข้ามบริษัท สุธีการโยธา จำกัด | เขตมีนบุรี
คลองระหาญ | เขตบางขุนเทียน,25,23,48,33,15,4,6.25,5.75,12.0,8.25,3.75,คลองระหาญ | เขตบางขุนเทียน
บางลำพู มหาวิทยาลัยมหามงกุฏ | เขตพระนคร,22,25,47,27,20,6,3.6666666666666665,4.166666666666667,7.833333333333333,4.5,3.3333333333333335,บางลำพู มหาวิทยาลัยมหามงกุฏ | เขตพระนคร
สวนลุมพินี(ตรงข้ามตึกอื้อจือเหลียง) | เขตบางรัก,24,23,47,24,23,2,12.0,11.5,23.5,12.0,11.5,สวนลุมพินี(ตรงข้ามตึกอื้อจือเหลียง) | เขตบางรัก
คลังน้ำมัน | เขตยานนาวา,22,25,47,35,12,5,4.4,5.0,9.4,7.0,2.4,คลังน้ำมัน | เขตยานนาวา
ตรงข้ามสำนักงานเขตตลิ่งชัน | เขตบางกอกน้อย,12,35,47,28,19,5,2.4,7.0,9.4,5.6,3.8,ตรงข้ามสำนักงานเขตตลิ่งชัน | เขตบางกอกน้อย
ร่มเกล้า 21/6 | เขตลาดกระบัง,30,17,47,29,18,4,7.5,4.25,11.75,7.25,4.5,ร่มเกล้า 21/6 | เขตลาดกระบัง
โรงเรียนปทุมคงคา | เขตคลองเตย,14,33,47,24,23,6,2.3333333333333335,5.5,7.833333333333333,4.0,3.8333333333333335,โรงเรียนปทุมคงคา | เขตคลองเตย
หมู่บ้านปารเมศ | เขตประเวศ,31,16,47,28,19,4,7.75,4.0,11.75,7.0,4.75,หมู่บ้านปารเมศ | เขตประเวศ
เศรษฐกิจ 43 | เขตบางแค,10,37,47,29,18,10,1.0,3.7,4.7,2.9,1.8,เศรษฐกิจ 43 | เขตบางแค
วัดปากบึง | เขตมีนบุรี,29,18,47,28,19,4,7.25,4.5,11.75,7.0,4.75,วัดปากบึง | เขตมีนบุรี
"""แยกถนนบางพรม  | เขตตลิ่งชัน",24,23,47,13,9,2,12.0,11.5,23.5,6.5,4.5,"""แยกถนนบางพรม  | เขตตลิ่งชัน"
"""ซอยโพธิ์ปั้น | เขตดินแดง",22,25,47,8,2,2,11.0,12.5,23.5,4.0,1.0,"""ซอยโพธิ์ปั้น | เขตดินแดง"
ซอยรามอินทรา 69 | เขตคันนายาว,26,20,46,15,31,4,6.5,5.0,11.5,3.75,7.75,ซอยรามอินทรา 69 | เขตคันนายาว
ตรงข้ามโรงเรียนบ้านบางกะปิ | เขตบางกะปิ,29,17,46,25,21,5,5.8,3.4,9.2,5.0,4.2,ตรงข้ามโรงเรียนบ้านบางกะปิ | เขตบางกะปิ
"ตลาดราษฎร์บูรณะเก่า,หน้าโรงเรียนศึกษา (เก่า) | เขตราษฎร์บูรณะ",22,24,46,28,18,4,5.5,6.0,11.5,7.0,4.5,"ตลาดราษฎร์บูรณะเก่า,หน้าโรงเรียนศึกษา (เก่า) | เขตร..."
ตรงข้ามโรงเรียนศึกษานารี | เขตคลองสาน,27,19,46,26,20,2,13.5,9.5,23.0,13.0,10.0,ตรงข้ามโรงเรียนศึกษานารี | เขตคลองสาน
ตรงข้ามซอยประชาอุทิศ 119/1 | เขตทุ่งครุ,29,17,46,24,22,5,5.8,3.4,9.2,4.8,4.4,ตรงข้ามซอยประชาอุทิศ 119/1 | เขตทุ่งครุ
"บิ๊กซีเอกชัย,ตรงข้ามซอยเอกชัย54 | เขตบางบอน",28,18,46,21,25,4,7.0,4.5,11.5,5.25,6.25,"บิ๊กซีเอกชัย,ตรงข้ามซอยเอกชัย54 | เขตบางบอน"
ตรงข้ามหมู่บ้านลัดารมย์เอกมัย-รามอินทรา | เขตบึงกุ่ม,25,21,46,25,21,3,8.333333333333334,7.0,15.333333333333334,8.333333333333334,7.0,ตรงข้ามหมู่บ้านลัดารมย์เอกมัย-รามอินทรา | เขตบึงกุ่ม
ท่าวัดกัลยาณมิตร (ข้ามฟาก) | เขตบางกอกใหญ่,21,25,46,23,23,1,21.0,25.0,46.0,23.0,23.0,ท่าวัดกัลยาณมิตร (ข้ามฟาก) | เขตบางกอกใหญ่
SRT ศาลาธรรมสพน์ | เขตทวีวัฒนา,26,20,46,35,11,6,4.333333333333333,3.3333333333333335,7.666666666666667,5.833333333333333,1.8333333333333333,SRT ศาลาธรรมสพน์ | เขตทวีวัฒนา
อู่ธารทิพย์ | เขตทุ่งครุ,15,31,46,21,25,5,3.0,6.2,9.2,4.2,5.0,อู่ธารทิพย์ | เขตทุ่งครุ
"เอสซีจีโฮมโซลูชั่น,แยกรามคำแหง-ร่มเกล้า | เขตมีนบุรี",21,25,46,25,21,4,5.25,6.25,11.5,6.25,5.25,"เอสซีจีโฮมโซลูชั่น,แยกรามคำแหง-ร่มเกล้า | เขตมีนบุรี"
"""โรงเรียนเทพสัมฤทธิ์ | เขตบางซื่อ",23,23,46,12,13,2,11.5,11.5,23.0,6.0,6.5,"""โรงเรียนเทพสัมฤทธิ์ | เขตบางซื่อ"
ตรงข้ามประกันสังคม | เขตจตุจักร,23,23,46,23,23,1,23.0,23.0,46.0,23.0,23.0,ตรงข้ามประกันสังคม | เขตจตุจักร
ซอยสุคนธสวัสดิ์ 17 | เขตลาดพร้าว,27,19,46,25,21,5,5.4,3.8,9.2,5.0,4.2,ซอยสุคนธสวัสดิ์ 17 | เขตลาดพร้าว
"ซอยประชาร่วมใจ 48,โรงเรียนซาลีมุนยีนาม | เขตคลองสามวา",32,14,46,27,19,5,6.4,2.8,9.2,5.4,3.8,"ซอยประชาร่วมใจ 48,โรงเรียนซาลีมุนยีนาม | เขตคลองสาม..."
นครินทร์การ์เด้นท์(ซอย 19/1) | เขตลาดกระบัง,24,21,45,38,7,4,6.0,5.25,11.25,9.5,1.75,นครินทร์การ์เด้นท์(ซอย 19/1) | เขตลาดกระบัง
โรงเรียนอนุบาลพลอยแก้ว | เขตทวีวัฒนา,28,17,45,30,15,4,7.0,4.25,11.25,7.5,3.75,โรงเรียนอนุบาลพลอยแก้ว | เขตทวีวัฒนา
ตรงข้ามซอยประชาอุทิศ 89/2 | เขตทุ่งครุ,32,13,45,32,13,5,6.4,2.6,9.0,6.4,2.6,ตรงข้ามซอยประชาอุทิศ 89/2 | เขตทุ่งครุ
"สามย่านซีฟู้ดส์,แยกนางลิ้นจี่ | เขตสาทร",22,23,45,31,14,5,4.4,4.6,9.0,6.2,2.8,"สามย่านซีฟู้ดส์,แยกนางลิ้นจี่ | เขตสาทร"
"ตรงข้ามเมืองไทยภัทร,บริษัทเมืองไทยประกันชีวิต | เขตห้วยขวาง",25,20,45,21,24,1,25.0,20.0,45.0,21.0,24.0,"ตรงข้ามเมืองไทยภัทร,บริษัทเมืองไทยประกันชีวิต | เขต..."
แยกอ่อนนุช-พัฒนาการ | เขตประเวศ,31,14,45,29,16,5,6.2,2.8,9.0,5.8,3.2,แยกอ่อนนุช-พัฒนาการ | เขตประเวศ
"สามย่านซีฟู้ดส์,แยกนางลิ้นจี่ | เขตยานนาวา",22,23,45,27,18,4,5.5,5.75,11.25,6.75,4.5,"สามย่านซีฟู้ดส์,แยกนางลิ้นจี่ | เขตยานนาวา"
ตรงข้ามหมู่บ้านสินทรัพย์นคร 2 | เขตบางแค,33,12,45,25,20,5,6.6,2.4,9.0,5.0,4.0,ตรงข้ามหมู่บ้านสินทรัพย์นคร 2 | เขตบางแค
"""หลังสวน | เขตปทุมวัน",21,24,45,9,13,1,21.0,24.0,45.0,9.0,13.0,"""หลังสวน | เขตปทุมวัน"
"""เสริมมิตร | เขตภาษีเจริญ",20,25,45,8,7,1,20.0,25.0,45.0,8.0,7.0,"""เสริมมิตร | เขตภาษีเจริญ"
ป้ายประชาอุทิศ 29 | เขตราษฎร์บูรณะ,34,11,45,27,18,4,8.5,2.75,11.25,6.75,4.5,ป้ายประชาอุทิศ 29 | เขตราษฎร์บูรณะ
พระบรมมหาราชวัง | เขตพระนคร,23,22,45,26,19,4,5.75,5.5,11.25,6.5,4.75,พระบรมมหาราชวัง | เขตพระนคร
มูลนิธิเพื่อคุณธรรม | เขตคลองสามวา,23,22,45,20,25,4,5.75,5.5,11.25,5.0,6.25,มูลนิธิเพื่อคุณธรรม | เขตคลองสามวา
โรงเรียนเสรีอนุสรณ์ | เขตประเวศ,27,18,45,32,13,4,6.75,4.5,11.25,8.0,3.25,โรงเรียนเสรีอนุสรณ์ | เขตประเวศ
บริษัทไทยยานยนตร์ร่มเกล้า | เขตลาดกระบัง,21,23,44,44,0,1,21.0,23.0,44.0,44.0,0.0,บริษัทไทยยานยนตร์ร่มเกล้า | เขตลาดกระบัง
หมู่บ้านสกุลทิพย์บรมราชชนนี 123 | เขตทวีวัฒนา,33,11,44,26,18,5,6.6,2.2,8.8,5.2,3.6,หมู่บ้านสกุลทิพย์บรมราชชนนี 123 | เขตทวีวัฒนา
"""ซอยนวมินทร์ 80 | เขตบึงกุ่ม",22,22,44,8,3,2,11.0,11.0,22.0,4.0,1.5,"""ซอยนวมินทร์ 80 | เขตบึงกุ่ม"
"""ตรงข้ามโรงแรมแม่น้ำรามาดาพลาซา | เขตบางคอแหลม",20,24,44,7,6,2,10.0,12.0,22.0,3.5,3.0,"""ตรงข้ามโรงแรมแม่น้ำรามาดาพลาซา | เขตบางคอแหลม"
ชุมชนเสาวรส | เขตสายไหม,13,31,44,38,6,9,1.4444444444444444,3.4444444444444446,4.888888888888889,4.222222222222222,0.6666666666666666,ชุมชนเสาวรส | เขตสายไหม
ตรงข้ามซอยรามคำแหง 151/1 | เขตสะพานสูง,25,19,44,17,27,4,6.25,4.75,11.0,4.25,6.75,ตรงข้ามซอยรามคำแหง 151/1 | เขตสะพานสูง
บิ๊กซีเลียบคลองสอง | เขตคลองสามวา,23,21,44,20,24,3,7.666666666666667,7.0,14.666666666666666,6.666666666666667,8.0,บิ๊กซีเลียบคลองสอง | เขตคลองสามวา
ย่านพหลโยธิน(ถนนกำแพงเพชรขาเข้า) | เขตจตุจักร,21,23,44,35,9,7,3.0,3.2857142857142856,6.285714285714286,5.0,1.2857142857142858,ย่านพหลโยธิน(ถนนกำแพงเพชรขาเข้า) | เขตจตุจักร
ท่าเรือกระทรวงพลังงาน | เขตป้อมปราบศัตรูพ่าย,25,19,44,22,22,3,8.333333333333334,6.333333333333333,14.666666666666666,7.333333333333333,7.333333333333333,ท่าเรือกระทรวงพลังงาน | เขตป้อมปราบศัตรูพ่าย
ตรงข้ามหมู่บ้านสุนทร 5 | เขตหนองแขม,29,15,44,21,23,5,5.8,3.0,8.8,4.2,4.6,ตรงข้ามหมู่บ้านสุนทร 5 | เขตหนองแขม
ภัตตาคารชายทะเลจันทร์เพ็ญสาขารามอินทรา | เขตคันนายาว,27,17,44,29,15,5,5.4,3.4,8.8,5.8,3.0,ภัตตาคารชายทะเลจันทร์เพ็ญสาขารามอินทรา | เขตคันนายาว
ตรงข้ามพรรคชาติไทย | เขตดุสิต,18,26,44,23,21,4,4.5,6.5,11.0,5.75,5.25,ตรงข้ามพรรคชาติไทย | เขตดุสิต
หมู่บ้านวรารมย์ประชาอุทิศซอย 98 | เขตทุ่งครุ,24,20,44,13,31,3,8.0,6.666666666666667,14.666666666666666,4.333333333333333,10.333333333333334,หมู่บ้านวรารมย์ประชาอุทิศซอย 98 | เขตทุ่งครุ
"""ซอยเพชรเกษม 116/3 | เขตหนองแขม",20,24,44,9,4,2,10.0,12.0,22.0,4.5,2.0,"""ซอยเพชรเกษม 116/3 | เขตหนองแขม"
ตรงข้ามชุมชนพิบูรณ์ทรัพย์1 | เขตหนองจอก,22,22,44,25,19,6,3.6666666666666665,3.6666666666666665,7.333333333333333,4.166666666666667,3.1666666666666665,ตรงข้ามชุมชนพิบูรณ์ทรัพย์1 | เขตหนองจอก
"""ซอยพหลโยธิน 1 | เขตพญาไท",21,23,44,9,12,1,21.0,23.0,44.0,9.0,12.0,"""ซอยพหลโยธิน 1 | เขตพญาไท"
เขตคลองสามวา | เขตคลองสามวา,30,14,44,28,16,5,6.0,2.8,8.8,5.6,3.2,เขตคลองสามวา | เขตคลองสามวา
ซอยเพชรเกษม 27/1 | เขตภาษีเจริญ,25,19,44,30,14,5,5.0,3.8,8.8,6.0,2.8,ซอยเพชรเกษม 27/1 | เขตภาษีเจริญ
หมู่บ้านวัชราภรณ์ | เขตทุ่งครุ,14,29,43,28,15,6,2.3333333333333335,4.833333333333333,7.166666666666667,4.666666666666667,2.5,หมู่บ้านวัชราภรณ์ | เขตทุ่งครุ
"เฉลิมพระเกรียติ ร.9 ซอย 63,ครัวฮานอย | เขตประเวศ",24,19,43,21,22,4,6.0,4.75,10.75,5.25,5.5,"เฉลิมพระเกรียติ ร.9 ซอย 63,ครัวฮานอย | เขตประเวศ"
บ้านนนทรี | เขตยานนาวา,27,16,43,33,10,5,5.4,3.2,8.6,6.6,2.0,บ้านนนทรี | เขตยานนาวา
"""วัดภาษี | เขตวัฒนา",19,24,43,8,7,1,19.0,24.0,43.0,8.0,7.0,"""วัดภาษี | เขตวัฒนา"
อาคารซีทรานพระราม 3 ซอย 76 | เขตคลองเตย,16,27,43,32,11,5,3.2,5.4,8.6,6.4,2.2,อาคารซีทรานพระราม 3 ซอย 76 | เขตคลองเตย
หมู่บ้านเพชรเกษม3 | เขตบางแค,33,10,43,29,14,6,5.5,1.6666666666666667,7.166666666666667,4.833333333333333,2.3333333333333335,หมู่บ้านเพชรเกษม3 | เขตบางแค
"ซอยวิภาวดี 14,ก่อนถึงแยกสุทธิสาร | เขตพญาไท",22,21,43,28,15,5,4.4,4.2,8.6,5.6,3.0,"ซอยวิภาวดี 14,ก่อนถึงแยกสุทธิสาร | เขตพญาไท"
การไฟฟ้าย่อยหนองจอก | เขตหนองจอก,32,11,43,27,16,5,6.4,2.2,8.6,5.4,3.2,การไฟฟ้าย่อยหนองจอก | เขตหนองจอก
โรงเรียนสุจินณ์วดี 1 | เขตภาษีเจริญ,23,20,43,27,16,4,5.75,5.0,10.75,6.75,4.0,โรงเรียนสุจินณ์วดี 1 | เขตภาษีเจริญ
ซอยบรมราชชนนี 78 | เขตทวีวัฒนา,23,20,43,14,29,3,7.666666666666667,6.666666666666667,14.333333333333334,4.666666666666667,9.666666666666666,ซอยบรมราชชนนี 78 | เขตทวีวัฒนา
"""สำนักงานเขตธนบุรี | เขตธนบุรี",21,22,43,8,10,2,10.5,11.0,21.5,4.0,5.0,"""สำนักงานเขตธนบุรี | เขตธนบุรี"
"""เทสโก้โลตัสหลักสี่บางเขน | เขตบางเขน",22,21,43,12,12,2,11.0,10.5,21.5,6.0,6.0,"""เทสโก้โลตัสหลักสี่บางเขน | เขตบางเขน"
"""ซอยพัฒนาการ 10 | เขตสวนหลวง",19,24,43,8,9,2,9.5,12.0,21.5,4.0,4.5,"""ซอยพัฒนาการ 10 | เขตสวนหลวง"
"""ซอยพัฒนาการ 27 | เขตสวนหลวง",21,22,43,9,5,2,10.5,11.0,21.5,4.5,2.5,"""ซอยพัฒนาการ 27 | เขตสวนหลวง"
ตรงข้ามซอยประชาอุทิศ 53 | เขตทุ่งครุ,30,13,43,27,16,5,6.0,2.6,8.6,5.4,3.2,ตรงข้ามซอยประชาอุทิศ 53 | เขตทุ่งครุ
"""อาคารชินวัตร3 | เขตจตุจักร",25,18,43,12,1,2,12.5,9.0,21.5,6.0,0.5,"""อาคารชินวัตร3 | เขตจตุจักร"
ตรงข้ามโรงเรียนนนทรีวิทยา | เขตยานนาวา,23,20,43,26,17,3,7.666666666666667,6.666666666666667,14.333333333333334,8.666666666666666,5.666666666666667,ตรงข้ามโรงเรียนนนทรีวิทยา | เขตยานนาวา
สถานีตำรวจคู่ขนานลอยฟ้า | เขตทวีวัฒนา,10,32,42,16,26,5,2.0,6.4,8.4,3.2,5.2,สถานีตำรวจคู่ขนานลอยฟ้า | เขตทวีวัฒนา
ศูนย์โตโยต้าเสรีไทย | เขตคันนายาว,26,16,42,28,14,4,6.5,4.0,10.5,7.0,3.5,ศูนย์โตโยต้าเสรีไทย | เขตคันนายาว
ตรงข้ามซอยรามอินทรา 69 | เขตคันนายาว,28,14,42,19,23,4,7.0,3.5,10.5,4.75,5.75,ตรงข้ามซอยรามอินทรา 69 | เขตคันนายาว
ตรงข้ามโรงเรียนวัดประเสริฐสุทธาวาส | เขตราษฎร์บูรณะ,20,22,42,26,16,4,5.0,5.5,10.5,6.5,4.0,ตรงข้ามโรงเรียนวัดประเสริฐสุทธาวาส | เขตราษฎร์บูรณะ
ตรงข้ามฝ่ายช่างดอนเมือง | เขตดอนเมือง,21,21,42,35,7,5,4.2,4.2,8.4,7.0,1.4,ตรงข้ามฝ่ายช่างดอนเมือง | เขตดอนเมือง
ตรงข้ามซอยเอกชัย 33 แยก 1 | เขตบางบอน,35,7,42,26,16,5,7.0,1.4,8.4,5.2,3.2,ตรงข้ามซอยเอกชัย 33 แยก 1 | เขตบางบอน
ซอยประชาอุทิศ 51 | เขตทุ่งครุ,26,16,42,28,14,5,5.2,3.2,8.4,5.6,2.8,ซอยประชาอุทิศ 51 | เขตทุ่งครุ
ท่าวัดศรีบุญเรือง | เขตบางกะปิ,11,31,42,26,16,5,2.2,6.2,8.4,5.2,3.2,ท่าวัดศรีบุญเรือง | เขตบางกะปิ
ตรงข้ามหมู่บ้านอยู่สบาย | เขตสะพานสูง,26,16,42,28,14,4,6.5,4.0,10.5,7.0,3.5,ตรงข้ามหมู่บ้านอยู่สบาย | เขตสะพานสูง
ตรงข้ามซอยสุนีย์ | เขตสายไหม,19,23,42,19,23,4,4.75,5.75,10.5,4.75,5.75,ตรงข้ามซอยสุนีย์ | เขตสายไหม
"วิริยะประกันภัย,ซอยรัชดาภิเษก 68 | เขตบางซื่อ",31,11,42,29,13,5,6.2,2.2,8.4,5.8,2.6,"วิริยะประกันภัย,ซอยรัชดาภิเษก 68 | เขตบางซื่อ"
"""ไทวัสดุนวมินทร์ | เขตบึงกุ่ม",19,23,42,7,1,2,9.5,11.5,21.0,3.5,0.5,"""ไทวัสดุนวมินทร์ | เขตบึงกุ่ม"
ข้ามแยกซอยสวนผัก 36 | เขตตลิ่งชัน,22,20,42,28,14,4,5.5,5.0,10.5,7.0,3.5,ข้ามแยกซอยสวนผัก 36 | เขตตลิ่งชัน
"ปั้มปตท.,ตรงข้ามร้านเฮียฮ้อปูดอง | เขตคันนายาว",17,24,41,21,20,4,4.25,6.0,10.25,5.25,5.0,"ปั้มปตท.,ตรงข้ามร้านเฮียฮ้อปูดอง | เขตคันนายาว"
ตรงข้ามบริษัทยำยำ | เขตมีนบุรี,26,15,41,32,9,4,6.5,3.75,10.25,8.0,2.25,ตรงข้ามบริษัทยำยำ | เขตมีนบุรี
ตรงข้ามศูนย์วิจัย | เขตวัฒนา,16,25,41,22,19,3,5.333333333333333,8.333333333333334,13.666666666666666,7.333333333333333,6.333333333333333,ตรงข้ามศูนย์วิจัย | เขตวัฒนา
หมู่บ้านเกศรี 2 | เขตสะพานสูง,21,20,41,19,22,2,10.5,10.0,20.5,9.5,11.0,หมู่บ้านเกศรี 2 | เขตสะพานสูง
บางบอน 3 ซอย 5 | เขตบางบอน,32,9,41,22,19,5,6.4,1.8,8.2,4.4,3.8,บางบอน 3 ซอย 5 | เขตบางบอน
โลตัสเลียบทางด่วนรามอินทรา | เขตบางกะปิ,22,19,41,20,21,1,22.0,19.0,41.0,20.0,21.0,โลตัสเลียบทางด่วนรามอินทรา | เขตบางกะปิ
แยกประเวศ ถนนเฉลิมพระเกียรติ ร.9 | เขตประเวศ,23,18,41,34,7,4,5.75,4.5,10.25,8.5,1.75,แยกประเวศ ถนนเฉลิมพระเกียรติ ร.9 | เขตประเวศ
"""ตรงข้ามวัดสุทัศน์ | เขตพระนคร",23,18,41,14,15,2,11.5,9.0,20.5,7.0,7.5,"""ตรงข้ามวัดสุทัศน์ | เขตพระนคร"
"""ท่าเรือวัดศรีบุญเรือง | เขตบางกะปิ",22,19,41,11,5,2,11.0,9.5,20.5,5.5,2.5,"""ท่าเรือวัดศรีบุญเรือง | เขตบางกะปิ"
"""ตรงข้ามตลาดอ่อนนุช | เขตคลองเตย",18,23,41,7,8,1,18.0,23.0,41.0,7.0,8.0,"""ตรงข้ามตลาดอ่อนนุช | เขตคลองเตย"
ตรงข้ามสนามกีฬาเคหะชุมชนฉลองกรุง | เขตหนองจอก,22,19,41,29,12,4,5.5,4.75,10.25,7.25,3.0,ตรงข้ามสนามกีฬาเคหะชุมชนฉลองกรุง | เขตหนองจอก
ตรงข้ามหมู่บ้านพิบูลย์บางซื่อ | เขตบางซื่อ,21,19,40,37,3,3,7.0,6.333333333333333,13.333333333333334,12.333333333333334,1.0,ตรงข้ามหมู่บ้านพิบูลย์บางซื่อ | เขตบางซื่อ
หมู่บ้านภาสกร 2(เอกชัย139) | เขตบางบอน,29,11,40,24,16,5,5.8,2.2,8.0,4.8,3.2,หมู่บ้านภาสกร 2(เอกชัย139) | เขตบางบอน
"โมเดอร์ฟอร์ม,อาคารจิตรวรนันท์ | เขตสวนหลวง",22,18,40,23,17,4,5.5,4.5,10.0,5.75,4.25,"โมเดอร์ฟอร์ม,อาคารจิตรวรนันท์ | เขตสวนหลวง"
"โรงเรียนสตรีวิทยา 2,ตรงข้ามสุคนธสวัสดิ์ 30 | เขตลาดพร้าว",25,15,40,24,16,4,6.25,3.75,10.0,6.0,4.0,"โรงเรียนสตรีวิทยา 2,ตรงข้ามสุคนธสวัสดิ์ 30 | เขตลาด..."
สุเหร่าแดง | เขตคันนายาว,24,16,40,26,14,4,6.0,4.0,10.0,6.5,3.5,สุเหร่าแดง | เขตคันนายาว
ร้านสากลอะไหล่ 99 | เขตราษฎร์บูรณะ,21,19,40,24,16,4,5.25,4.75,10.0,6.0,4.0,ร้านสากลอะไหล่ 99 | เขตราษฎร์บูรณะ
ท่าน้ำสี่พระยา | เขตสัมพันธวงศ์,15,25,40,18,22,3,5.0,8.333333333333334,13.333333333333334,6.0,7.333333333333333,ท่าน้ำสี่พระยา | เขตสัมพันธวงศ์
ตรงข้ามกรุงธนบุรีตำรวจภูธรตำบลสำโรงเหนือเรือนจำ(ผู้หญิง) | เขตบางบอน,15,25,40,31,9,5,3.0,5.0,8.0,6.2,1.8,ตรงข้ามกรุงธนบุรีตำรวจภูธรตำบลสำโรงเหนือเรือนจำ(ผู้...
บางบอน 3 ซอย 4 | เขตบางบอน,28,12,40,23,17,5,5.6,2.4,8.0,4.6,3.4,บางบอน 3 ซอย 4 | เขตบางบอน
ซอยนวลจันทร์ 3 | เขตบึงกุ่ม,13,27,40,29,11,10,1.3,2.7,4.0,2.9,1.1,ซอยนวลจันทร์ 3 | เขตบึงกุ่ม
ท่ารามคำแหง 29 | เขตวังทองหลาง,7,32,39,19,20,8,0.875,4.0,4.875,2.375,2.5,ท่ารามคำแหง 29 | เขตวังทองหลาง
อู่รถเมล์สาย 207 (ม.รามคำแหง2) | เขตประเวศ,15,24,39,23,16,5,3.0,4.8,7.8,4.6,3.2,อู่รถเมล์สาย 207 (ม.รามคำแหง2) | เขตประเวศ
ซอยศรีนครินทร์ 54(อุดมสุข1) | เขตพระโขนง,21,18,39,21,18,2,10.5,9.0,19.5,10.5,9.0,ซอยศรีนครินทร์ 54(อุดมสุข1) | เขตพระโขนง
ตรงข้ามโรงเรียนสุเหร่าหะยีมินา | เขตหนองจอก,17,22,39,22,17,4,4.25,5.5,9.75,5.5,4.25,ตรงข้ามโรงเรียนสุเหร่าหะยีมินา | เขตหนองจอก
"""ตรงข้ามตลาดโชคชัย 4 | เขตวังทองหลาง",17,22,39,7,7,2,8.5,11.0,19.5,3.5,3.5,"""ตรงข้ามตลาดโชคชัย 4 | เขตวังทองหลาง"
"เซเว่นซอย39 ,หนูไล้จีนประธาน | เขตบางแค",19,20,39,25,14,4,4.75,5.0,9.75,6.25,3.5,"เซเว่นซอย39 ,หนูไล้จีนประธาน | เขตบางแค"
ธนาคารกรุงศรีอยุธยา(ถนนกาญจนาภิเษก) | เขตทวีวัฒนา,19,20,39,22,17,1,19.0,20.0,39.0,22.0,17.0,ธนาคารกรุงศรีอยุธยา(ถนนกาญจนาภิเษก) | เขตทวีวัฒนา
"""ศรีเอี่ยม | เขตบางนา",19,20,39,8,7,2,9.5,10.0,19.5,4.0,3.5,"""ศรีเอี่ยม | เขตบางนา"
ซอยภาวนาลาดพร้าว 41 | เขตลาดพร้าว,17,22,39,22,17,3,5.666666666666667,7.333333333333333,13.0,7.333333333333333,5.666666666666667,ซอยภาวนาลาดพร้าว 41 | เขตลาดพร้าว
"""แยกสุวินทวงศ์-รามคำแหง | เขตมีนบุรี",20,18,38,9,5,2,10.0,9.0,19.0,4.5,2.5,"""แยกสุวินทวงศ์-รามคำแหง | เขตมีนบุรี"
ซอยสายสิน | เขตจตุจักร,17,21,38,21,17,1,17.0,21.0,38.0,21.0,17.0,ซอยสายสิน | เขตจตุจักร
อู่รถเมล์ บ.วิริยะวงศ์ | เขตบางขุนเทียน,11,27,38,24,14,4,2.75,6.75,9.5,6.0,3.5,อู่รถเมล์ บ.วิริยะวงศ์ | เขตบางขุนเทียน
เกตเวย์เอกมัย | เขตวัฒนา,22,16,38,18,20,2,11.0,8.0,19.0,9.0,10.0,เกตเวย์เอกมัย | เขตวัฒนา
ปิยะสาทร | เขตสาทร,24,14,38,20,18,5,4.8,2.8,7.6,4.0,3.6,ปิยะสาทร | เขตสาทร
พุทธมณฑลสาย 1 ซอย 7 | เขตบางแค,18,20,38,17,21,1,18.0,20.0,38.0,17.0,21.0,พุทธมณฑลสาย 1 ซอย 7 | เขตบางแค
ร้านจัสมิน อาหารอิสลาม | เขตประเวศ,20,18,38,26,12,4,5.0,4.5,9.5,6.5,3.0,ร้านจัสมิน อาหารอิสลาม | เขตประเวศ
ธนบุรีพลาซ่า | เขตธนบุรี,18,20,38,24,14,4,4.5,5.0,9.5,6.0,3.5,ธนบุรีพลาซ่า | เขตธนบุรี
โรงเรียนโยธินบูรณะ | เขตดุสิต,20,18,38,32,6,4,5.0,4.5,9.5,8.0,1.5,โรงเรียนโยธินบูรณะ | เขตดุสิต
ท่าเทเวศน์ | เขตพระนคร,8,30,38,24,14,4,2.0,7.5,9.5,6.0,3.5,ท่าเทเวศน์ | เขตพระนคร
ตลาดราษฎร์บูรณะเก่า | เขตราษฎร์บูรณะ,22,16,38,22,16,3,7.333333333333333,5.333333333333333,12.666666666666666,7.333333333333333,5.333333333333333,ตลาดราษฎร์บูรณะเก่า | เขตราษฎร์บูรณะ
ซอยรุ่งเพชร(ถนนจันทร์ขาออก) | เขตยานนาวา,19,19,38,26,12,4,4.75,4.75,9.5,6.5,3.0,ซอยรุ่งเพชร(ถนนจันทร์ขาออก) | เขตยานนาวา
SRT พุทธมณฑล สาย 2 | เขตทวีวัฒนา,15,23,38,19,19,4,3.75,5.75,9.5,4.75,4.75,SRT พุทธมณฑล สาย 2 | เขตทวีวัฒนา
ซอยคู้บอน 50 | เขตคลองสามวา,25,12,37,22,15,4,6.25,3.0,9.25,5.5,3.75,ซอยคู้บอน 50 | เขตคลองสามวา
แยก คปอ. | เขตสายไหม,29,8,37,24,13,5,5.8,1.6,7.4,4.8,2.6,แยก คปอ. | เขตสายไหม
"ตรงข้ามโรงเรียนเสริมปัญญา,ตรงข้ามโรงเรียนอัสราฟียะฮ์ | เขตบางคอแหลม",19,18,37,23,14,4,4.75,4.5,9.25,5.75,3.5,"ตรงข้ามโรงเรียนเสริมปัญญา,ตรงข้ามโรงเรียนอัสราฟียะฮ..."
"""ธนาคารกสิกรไทยสาขาดาวคะนอง | เขตธนบุรี",20,17,37,11,9,2,10.0,8.5,18.5,5.5,4.5,"""ธนาคารกสิกรไทยสาขาดาวคะนอง | เขตธนบุรี"
มิตรไมตรี(ถนนประชาอุทิศขาออก) | เขตทุ่งครุ,23,14,37,24,13,4,5.75,3.5,9.25,6.0,3.25,มิตรไมตรี(ถนนประชาอุทิศขาออก) | เขตทุ่งครุ
คอตโต้ | เขตหลักสี่,22,15,37,27,10,6,3.6666666666666665,2.5,6.166666666666667,4.5,1.6666666666666667,คอตโต้ | เขตหลักสี่
"ซอยสุขุมวิท 12,ตรงข้ามโรบินสันสุขุมวิท | เขตวัฒนา",23,14,37,21,16,2,11.5,7.0,18.5,10.5,8.0,"ซอยสุขุมวิท 12,ตรงข้ามโรบินสันสุขุมวิท | เขตวัฒนา"
หมู่บ้านฉัตรชัยเขตหนองแขมซอยทวีพัฒนา 1 | เขตหนองแขม,24,13,37,21,16,5,4.8,2.6,7.4,4.2,3.2,หมู่บ้านฉัตรชัยเขตหนองแขมซอยทวีพัฒนา 1 | เขตหนองแขม
MRT บางซ่อน | เขตบางซื่อ,21,16,37,27,10,4,5.25,4.0,9.25,6.75,2.5,MRT บางซ่อน | เขตบางซื่อ
แยกนิด้า(ขาออก) | เขตบางกะปิ,19,18,37,23,14,3,6.333333333333333,6.0,12.333333333333334,7.666666666666667,4.666666666666667,แยกนิด้า(ขาออก) | เขตบางกะปิ
"""ตรงข้ามวัดน้อย | เขตบางซื่อ",19,18,37,8,5,2,9.5,9.0,18.5,4.0,2.5,"""ตรงข้ามวัดน้อย | เขตบางซื่อ"
สามแยกหัวลำโพง | เขตป้อมปราบศัตรูพ่าย,18,19,37,21,16,2,9.0,9.5,18.5,10.5,8.0,สามแยกหัวลำโพง | เขตป้อมปราบศัตรูพ่าย
ตรงข้ามโรงเรียนฮาซานันเอี๊ยะซาน | เขตหนองจอก,17,20,37,21,16,3,5.666666666666667,6.666666666666667,12.333333333333334,7.0,5.333333333333333,ตรงข้ามโรงเรียนฮาซานันเอี๊ยะซาน | เขตหนองจอก
"""หลังสวน 1 | เขตปทุมวัน",22,15,37,9,3,2,11.0,7.5,18.5,4.5,1.5,"""หลังสวน 1 | เขตปทุมวัน"
ตรงข้ามซอยวัดแคใต้ | เขตดุสิต,23,14,37,25,12,4,5.75,3.5,9.25,6.25,3.0,ตรงข้ามซอยวัดแคใต้ | เขตดุสิต
วิริยะประกันภัยคลอง3 | เขตสายไหม,15,22,37,31,6,4,3.75,5.5,9.25,7.75,1.5,วิริยะประกันภัยคลอง3 | เขตสายไหม
ตรงข้ามหมู่บ้านเกศรี 2 | เขตสะพานสูง,23,14,37,29,8,5,4.6,2.8,7.4,5.8,1.6,ตรงข้ามหมู่บ้านเกศรี 2 | เขตสะพานสูง
ท่าเรือเพชรเกษม 69 | เขตหนองแขม,21,16,37,21,16,3,7.0,5.333333333333333,12.333333333333334,7.0,5.333333333333333,ท่าเรือเพชรเกษม 69 | เขตหนองแขม
ตรงข้ามซอยโยธินพัฒนา | เขตบึงกุ่ม,20,16,36,15,21,2,10.0,8.0,18.0,7.5,10.5,ตรงข้ามซอยโยธินพัฒนา | เขตบึงกุ่ม
คลองบางเตย(ขาออก) | เขตบึงกุ่ม,24,12,36,16,20,3,8.0,4.0,12.0,5.333333333333333,6.666666666666667,คลองบางเตย(ขาออก) | เขตบึงกุ่ม
"""แม็คโครบางกะบือ | เขตดุสิต",18,18,36,8,6,2,9.0,9.0,18.0,4.0,3.0,"""แม็คโครบางกะบือ | เขตดุสิต"
โรงเรียนนานาชาติไบรท์ตันคอลเลจ | เขตสะพานสูง,18,18,36,36,0,1,18.0,18.0,36.0,36.0,0.0,โรงเรียนนานาชาติไบรท์ตันคอลเลจ | เขตสะพานสูง
โรงอาหาร ราม่า | เขตประเวศ,16,20,36,30,6,4,4.0,5.0,9.0,7.5,1.5,โรงอาหาร ราม่า | เขตประเวศ
สำนักงานศุลกากรตรวจสินค้าลาดกระบัง | เขตลาดกระบัง,12,24,36,28,8,8,1.5,3.0,4.5,3.5,1.0,สำนักงานศุลกากรตรวจสินค้าลาดกระบัง | เขตลาดกระบัง
โรงงานท่อน้ําไทย(ถนนทวีวัฒนาขาออก) | เขตหนองแขม,22,14,36,14,22,3,7.333333333333333,4.666666666666667,12.0,4.666666666666667,7.333333333333333,โรงงานท่อน้ําไทย(ถนนทวีวัฒนาขาออก) | เขตหนองแขม
ตรงข้ามโลตัสเลียบทางด่วนรามอินทรา | เขตบางกะปิ,21,15,36,18,18,1,21.0,15.0,36.0,18.0,18.0,ตรงข้ามโลตัสเลียบทางด่วนรามอินทรา | เขตบางกะปิ
ตรงข้ามซอยประชาอุทิศ 79 | เขตทุ่งครุ,23,13,36,24,12,4,5.75,3.25,9.0,6.0,3.0,ตรงข้ามซอยประชาอุทิศ 79 | เขตทุ่งครุ
ตลาดสุคนธสวัสดิ์(ขาออก) | เขตลาดพร้าว,22,14,36,24,12,4,5.5,3.5,9.0,6.0,3.0,ตลาดสุคนธสวัสดิ์(ขาออก) | เขตลาดพร้าว
โชว์รูมฮอนด้า(ถนนคู่บอนขาออก) | เขตคลองสามวา,15,21,36,23,13,4,3.75,5.25,9.0,5.75,3.25,โชว์รูมฮอนด้า(ถนนคู่บอนขาออก) | เขตคลองสามวา
ตรงข้ามเลียบคลองบึงเตย | เขตหนองจอก,15,21,36,23,13,5,3.0,4.2,7.2,4.6,2.6,ตรงข้ามเลียบคลองบึงเตย | เขตหนองจอก
ท่ามศว.ประสานมิตร | เขตวัฒนา,15,21,36,22,14,3,5.0,7.0,12.0,7.333333333333333,4.666666666666667,ท่ามศว.ประสานมิตร | เขตวัฒนา
ตรงข้ามหมู่บ้านอรุณวรรณ | เขตคลองสามวา,21,15,36,24,12,5,4.2,3.0,7.2,4.8,2.4,ตรงข้ามหมู่บ้านอรุณวรรณ | เขตคลองสามวา
พาหุรัด(อินเดียเอ็มโพเรียม) | เขตสัมพันธวงศ์,9,27,36,20,16,3,3.0,9.0,12.0,6.666666666666667,5.333333333333333,พาหุรัด(อินเดียเอ็มโพเรียม) | เขตสัมพันธวงศ์
"""ฉลองกรุง ซอย 33 | เขตลาดกระบัง",16,20,36,7,8,1,16.0,20.0,36.0,7.0,8.0,"""ฉลองกรุง ซอย 33 | เขตลาดกระบัง"
หมู่บ้านรุ่งกิจวิลล่า 14 | เขตลาดกระบัง,20,16,36,23,13,4,5.0,4.0,9.0,5.75,3.25,หมู่บ้านรุ่งกิจวิลล่า 14 | เขตลาดกระบัง
"""ตรงข้ามโรงพยาบาลศรีวิชัย | เขตบางกอกน้อย",18,18,36,5,3,2,9.0,9.0,18.0,2.5,1.5,"""ตรงข้ามโรงพยาบาลศรีวิชัย | เขตบางกอกน้อย"
ซอยเอกชัย 116 | เขตบางบอน,22,14,36,25,11,5,4.4,2.8,7.2,5.0,2.2,ซอยเอกชัย 116 | เขตบางบอน
ตรงข้ามซอยอ่อนนุช 30 | เขตพระโขนง,21,15,36,17,19,1,21.0,15.0,36.0,17.0,19.0,ตรงข้ามซอยอ่อนนุช 30 | เขตพระโขนง
สวนสัตว์ดุสิต | เขตดุสิต,17,19,36,24,12,4,4.25,4.75,9.0,6.0,3.0,สวนสัตว์ดุสิต | เขตดุสิต
แยกสะพานเหลือง (ขาเข้า) | เขตบางรัก,23,12,35,20,15,3,7.666666666666667,4.0,11.666666666666666,6.666666666666667,5.0,แยกสะพานเหลือง (ขาเข้า) | เขตบางรัก
"""BTS แบริ่ง | เขตบางนา",18,17,35,9,8,2,9.0,8.5,17.5,4.5,4.0,"""BTS แบริ่ง | เขตบางนา"
กม.26 | เขตดอนเมือง,21,14,35,22,13,3,7.0,4.666666666666667,11.666666666666666,7.333333333333333,4.333333333333333,กม.26 | เขตดอนเมือง
บริษัท แกรนด์โฟร์ ดีไซน์ จำกัด | เขตประเวศ,19,16,35,24,11,4,4.75,4.0,8.75,6.0,2.75,บริษัท แกรนด์โฟร์ ดีไซน์ จำกัด | เขตประเวศ
ตรงข้ามประชานิเวศน์1 | เขตจตุจักร,14,21,35,18,17,2,7.0,10.5,17.5,9.0,8.5,ตรงข้ามประชานิเวศน์1 | เขตจตุจักร
กระทรวงคมนาคม | เขตป้อมปราบศัตรูพ่าย,10,25,35,22,13,3,3.3333333333333335,8.333333333333334,11.666666666666666,7.333333333333333,4.333333333333333,กระทรวงคมนาคม | เขตป้อมปราบศัตรูพ่าย
การรถไฟแห่งประเทศไทย | เขตปทุมวัน,12,23,35,26,9,4,3.0,5.75,8.75,6.5,2.25,การรถไฟแห่งประเทศไทย | เขตปทุมวัน
ซอยสุคนสวัสดิ์ 38 | เขตบึงกุ่ม,27,8,35,24,11,3,9.0,2.6666666666666665,11.666666666666666,8.0,3.6666666666666665,ซอยสุคนสวัสดิ์ 38 | เขตบึงกุ่ม
"""ซอยพหลโยธิน 5 | เขตพญาไท",18,17,35,7,4,2,9.0,8.5,17.5,3.5,2.0,"""ซอยพหลโยธิน 5 | เขตพญาไท"
ตรงข้ามสนามกีฬาเสนา | เขตลาดพร้าว,20,15,35,24,11,4,5.0,3.75,8.75,6.0,2.75,ตรงข้ามสนามกีฬาเสนา | เขตลาดพร้าว
สนามกอล์ฟกรุงเทพกรีฑา | เขตบางกะปิ,17,18,35,19,16,2,8.5,9.0,17.5,9.5,8.0,สนามกอล์ฟกรุงเทพกรีฑา | เขตบางกะปิ
"""วัดราชนัดดา | เขตพระนคร",13,22,35,2,3,2,6.5,11.0,17.5,1.0,1.5,"""วัดราชนัดดา | เขตพระนคร"
ร้านอาหารรถเมล์ | เขตคลองสามวา,21,14,35,18,17,4,5.25,3.5,8.75,4.5,4.25,ร้านอาหารรถเมล์ | เขตคลองสามวา
ตรงข้ามโรงเรียนพณิชยการเชตุพน | เขตราษฎร์บูรณะ,19,16,35,24,11,4,4.75,4.0,8.75,6.0,2.75,ตรงข้ามโรงเรียนพณิชยการเชตุพน | เขตราษฎร์บูรณะ
บริษัท สหพัฒนพิบูลจำกัด | เขตมีนบุรี,27,8,35,22,13,5,5.4,1.6,7.0,4.4,2.6,บริษัท สหพัฒนพิบูลจำกัด | เขตมีนบุรี
"""กรมสวัสดิการและคุ้มครองแรงงาน กองตรวจความปลอดภัย | เขตตลิ่งชัน",17,18,35,6,1,2,8.5,9.0,17.5,3.0,0.5,"""กรมสวัสดิการและคุ้มครองแรงงาน กองตรวจความปลอดภัย |..."
ซอยสาธุประดิษฐ์ 58 | เขตบางคอแหลม,19,16,35,20,15,2,9.5,8.0,17.5,10.0,7.5,ซอยสาธุประดิษฐ์ 58 | เขตบางคอแหลม
ตรงข้ามหมู่บ้านสหกรณ์ | เขตบึงกุ่ม,19,16,35,22,13,2,9.5,8.0,17.5,11.0,6.5,ตรงข้ามหมู่บ้านสหกรณ์ | เขตบึงกุ่ม
ซอยคั่วพริกก่อนถึงแยกกรมศุลกากร | เขตคลองเตย,26,9,35,27,8,5,5.2,1.8,7.0,5.4,1.6,ซอยคั่วพริกก่อนถึงแยกกรมศุลกากร | เขตคลองเตย
"ตรงข้าม กม.25,ซอยพหลโยธิน 54/1 | เขตสายไหม",18,17,35,21,14,3,6.0,5.666666666666667,11.666666666666666,7.0,4.666666666666667,"ตรงข้าม กม.25,ซอยพหลโยธิน 54/1 | เขตสายไหม"
ซอยประดิษฐ์มนูธรรม 29 | เขตลาดพร้าว,19,16,35,22,13,4,4.75,4.0,8.75,5.5,3.25,ซอยประดิษฐ์มนูธรรม 29 | เขตลาดพร้าว
ซอยเจริญนคร 57/1 | เขตธนบุรี,17,17,34,20,14,3,5.666666666666667,5.666666666666667,11.333333333333334,6.666666666666667,4.666666666666667,ซอยเจริญนคร 57/1 | เขตธนบุรี
"หมู่บ้านพรหมพิทักษ์,ตรงข้ามสตรีประเทืองวิทย์ | เขตหนองแขม",9,25,34,21,13,5,1.8,5.0,6.8,4.2,2.6,"หมู่บ้านพรหมพิทักษ์,ตรงข้ามสตรีประเทืองวิทย์ | เขตห..."
โรงเรียนวิมุตยารามพิทยากร | เขตบางพลัด,19,15,34,17,17,3,6.333333333333333,5.0,11.333333333333334,5.666666666666667,5.666666666666667,โรงเรียนวิมุตยารามพิทยากร | เขตบางพลัด
"""อาคารแปซิฟิคเฟลล์ | เขตวัฒนา",20,14,34,13,15,2,10.0,7.0,17.0,6.5,7.5,"""อาคารแปซิฟิคเฟลล์ | เขตวัฒนา"
"ซอยศรีบูรพา 3,ครัวริมบึง | เขตบึงกุ่ม",6,28,34,19,15,4,1.5,7.0,8.5,4.75,3.75,"ซอยศรีบูรพา 3,ครัวริมบึง | เขตบึงกุ่ม"
เรือนจำพิเศษมีนบุรี | เขตมีนบุรี,18,16,34,26,8,5,3.6,3.2,6.8,5.2,1.6,เรือนจำพิเศษมีนบุรี | เขตมีนบุรี
"""วัดเชิงหวาย | เขตบางซื่อ",19,15,34,11,11,2,9.5,7.5,17.0,5.5,5.5,"""วัดเชิงหวาย | เขตบางซื่อ"
ตรงข้ามโรงพยาบาลการุณเวช(ถนนรามคำแหง) | เขตสะพานสูง,21,13,34,26,8,4,5.25,3.25,8.5,6.5,2.0,ตรงข้ามโรงพยาบาลการุณเวช(ถนนรามคำแหง) | เขตสะพานสูง
แยกร่มเกล้า(ตรงข้ามบิ๊กซีร่มเกล้า) | เขตมีนบุรี,19,15,34,30,4,3,6.333333333333333,5.0,11.333333333333334,10.0,1.3333333333333333,แยกร่มเกล้า(ตรงข้ามบิ๊กซีร่มเกล้า) | เขตมีนบุรี
ปั๊มน้ำมันปิโตรนัสมาเก็ตติ้ง | เขตบางแค,24,9,33,20,13,3,8.0,3.0,11.0,6.666666666666667,4.333333333333333,ปั๊มน้ำมันปิโตรนัสมาเก็ตติ้ง | เขตบางแค
ซอยราษฏ์บูรณะ 46 | เขตราษฎร์บูรณะ,13,20,33,24,9,4,3.25,5.0,8.25,6.0,2.25,ซอยราษฏ์บูรณะ 46 | เขตราษฎร์บูรณะ
"""ซอยเทอดไท 22 | เขตธนบุรี",17,16,33,7,3,2,8.5,8.0,16.5,3.5,1.5,"""ซอยเทอดไท 22 | เขตธนบุรี"
หมู่บ้านบุรีรมย์(ถนนคู้บอน ขาออก) | เขตคลองสามวา,16,17,33,25,8,2,8.0,8.5,16.5,12.5,4.0,หมู่บ้านบุรีรมย์(ถนนคู้บอน ขาออก) | เขตคลองสามวา
ท่าทองหล่อ | เขตห้วยขวาง,18,15,33,16,17,1,18.0,15.0,33.0,16.0,17.0,ท่าทองหล่อ | เขตห้วยขวาง
ซอยคู้บอน 20 ตรงข้ามซอย25 | เขตคันนายาว,22,11,33,19,14,3,7.333333333333333,3.6666666666666665,11.0,6.333333333333333,4.666666666666667,ซอยคู้บอน 20 ตรงข้ามซอย25 | เขตคันนายาว
ตรงข้ามวัดปากบึง เคหะร่มเกล้า | เขตมีนบุรี,20,13,33,19,14,1,20.0,13.0,33.0,19.0,14.0,ตรงข้ามวัดปากบึง เคหะร่มเกล้า | เขตมีนบุรี
ตรงข้ามหน้าอู่ลาดกระบัง | เขตลาดกระบัง,18,15,33,10,23,4,4.5,3.75,8.25,2.5,5.75,ตรงข้ามหน้าอู่ลาดกระบัง | เขตลาดกระบัง
ตรงข้ามมหาวิทยาลัยเทคโนโลยีพระจอมเกล้าพระนครเหนือ | เขตบางซื่อ,20,13,33,27,6,4,5.0,3.25,8.25,6.75,1.5,ตรงข้ามมหาวิทยาลัยเทคโนโลยีพระจอมเกล้าพระนครเหนือ |...
"""แฟลตทหารบก | เขตพญาไท",20,13,33,12,7,2,10.0,6.5,16.5,6.0,3.5,"""แฟลตทหารบก | เขตพญาไท"
"""ซอยเพชรเกษม 106 | เขตหนองแขม",11,22,33,2,4,1,11.0,22.0,33.0,2.0,4.0,"""ซอยเพชรเกษม 106 | เขตหนองแขม"
"""ประกันสังคม | เขตธนบุรี",15,18,33,7,8,1,15.0,18.0,33.0,7.0,8.0,"""ประกันสังคม | เขตธนบุรี"
ศาลเจ้าพ่อกวนอู | เขตคลองเตย,17,16,33,22,11,5,3.4,3.2,6.6,4.4,2.2,ศาลเจ้าพ่อกวนอู | เขตคลองเตย
ท่าเรือสะพานกาญจนาภิเษก | เขตบางแค,12,21,33,11,22,4,3.0,5.25,8.25,2.75,5.5,ท่าเรือสะพานกาญจนาภิเษก | เขตบางแค
"""ศรีบูรพา 22 | เขตบึงกุ่ม",17,16,33,8,6,2,8.5,8.0,16.5,4.0,3.0,"""ศรีบูรพา 22 | เขตบึงกุ่ม"
"""โรงพยาบาลไทยนครินทร์ | เขตบางนา",19,14,33,11,8,2,9.5,7.0,16.5,5.5,4.0,"""โรงพยาบาลไทยนครินทร์ | เขตบางนา"
"ซอยอ่อนนุช 67/2,อ่อนนุช 69 | เขตประเวศ",20,13,33,30,3,3,6.666666666666667,4.333333333333333,11.0,10.0,1.0,"ซอยอ่อนนุช 67/2,อ่อนนุช 69 | เขตประเวศ"
วิทยาลัยเทคโนโลยีแฟชั่นนานาชาติ | เขตคลองสามวา,19,14,33,27,6,4,4.75,3.5,8.25,6.75,1.5,วิทยาลัยเทคโนโลยีแฟชั่นนานาชาติ | เขตคลองสามวา
"""หมู่บ้านธนิทร | เขตดอนเมือง",18,15,33,8,3,2,9.0,7.5,16.5,4.0,1.5,"""หมู่บ้านธนิทร | เขตดอนเมือง"
โรงเรียนธรรมมานูรุดสลาม | เขตประเวศ,16,17,33,25,8,4,4.0,4.25,8.25,6.25,2.0,โรงเรียนธรรมมานูรุดสลาม | เขตประเวศ
"ซอยประชาร่วมใจ 55,มัสยิดอัสสละฟียะฮ์ | เขตมีนบุรี",18,14,32,20,12,4,4.5,3.5,8.0,5.0,3.0,"ซอยประชาร่วมใจ 55,มัสยิดอัสสละฟียะฮ์ | เขตมีนบุรี"
"ถนนสวรรคโลกป้าย 1,แยกยมราช | เขตดุสิต",15,17,32,18,14,3,5.0,5.666666666666667,10.666666666666666,6.0,4.666666666666667,"ถนนสวรรคโลกป้าย 1,แยกยมราช | เขตดุสิต"
สำนักงานก.พ | เขตดุสิต,16,16,32,25,7,3,5.333333333333333,5.333333333333333,10.666666666666666,8.333333333333334,2.3333333333333335,สำนักงานก.พ | เขตดุสิต
"""ซอยม่วงสกุล 1 | เขตบางขุนเทียน",14,18,32,3,2,2,7.0,9.0,16.0,1.5,1.0,"""ซอยม่วงสกุล 1 | เขตบางขุนเทียน"
วัดช่างเหล็ก | เขตตลิ่งชัน,21,11,32,20,12,4,5.25,2.75,8.0,5.0,3.0,วัดช่างเหล็ก | เขตตลิ่งชัน
"""วัดนาคปรก | เขตภาษีเจริญ",16,16,32,6,9,1,16.0,16.0,32.0,6.0,9.0,"""วัดนาคปรก | เขตภาษีเจริญ"
หมู่บ้านลัดดาวัลย์ ถนนราชพฤกษ์ | เขตภาษีเจริญ,18,14,32,20,12,4,4.5,3.5,8.0,5.0,3.0,หมู่บ้านลัดดาวัลย์ ถนนราชพฤกษ์ | เขตภาษีเจริญ
สปานวดแผนไทย | เขตวังทองหลาง,21,11,32,17,15,5,4.2,2.2,6.4,3.4,3.0,สปานวดแผนไทย | เขตวังทองหลาง
เต้นท์รถ | เขตวังทองหลาง,16,15,31,27,4,3,5.333333333333333,5.0,10.333333333333334,9.0,1.3333333333333333,เต้นท์รถ | เขตวังทองหลาง
ตรงข้ามกรมสรรพากรพื้นที่ 11 | เขตมีนบุรี,26,5,31,20,11,4,6.5,1.25,7.75,5.0,2.75,ตรงข้ามกรมสรรพากรพื้นที่ 11 | เขตมีนบุรี
"""ตรงข้ามกรมอุตุนิยมวิทยา | เขตบางนา",13,18,31,2,0,2,6.5,9.0,15.5,1.0,0.0,"""ตรงข้ามกรมอุตุนิยมวิทยา | เขตบางนา"
ซอยเสรีไทย 68 แยก 1 | เขตมีนบุรี,17,14,31,18,13,3,5.666666666666667,4.666666666666667,10.333333333333334,6.0,4.333333333333333,ซอยเสรีไทย 68 แยก 1 | เขตมีนบุรี
ซอยจันทน์ 29(ขาออก) | เขตบางคอแหลม,14,17,31,17,14,2,7.0,8.5,15.5,8.5,7.0,ซอยจันทน์ 29(ขาออก) | เขตบางคอแหลม
"หมู่บ้านพงษ์ศิริชัย 2,พุทธมณฑลสาย4 | เขตหนองแขม",14,17,31,15,16,2,7.0,8.5,15.5,7.5,8.0,"หมู่บ้านพงษ์ศิริชัย 2,พุทธมณฑลสาย4 | เขตหนองแขม"
"""ตึกเอสซีบี | เขตจตุจักร",20,11,31,12,2,2,10.0,5.5,15.5,6.0,1.0,"""ตึกเอสซีบี | เขตจตุจักร"
ตรงข้ามสถานีตำรวจจรเข้น้อย | เขตลาดกระบัง,26,5,31,21,10,5,5.2,1.0,6.2,4.2,2.0,ตรงข้ามสถานีตำรวจจรเข้น้อย | เขตลาดกระบัง
หมู่บ้านรื่นฤดี6ตรงข้ามหมู่บ้านบุรีรมย์ 2 | เขตคลองสามวา,20,11,31,22,9,4,5.0,2.75,7.75,5.5,2.25,หมู่บ้านรื่นฤดี6ตรงข้ามหมู่บ้านบุรีรมย์ 2 | เขตคลอง...
ท่ามศว.ประสานมิตร | เขตห้วยขวาง,13,18,31,18,13,3,4.333333333333333,6.0,10.333333333333334,6.0,4.333333333333333,ท่ามศว.ประสานมิตร | เขตห้วยขวาง
ตรงข้ามซอยเชื่อมสัมพันธ์ 6 | เขตหนองจอก,6,25,31,18,13,3,2.0,8.333333333333334,10.333333333333334,6.0,4.333333333333333,ตรงข้ามซอยเชื่อมสัมพันธ์ 6 | เขตหนองจอก
"""ตลาดบางซ่อน | เขตบางซื่อ",14,16,30,7,6,1,14.0,16.0,30.0,7.0,6.0,"""ตลาดบางซ่อน | เขตบางซื่อ"
ร้านอาหารแมกไม้ | เขตบึงกุ่ม,16,14,30,14,16,1,16.0,14.0,30.0,14.0,16.0,ร้านอาหารแมกไม้ | เขตบึงกุ่ม
สำนักงานประปาสาขาแม้นศรี | เขตพญาไท,14,16,30,24,6,3,4.666666666666667,5.333333333333333,10.0,8.0,2.0,สำนักงานประปาสาขาแม้นศรี | เขตพญาไท
รร.เตรียมอุดมฯ รัชดา | เขตดินแดง,19,11,30,20,10,1,19.0,11.0,30.0,20.0,10.0,รร.เตรียมอุดมฯ รัชดา | เขตดินแดง
วัดบางบอน | เขตบางบอน,12,18,30,19,11,4,3.0,4.5,7.5,4.75,2.75,วัดบางบอน | เขตบางบอน
แยกเคหะร่มเกล้า | เขตมีนบุรี,16,14,30,27,3,4,4.0,3.5,7.5,6.75,0.75,แยกเคหะร่มเกล้า | เขตมีนบุรี
"""บ้านกล้วย | เขตคลองเตย",12,18,30,4,4,1,12.0,18.0,30.0,4.0,4.0,"""บ้านกล้วย | เขตคลองเตย"
ตรงข้ามเทสโก้โลตัสปิ่นเกล้า | เขตบางกอกน้อย,20,10,30,13,17,1,20.0,10.0,30.0,13.0,17.0,ตรงข้ามเทสโก้โลตัสปิ่นเกล้า | เขตบางกอกน้อย
บ้านราชวิถี | เขตดุสิต,18,12,30,14,16,3,6.0,4.0,10.0,4.666666666666667,5.333333333333333,บ้านราชวิถี | เขตดุสิต
ศูนย์ก่อสร้างบูรณะถนน 3 | เขตประเวศ,13,17,30,23,7,1,13.0,17.0,30.0,23.0,7.0,ศูนย์ก่อสร้างบูรณะถนน 3 | เขตประเวศ
"""ตรงข้ามวัดสระเกศ | เขตป้อมปราบศัตรูพ่าย",13,17,30,5,13,1,13.0,17.0,30.0,5.0,13.0,"""ตรงข้ามวัดสระเกศ | เขตป้อมปราบศัตรูพ่าย"
"""กรมชลประทาน | เขตดุสิต",16,14,30,6,3,1,16.0,14.0,30.0,6.0,3.0,"""กรมชลประทาน | เขตดุสิต"
ซอยอ่อนนุช 84 | เขตประเวศ,20,10,30,24,6,4,5.0,2.5,7.5,6.0,1.5,ซอยอ่อนนุช 84 | เขตประเวศ
ตรงข้ามซอยทวีวัฒนา-กาญจนาภิเษก | เขตตลิ่งชัน,18,12,30,19,11,4,4.5,3.0,7.5,4.75,2.75,ตรงข้ามซอยทวีวัฒนา-กาญจนาภิเษก | เขตตลิ่งชัน
โรงเรียนปัญจทรัพย์ | เขตห้วยขวาง,14,16,30,16,14,1,14.0,16.0,30.0,16.0,14.0,โรงเรียนปัญจทรัพย์ | เขตห้วยขวาง
ตรงข้ามหมู่บ้านนันทวัน | เขตบางแค,18,12,30,19,11,7,2.5714285714285716,1.7142857142857142,4.285714285714286,2.7142857142857144,1.5714285714285714,ตรงข้ามหมู่บ้านนันทวัน | เขตบางแค
หมู่บ้านนิสา | เขตบางแค,18,12,30,16,14,2,9.0,6.0,15.0,8.0,7.0,หมู่บ้านนิสา | เขตบางแค
เยาวราช | เขตป้อมปราบศัตรูพ่าย,19,11,30,16,14,2,9.5,5.5,15.0,8.0,7.0,เยาวราช | เขตป้อมปราบศัตรูพ่าย
ตรงข้ามบางบอน 3 ซอย 6/5 | เขตบางบอน,18,12,30,17,13,4,4.5,3.0,7.5,4.25,3.25,ตรงข้ามบางบอน 3 ซอย 6/5 | เขตบางบอน
"ซอยวิภาวดี 14,ก่อนถึงแยกสุทธิสาร | เขตดินแดง",13,16,29,18,11,2,6.5,8.0,14.5,9.0,5.5,"ซอยวิภาวดี 14,ก่อนถึงแยกสุทธิสาร | เขตดินแดง"
แยกหัวลำโพง | เขตสัมพันธวงศ์,15,14,29,14,15,1,15.0,14.0,29.0,14.0,15.0,แยกหัวลำโพง | เขตสัมพันธวงศ์
"""จัสโก้แจ้งวัฒนะ | เขตบางเขน",13,16,29,3,4,2,6.5,8.0,14.5,1.5,2.0,"""จัสโก้แจ้งวัฒนะ | เขตบางเขน"
ตรงข้ามกรมบังคับคดี | เขตบางกอกน้อย,12,17,29,22,7,4,3.0,4.25,7.25,5.5,1.75,ตรงข้ามกรมบังคับคดี | เขตบางกอกน้อย
โรงเรียนปราโมชวิทยาทาน | เขตหลักสี่,13,16,29,18,11,2,6.5,8.0,14.5,9.0,5.5,โรงเรียนปราโมชวิทยาทาน | เขตหลักสี่
ตลาดร่วมใจ(วุฒากาศ1) | เขตธนบุรี,13,16,29,14,15,3,4.333333333333333,5.333333333333333,9.666666666666666,4.666666666666667,5.0,ตลาดร่วมใจ(วุฒากาศ1) | เขตธนบุรี
MRT คลองเตย | เขตยานนาวา,14,15,29,13,16,1,14.0,15.0,29.0,13.0,16.0,MRT คลองเตย | เขตยานนาวา
"""สวนรื่นฤดี | เขตดุสิต",13,16,29,5,2,2,6.5,8.0,14.5,2.5,1.0,"""สวนรื่นฤดี | เขตดุสิต"
ท่าพายัพ | เขตดุสิต,6,23,29,16,13,4,1.5,5.75,7.25,4.0,3.25,ท่าพายัพ | เขตดุสิต
ซอยราษฎร์บูรณะ 12 | เขตราษฎร์บูรณะ,16,13,29,22,7,3,5.333333333333333,4.333333333333333,9.666666666666666,7.333333333333333,2.3333333333333335,ซอยราษฎร์บูรณะ 12 | เขตราษฎร์บูรณะ
โรงเรียนกสินธรอนุสรณ์ตรงข้ามกสิณธรคาเดมี่ | เขตบางแค,15,14,29,13,16,4,3.75,3.5,7.25,3.25,4.0,โรงเรียนกสินธรอนุสรณ์ตรงข้ามกสิณธรคาเดมี่ | เขตบางแค
โรงเรียนผ่องสุวรรณ | เขตสายไหม,6,23,29,19,10,4,1.5,5.75,7.25,4.75,2.5,โรงเรียนผ่องสุวรรณ | เขตสายไหม
ชุมชนอมรทรัพย์ | เขตหนองจอก,15,14,29,18,11,5,3.0,2.8,5.8,3.6,2.2,ชุมชนอมรทรัพย์ | เขตหนองจอก
ตรงข้ามบางบอน 3 ซอย 4 | เขตบางบอน,19,10,29,18,11,3,6.333333333333333,3.3333333333333335,9.666666666666666,6.0,3.6666666666666665,ตรงข้ามบางบอน 3 ซอย 4 | เขตบางบอน
"""หอนาฬิกาห้วยขวาง | เขตดินแดง",16,13,29,7,2,2,8.0,6.5,14.5,3.5,1.0,"""หอนาฬิกาห้วยขวาง | เขตดินแดง"
ตรงข้ามเคหะรามอินทรา | เขตคันนายาว,15,14,29,20,9,3,5.0,4.666666666666667,9.666666666666666,6.666666666666667,3.0,ตรงข้ามเคหะรามอินทรา | เขตคันนายาว
แยกนิคมอุตสาหกรรมลาดกระบัง(ขาออก) | เขตลาดกระบัง,14,15,29,23,6,4,3.5,3.75,7.25,5.75,1.5,แยกนิคมอุตสาหกรรมลาดกระบัง(ขาออก) | เขตลาดกระบัง
ริมคลอง | เขตบางแค,11,18,29,16,13,2,5.5,9.0,14.5,8.0,6.5,ริมคลอง | เขตบางแค
อินทนนท์ | เขตบางเขน,17,11,28,8,20,2,8.5,5.5,14.0,4.0,10.0,อินทนนท์ | เขตบางเขน
ศูนย์ราชการแจ้งวัฒนะ อาคาร A | เขตหลักสี่,10,18,28,21,7,5,2.0,3.6,5.6,4.2,1.4,ศูนย์ราชการแจ้งวัฒนะ อาคาร A | เขตหลักสี่
ตรงข้ามซอยเอื้ออาทรลาดกระบัง | เขตลาดกระบัง,11,17,28,15,13,3,3.6666666666666665,5.666666666666667,9.333333333333334,5.0,4.333333333333333,ตรงข้ามซอยเอื้ออาทรลาดกระบัง | เขตลาดกระบัง
อาคารเอื้ออมรสุข | เขตสาทร,12,16,28,15,13,2,6.0,8.0,14.0,7.5,6.5,อาคารเอื้ออมรสุข | เขตสาทร
ตรงข้ามตลาดดาวคะนอง | เขตราษฎร์บูรณะ,15,13,28,15,13,1,15.0,13.0,28.0,15.0,13.0,ตรงข้ามตลาดดาวคะนอง | เขตราษฎร์บูรณะ
วัดโพธิ์เรียง | เขตบางกอกใหญ่,14,14,28,15,13,1,14.0,14.0,28.0,15.0,13.0,วัดโพธิ์เรียง | เขตบางกอกใหญ่
ตรงข้ามซอยวัดอัมพวัน | เขตดุสิต,13,15,28,18,10,4,3.25,3.75,7.0,4.5,2.5,ตรงข้ามซอยวัดอัมพวัน | เขตดุสิต
บริษัทสง่าดำรงค์เศรษฐกิจ 6 | เขตบางแค,16,12,28,21,7,3,5.333333333333333,4.0,9.333333333333334,7.0,2.3333333333333335,บริษัทสง่าดำรงค์เศรษฐกิจ 6 | เขตบางแค
"""ซอยพึ่งบุญ(นวมินทร์ 69) | เขตบึงกุ่ม",17,11,28,7,3,1,17.0,11.0,28.0,7.0,3.0,"""ซอยพึ่งบุญ(นวมินทร์ 69) | เขตบึงกุ่ม"
บริษัทมิตซูแยกถนนราษฎร์อุทิศ | เขตมีนบุรี,14,14,28,12,16,3,4.666666666666667,4.666666666666667,9.333333333333334,4.0,5.333333333333333,บริษัทมิตซูแยกถนนราษฎร์อุทิศ | เขตมีนบุรี
ตลาดนางเลิ้ง | เขตดุสิต,14,14,28,12,16,1,14.0,14.0,28.0,12.0,16.0,ตลาดนางเลิ้ง | เขตดุสิต
ตรงข้ามโรงเรียนโปลีเทคนิคพานิชย์กรุงเทพ | เขตตลิ่งชัน,21,7,28,17,11,6,3.5,1.1666666666666667,4.666666666666667,2.8333333333333335,1.8333333333333333,ตรงข้ามโรงเรียนโปลีเทคนิคพานิชย์กรุงเทพ | เขตตลิ่งช...
ข้าวแกงกัญญ์มาลี | เขตบางเขน,16,12,28,22,6,4,4.0,3.0,7.0,5.5,1.5,ข้าวแกงกัญญ์มาลี | เขตบางเขน
"""แยกอุรุพงษ์ | เขตราชเทวี",14,14,28,7,4,1,14.0,14.0,28.0,7.0,4.0,"""แยกอุรุพงษ์ | เขตราชเทวี"
บ้านสวนร่มเกล้า | เขตมีนบุรี,18,10,28,18,10,3,6.0,3.3333333333333335,9.333333333333334,6.0,3.3333333333333335,บ้านสวนร่มเกล้า | เขตมีนบุรี
"""แยกมีนบุรีตรงข้ามตะเกียง | เขตมีนบุรี",13,15,28,6,3,1,13.0,15.0,28.0,6.0,3.0,"""แยกมีนบุรีตรงข้ามตะเกียง | เขตมีนบุรี"
MRT บางเขน (MRT สายสีแดง) | เขตจตุจักร,8,20,28,14,14,4,2.0,5.0,7.0,3.5,3.5,MRT บางเขน (MRT สายสีแดง) | เขตจตุจักร
รุ่งกิจวิลล่า11 | เขตลาดกระบัง,21,6,27,21,6,3,7.0,2.0,9.0,7.0,2.0,รุ่งกิจวิลล่า11 | เขตลาดกระบัง
"""โรงเรียนเขมะสิริอนุสรณ์ | เขตบางพลัด",13,14,27,4,4,1,13.0,14.0,27.0,4.0,4.0,"""โรงเรียนเขมะสิริอนุสรณ์ | เขตบางพลัด"
MRT คลองเตย | เขตปทุมวัน,14,13,27,16,11,1,14.0,13.0,27.0,16.0,11.0,MRT คลองเตย | เขตปทุมวัน
"""ข้างตลาดเตาปูน | เขตบางซื่อ",17,10,27,11,8,2,8.5,5.0,13.5,5.5,4.0,"""ข้างตลาดเตาปูน | เขตบางซื่อ"
เจริญนคร ซอย 54-56 | เขตธนบุรี,12,15,27,23,4,2,6.0,7.5,13.5,11.5,2.0,เจริญนคร ซอย 54-56 | เขตธนบุรี
"""แยกพระราม 4 | เขตคลองเตย",16,11,27,9,3,1,16.0,11.0,27.0,9.0,3.0,"""แยกพระราม 4 | เขตคลองเตย"
"วัดอู่ตะเภา, ตรงข้ามบริษัท เอฟ.บี.ที. จำกัด | เขตหนองจอก",15,12,27,19,8,3,5.0,4.0,9.0,6.333333333333333,2.6666666666666665,"วัดอู่ตะเภา, ตรงข้ามบริษัท เอฟ.บี.ที. จำกัด | เขตหน..."
ตรงข้ามบริษัท ไทยรุ่งยูเนียนคาร์ จำกัด (มหาชน) | เขตหนองแขม,18,9,27,17,10,3,6.0,3.0,9.0,5.666666666666667,3.3333333333333335,ตรงข้ามบริษัท ไทยรุ่งยูเนียนคาร์ จำกัด (มหาชน) | เข...
การสื่อสารโทรคมนาคมมีนบุรี | เขตมีนบุรี,15,12,27,18,9,3,5.0,4.0,9.0,6.0,3.0,การสื่อสารโทรคมนาคมมีนบุรี | เขตมีนบุรี
หมู่บ้านกรีนนิชชาเล่ต์ | เขตทวีวัฒนา,22,5,27,16,11,3,7.333333333333333,1.6666666666666667,9.0,5.333333333333333,3.6666666666666665,หมู่บ้านกรีนนิชชาเล่ต์ | เขตทวีวัฒนา
ซอยพุทธบูชา 28 | เขตทุ่งครุ,15,12,27,22,5,3,5.0,4.0,9.0,7.333333333333333,1.6666666666666667,ซอยพุทธบูชา 28 | เขตทุ่งครุ
"""ตรงข้ามเรือนจำกลางคลองเปรม | เขตจตุจักร",15,12,27,6,3,2,7.5,6.0,13.5,3.0,1.5,"""ตรงข้ามเรือนจำกลางคลองเปรม | เขตจตุจักร"
ท่ากรมเจ้าท่า | เขตสัมพันธวงศ์,7,20,27,19,8,3,2.3333333333333335,6.666666666666667,9.0,6.333333333333333,2.6666666666666665,ท่ากรมเจ้าท่า | เขตสัมพันธวงศ์
หมู่บ้านบัวขาว | เขตมีนบุรี,13,14,27,24,3,5,2.6,2.8,5.4,4.8,0.6,หมู่บ้านบัวขาว | เขตมีนบุรี
ท่าสะพานเจริญผล | เขตปทุมวัน,13,14,27,18,9,2,6.5,7.0,13.5,9.0,4.5,ท่าสะพานเจริญผล | เขตปทุมวัน
หมู่บ้านปรีชา | เขตทวีวัฒนา,9,18,27,24,3,6,1.5,3.0,4.5,4.0,0.5,หมู่บ้านปรีชา | เขตทวีวัฒนา
ท่าวัดเทพลีลา | เขตวังทองหลาง,8,19,27,14,13,3,2.6666666666666665,6.333333333333333,9.0,4.666666666666667,4.333333333333333,ท่าวัดเทพลีลา | เขตวังทองหลาง
SRT ยมราช | เขตดุสิต,15,12,27,14,13,1,15.0,12.0,27.0,14.0,13.0,SRT ยมราช | เขตดุสิต
"""จักรวรรดิ | เขตป้อมปราบศัตรูพ่าย",9,17,26,8,10,2,4.5,8.5,13.0,4.0,5.0,"""จักรวรรดิ | เขตป้อมปราบศัตรูพ่าย"
ตรงข้ามสุกี้เรือนเพชร | เขตวัฒนา,14,12,26,14,12,1,14.0,12.0,26.0,14.0,12.0,ตรงข้ามสุกี้เรือนเพชร | เขตวัฒนา
"""แยกนรินธร | เขตสาทร",13,13,26,6,5,1,13.0,13.0,26.0,6.0,5.0,"""แยกนรินธร | เขตสาทร"
แยกวังรุ้ง | เขตบึงกุ่ม,9,17,26,16,10,3,3.0,5.666666666666667,8.666666666666666,5.333333333333333,3.3333333333333335,แยกวังรุ้ง | เขตบึงกุ่ม
คริสตจักรสะพานเหลือง | เขตปทุมวัน,17,9,26,14,12,2,8.5,4.5,13.0,7.0,6.0,คริสตจักรสะพานเหลือง | เขตปทุมวัน
ตรงข้ามหมู่บ้านปรีชา 2 | เขตสะพานสูง,14,12,26,12,14,3,4.666666666666667,4.0,8.666666666666666,4.0,4.666666666666667,ตรงข้ามหมู่บ้านปรีชา 2 | เขตสะพานสูง
"สวนเบญจกิติ,ตรงข้ามอาคารเลครัชดา | เขตคลองเตย",12,14,26,17,9,3,4.0,4.666666666666667,8.666666666666666,5.666666666666667,3.0,"สวนเบญจกิติ,ตรงข้ามอาคารเลครัชดา | เขตคลองเตย"
วัดดุสิตาราม | เขตบางพลัด,15,11,26,8,18,2,7.5,5.5,13.0,4.0,9.0,วัดดุสิตาราม | เขตบางพลัด
"""แยกเพลินจิต | เขตปทุมวัน",14,12,26,6,7,1,14.0,12.0,26.0,6.0,7.0,"""แยกเพลินจิต | เขตปทุมวัน"
"""ตลาดคลองตัน | เขตสวนหลวง",14,12,26,8,5,2,7.0,6.0,13.0,4.0,2.5,"""ตลาดคลองตัน | เขตสวนหลวง"
"""สถานีตำรวจหัวหมาก | เขตบางกะปิ",11,15,26,4,1,1,11.0,15.0,26.0,4.0,1.0,"""สถานีตำรวจหัวหมาก | เขตบางกะปิ"
MRT บางขุนนนท์ | เขตบางกอกน้อย,16,10,26,18,8,3,5.333333333333333,3.3333333333333335,8.666666666666666,6.0,2.6666666666666665,MRT บางขุนนนท์ | เขตบางกอกน้อย
"ท่าจอดรถสาย 37,ซอยราษฎร์บูรณะ 39 | เขตราษฎร์บูรณะ",17,9,26,17,9,3,5.666666666666667,3.0,8.666666666666666,5.666666666666667,3.0,"ท่าจอดรถสาย 37,ซอยราษฎร์บูรณะ 39 | เขตราษฎร์บูรณะ"
"""ซอยปรีดีพนมยงค์ 19 | เขตวัฒนา",13,13,26,7,4,1,13.0,13.0,26.0,7.0,4.0,"""ซอยปรีดีพนมยงค์ 19 | เขตวัฒนา"
สจล.(คณะเทคโนโลยีการเกษตร) | เขตลาดกระบัง,14,12,26,15,11,2,7.0,6.0,13.0,7.5,5.5,สจล.(คณะเทคโนโลยีการเกษตร) | เขตลาดกระบัง
เศรษฐกิจ 3ตรงข้ามสง่าดำรงค์ | เขตบางแค,13,13,26,18,8,3,4.333333333333333,4.333333333333333,8.666666666666666,6.0,2.6666666666666665,เศรษฐกิจ 3ตรงข้ามสง่าดำรงค์ | เขตบางแค
ตรงข้ามวัดจันทร์ประดิษฐาราม | เขตภาษีเจริญ,18,8,26,17,9,3,6.0,2.6666666666666665,8.666666666666666,5.666666666666667,3.0,ตรงข้ามวัดจันทร์ประดิษฐาราม | เขตภาษีเจริญ
หมู่บ้านลดาวัลย์ | เขตทวีวัฒนา,12,14,26,14,12,6,2.0,2.3333333333333335,4.333333333333333,2.3333333333333335,2.0,หมู่บ้านลดาวัลย์ | เขตทวีวัฒนา
ร้านขายยาวุฒาเวช | เขตธนบุรี,16,10,26,8,18,2,8.0,5.0,13.0,4.0,9.0,ร้านขายยาวุฒาเวช | เขตธนบุรี
บริษัทกรุงเทพธุรภัณฑ์กรุ๊ปจำกัด | เขตดินแดง,15,11,26,12,14,1,15.0,11.0,26.0,12.0,14.0,บริษัทกรุงเทพธุรภัณฑ์กรุ๊ปจำกัด | เขตดินแดง
ซอยจตุโชติ 5 | เขตสายไหม,13,13,26,17,9,6,2.1666666666666665,2.1666666666666665,4.333333333333333,2.8333333333333335,1.5,ซอยจตุโชติ 5 | เขตสายไหม
โรงเรียนทรงวิทย์ | เขตคันนายาว,15,11,26,20,6,3,5.0,3.6666666666666665,8.666666666666666,6.666666666666667,2.0,โรงเรียนทรงวิทย์ | เขตคันนายาว
ตรงข้ามซอยร่วมสกุล | เขตมีนบุรี,6,19,25,14,11,6,1.0,3.1666666666666665,4.166666666666667,2.3333333333333335,1.8333333333333333,ตรงข้ามซอยร่วมสกุล | เขตมีนบุรี
ตลาดคลองขวาง | เขตบางแค,12,13,25,16,9,2,6.0,6.5,12.5,8.0,4.5,ตลาดคลองขวาง | เขตบางแค
ท่าปล่อยรถ ท่าราชวรดิษฐ์ (123) | เขตพระนคร,13,12,25,17,8,3,4.333333333333333,4.0,8.333333333333334,5.666666666666667,2.6666666666666665,ท่าปล่อยรถ ท่าราชวรดิษฐ์ (123) | เขตพระนคร
ตรงข้ามสน.ศาลาแดง | เขตทวีวัฒนา,13,12,25,21,4,3,4.333333333333333,4.0,8.333333333333334,7.0,1.3333333333333333,ตรงข้ามสน.ศาลาแดง | เขตทวีวัฒนา
แยกสุวินทวงศ์-รามคำแหง | เขตมีนบุรี,11,14,25,19,6,3,3.6666666666666665,4.666666666666667,8.333333333333334,6.333333333333333,2.0,แยกสุวินทวงศ์-รามคำแหง | เขตมีนบุรี
ซอยจันทน์ 29(ขาเข้า) | เขตบางคอแหลม,12,13,25,12,13,1,12.0,13.0,25.0,12.0,13.0,ซอยจันทน์ 29(ขาเข้า) | เขตบางคอแหลม
SRT การเคหะ กม.19 | เขตหลักสี่,13,12,25,14,11,2,6.5,6.0,12.5,7.0,5.5,SRT การเคหะ กม.19 | เขตหลักสี่
ตรงข้ามมหาวิทยาลัยมหิดลวิทยาลัยเขตศาลายา ประตู 2 | เขตทวีวัฒนา,11,14,25,17,8,4,2.75,3.5,6.25,4.25,2.0,ตรงข้ามมหาวิทยาลัยมหิดลวิทยาลัยเขตศาลายา ประตู 2 | ...
ซอยอ่อนนุช 59 | เขตประเวศ,13,12,25,17,8,3,4.333333333333333,4.0,8.333333333333334,5.666666666666667,2.6666666666666665,ซอยอ่อนนุช 59 | เขตประเวศ
ซอยโชติวิจิตร | เขตบางแค,14,11,25,15,10,2,7.0,5.5,12.5,7.5,5.0,ซอยโชติวิจิตร | เขตบางแค
"""โรงเรียนขจรโรจน์ | เขตราษฎร์บูรณะ",10,15,25,3,3,1,10.0,15.0,25.0,3.0,3.0,"""โรงเรียนขจรโรจน์ | เขตราษฎร์บูรณะ"
บริษัทสยามกลการอะไหล่ หมู่บ้านร่มเย็น | เขตประเวศ,15,10,25,12,13,3,5.0,3.3333333333333335,8.333333333333334,4.0,4.333333333333333,บริษัทสยามกลการอะไหล่ หมู่บ้านร่มเย็น | เขตประเวศ
"""วัดอินทร์ | เขตพระนคร",14,11,25,7,4,1,14.0,11.0,25.0,7.0,4.0,"""วัดอินทร์ | เขตพระนคร"
อุดมสุข 1 | เขตประเวศ,17,8,25,21,4,4,4.25,2.0,6.25,5.25,1.0,อุดมสุข 1 | เขตประเวศ
มัสยิดดารุนาฮีม | เขตสะพานสูง,11,14,25,7,18,2,5.5,7.0,12.5,3.5,9.0,มัสยิดดารุนาฮีม | เขตสะพานสูง
"""ซอยสุขุมวิท 27 | เขตคลองเตย",12,13,25,6,4,1,12.0,13.0,25.0,6.0,4.0,"""ซอยสุขุมวิท 27 | เขตคลองเตย"
"""ซอยลือชา | เขตพญาไท",14,11,25,7,4,1,14.0,11.0,25.0,7.0,4.0,"""ซอยลือชา | เขตพญาไท"
หมู่บ้านเปี่ยมสุข | เขตคันนายาว,13,12,25,17,8,3,4.333333333333333,4.0,8.333333333333334,5.666666666666667,2.6666666666666665,หมู่บ้านเปี่ยมสุข | เขตคันนายาว
"รางรถไฟถนนสวรรคโลก,แยกยมราช | เขตดุสิต",16,9,25,20,5,3,5.333333333333333,3.0,8.333333333333334,6.666666666666667,1.6666666666666667,"รางรถไฟถนนสวรรคโลก,แยกยมราช | เขตดุสิต"
"""อาคารสินธร | เขตปทุมวัน",15,10,25,8,8,1,15.0,10.0,25.0,8.0,8.0,"""อาคารสินธร | เขตปทุมวัน"
[เปลี่ยนรถ] ท่าปล่อยรถ เทเวศร์ | เขตพระนคร,12,12,24,13,11,1,12.0,12.0,24.0,13.0,11.0,[เปลี่ยนรถ] ท่าปล่อยรถ เทเวศร์ | เขตพระนคร
"""บริษัทซีเมนต์ไทย | เขตบางซื่อ",12,12,24,4,0,1,12.0,12.0,24.0,4.0,0.0,"""บริษัทซีเมนต์ไทย | เขตบางซื่อ"
ท่าวัดคฤหบดี (ข้ามฟาก) | เขตบางพลัด,4,20,24,18,6,4,1.0,5.0,6.0,4.5,1.5,ท่าวัดคฤหบดี (ข้ามฟาก) | เขตบางพลัด
ท่าปล่อยรถ พระจอมเกล้าลาดกระบัง | เขตลาดกระบัง,12,12,24,24,0,1,12.0,12.0,24.0,24.0,0.0,ท่าปล่อยรถ พระจอมเกล้าลาดกระบัง | เขตลาดกระบัง
ตรงข้ามแยกสะพานแดง | เขตดุสิต,8,16,24,13,11,3,2.6666666666666665,5.333333333333333,8.0,4.333333333333333,3.6666666666666665,ตรงข้ามแยกสะพานแดง | เขตดุสิต
สนามหลวง(ตรงข้ามวัดพระแก้ว) | เขตพระนคร,8,16,24,21,3,3,2.6666666666666665,5.333333333333333,8.0,7.0,1.0,สนามหลวง(ตรงข้ามวัดพระแก้ว) | เขตพระนคร
BTS พระโขนง(ทางออก 2) | เขตวัฒนา,13,11,24,13,11,2,6.5,5.5,12.0,6.5,5.5,BTS พระโขนง(ทางออก 2) | เขตวัฒนา
วัดคู้บอน | เขตคลองสามวา,12,12,24,14,10,4,3.0,3.0,6.0,3.5,2.5,วัดคู้บอน | เขตคลองสามวา
โรงเรียนวัดบึงทองหลาง | เขตวังทองหลาง,16,8,24,16,8,2,8.0,4.0,12.0,8.0,4.0,โรงเรียนวัดบึงทองหลาง | เขตวังทองหลาง
"โรงเรียนวัดช่องลม,ตรงข้ามวัดช่องลม | เขตยานนาวา",14,10,24,18,6,2,7.0,5.0,12.0,9.0,3.0,"โรงเรียนวัดช่องลม,ตรงข้ามวัดช่องลม | เขตยานนาวา"
แยกมะลิทอง(โรงเรียนวัฒนะศึกษา) | เขตธนบุรี,15,9,24,13,11,1,15.0,9.0,24.0,13.0,11.0,แยกมะลิทอง(โรงเรียนวัฒนะศึกษา) | เขตธนบุรี
ตรงข้ามโรงเรียนนานาชาติชาร์ทเตอร์ | เขตประเวศ,9,15,24,17,7,2,4.5,7.5,12.0,8.5,3.5,ตรงข้ามโรงเรียนนานาชาติชาร์ทเตอร์ | เขตประเวศ
MRT ทุ่งสองห้อง (MRT สายสีแดง) | เขตหลักสี่,6,18,24,16,8,3,2.0,6.0,8.0,5.333333333333333,2.6666666666666665,MRT ทุ่งสองห้อง (MRT สายสีแดง) | เขตหลักสี่
ซอยเชื่อมสัมพันธ์ 6 | เขตหนองจอก,10,14,24,13,11,4,2.5,3.5,6.0,3.25,2.75,ซอยเชื่อมสัมพันธ์ 6 | เขตหนองจอก
"MRT ห้วยขวาง,ซอยประชาษฎร์บำเพ็ญ 1 | เขตห้วยขวาง",13,11,24,11,13,1,13.0,11.0,24.0,11.0,13.0,"MRT ห้วยขวาง,ซอยประชาษฎร์บำเพ็ญ 1 | เขตห้วยขวาง"
ท่าเรือตลาดเทวราช | เขตพระนคร,11,13,24,13,11,1,11.0,13.0,24.0,13.0,11.0,ท่าเรือตลาดเทวราช | เขตพระนคร
หมู่บ้านเพชรพลอย(ซอย3/2) | เขตทวีวัฒนา,12,12,24,11,13,3,4.0,4.0,8.0,3.6666666666666665,4.333333333333333,หมู่บ้านเพชรพลอย(ซอย3/2) | เขตทวีวัฒนา
ซอยเชื่อมสัมพันธ์ 29 | เขตหนองจอก,18,6,24,14,10,2,9.0,3.0,12.0,7.0,5.0,ซอยเชื่อมสัมพันธ์ 29 | เขตหนองจอก
"บริษัททองดินจำกัด,ทองฤทธิ์พลาสติก | เขตมีนบุรี",9,15,24,13,11,3,3.0,5.0,8.0,4.333333333333333,3.6666666666666665,"บริษัททองดินจำกัด,ทองฤทธิ์พลาสติก | เขตมีนบุรี"
"""ซอยเสรีไทย 10 | เขตบึงกุ่ม",11,13,24,4,2,1,11.0,13.0,24.0,4.0,2.0,"""ซอยเสรีไทย 10 | เขตบึงกุ่ม"
มณฑลทหารบก 11(ถนนพระราม 5 ขาเข้า) | เขตดุสิต,15,9,24,21,3,1,15.0,9.0,24.0,21.0,3.0,มณฑลทหารบก 11(ถนนพระราม 5 ขาเข้า) | เขตดุสิต
หมู่บ้านเอื้ออาทร(ท่ารถสาย131) | เขตหนองจอก,7,17,24,15,9,3,2.3333333333333335,5.666666666666667,8.0,5.0,3.0,หมู่บ้านเอื้ออาทร(ท่ารถสาย131) | เขตหนองจอก
"""ซอยโพธิ์แก้ว | เขตบึงกุ่ม",11,13,24,3,2,1,11.0,13.0,24.0,3.0,2.0,"""ซอยโพธิ์แก้ว | เขตบึงกุ่ม"
หมู่บ้านภัสรี | เขตบางแค,15,9,24,15,9,3,5.0,3.0,8.0,5.0,3.0,หมู่บ้านภัสรี | เขตบางแค
ซอยสุขุมวิท 20 | เขตวัฒนา,12,12,24,12,12,1,12.0,12.0,24.0,12.0,12.0,ซอยสุขุมวิท 20 | เขตวัฒนา
พุทธมณฑลสาย 3 ซอย 18/1 | เขตทวีวัฒนา,14,10,24,14,10,7,2.0,1.4285714285714286,3.4285714285714284,2.0,1.4285714285714286,พุทธมณฑลสาย 3 ซอย 18/1 | เขตทวีวัฒนา
เชฟออโตแอนส์วีดีโอ cdc2 | เขตลาดพร้าว,13,10,23,11,12,1,13.0,10.0,23.0,11.0,12.0,เชฟออโตแอนส์วีดีโอ cdc2 | เขตลาดพร้าว
ท่าวัดราชสิงขร | เขตบางคอแหลม,8,15,23,17,6,3,2.6666666666666665,5.0,7.666666666666667,5.666666666666667,2.0,ท่าวัดราชสิงขร | เขตบางคอแหลม
ตรงข้ามซอยประดิพัทธ์ 1 | เขตพญาไท,14,9,23,17,6,3,4.666666666666667,3.0,7.666666666666667,5.666666666666667,2.0,ตรงข้ามซอยประดิพัทธ์ 1 | เขตพญาไท
ตรงข้ามหมู่บ้านรุ่งอรุณ 2 | เขตลาดกระบัง,15,8,23,14,9,3,5.0,2.6666666666666665,7.666666666666667,4.666666666666667,3.0,ตรงข้ามหมู่บ้านรุ่งอรุณ 2 | เขตลาดกระบัง
สนามหลวง(ตรงข้ามวัดมหาธาตุ) | เขตพระนคร,11,12,23,18,5,4,2.75,3.0,5.75,4.5,1.25,สนามหลวง(ตรงข้ามวัดมหาธาตุ) | เขตพระนคร
ซอยประชาอุทิศ 28 | เขตราษฎร์บูรณะ,15,8,23,13,10,2,7.5,4.0,11.5,6.5,5.0,ซอยประชาอุทิศ 28 | เขตราษฎร์บูรณะ
สวนจิตรลดา(ตรงข้ามราชวิถี32) | เขตดุสิต,12,11,23,8,15,2,6.0,5.5,11.5,4.0,7.5,สวนจิตรลดา(ตรงข้ามราชวิถี32) | เขตดุสิต
"ตรงข้ามโรงเรียนช่างอากาศอำรุง,กรมสรรพาวุธ | เขตดุสิต",3,20,23,16,7,3,1.0,6.666666666666667,7.666666666666667,5.333333333333333,2.3333333333333335,"ตรงข้ามโรงเรียนช่างอากาศอำรุง,กรมสรรพาวุธ | เขตดุสิต"
"""ตรงข้ามฟู้ดแลนด์ | เขตบางกะปิ",12,11,23,6,4,1,12.0,11.0,23.0,6.0,4.0,"""ตรงข้ามฟู้ดแลนด์ | เขตบางกะปิ"
ตรงข้ามเอยูเอ | เขตปทุมวัน,12,11,23,13,10,2,6.0,5.5,11.5,6.5,5.0,ตรงข้ามเอยูเอ | เขตปทุมวัน
โชว์รูมจอดรถบายบัส | เขตลาดพร้าว,13,10,23,10,13,1,13.0,10.0,23.0,10.0,13.0,โชว์รูมจอดรถบายบัส | เขตลาดพร้าว
"พระราม 9 ซอย 43, ปั้มเอสโซ่ พระราม 9 | เขตบางกะปิ",11,12,23,0,23,1,11.0,12.0,23.0,0.0,23.0,"พระราม 9 ซอย 43, ปั้มเอสโซ่ พระราม 9 | เขตบางกะปิ"
"""โรงแรมเดอม็อค | เขตพระนคร",11,12,23,5,4,1,11.0,12.0,23.0,5.0,4.0,"""โรงแรมเดอม็อค | เขตพระนคร"
คลองบางเตย(ขาเข้า) | เขตบึงกุ่ม,17,5,22,15,7,3,5.666666666666667,1.6666666666666667,7.333333333333333,5.0,2.3333333333333335,คลองบางเตย(ขาเข้า) | เขตบึงกุ่ม
ตรงข้ามกรมศุลกากร | เขตคลองเตย,10,12,22,16,6,3,3.3333333333333335,4.0,7.333333333333333,5.333333333333333,2.0,ตรงข้ามกรมศุลกากร | เขตคลองเตย
แยกตาชั่ง | เขตบางกะปิ,7,15,22,15,7,3,2.3333333333333335,5.0,7.333333333333333,5.0,2.3333333333333335,แยกตาชั่ง | เขตบางกะปิ
ซอยอยู่เย็น | เขตลาดพร้าว,17,5,22,15,7,3,5.666666666666667,1.6666666666666667,7.333333333333333,5.0,2.3333333333333335,ซอยอยู่เย็น | เขตลาดพร้าว
ตรงข้ามซอยเอกชัย 10/1 | เขตจอมทอง,4,18,22,14,8,4,1.0,4.5,5.5,3.5,2.0,ตรงข้ามซอยเอกชัย 10/1 | เขตจอมทอง
"""ซอยรัชดาภิเษก 39 | เขตบางซื่อ",12,10,22,4,4,2,6.0,5.0,11.0,2.0,2.0,"""ซอยรัชดาภิเษก 39 | เขตบางซื่อ"
อาคารทิปโก้ | เขตดุสิต,12,10,22,12,10,1,12.0,10.0,22.0,12.0,10.0,อาคารทิปโก้ | เขตดุสิต
ตรงข้ามซอยอมร | เขตยานนาวา,15,7,22,15,7,3,5.0,2.3333333333333335,7.333333333333333,5.0,2.3333333333333335,ตรงข้ามซอยอมร | เขตยานนาวา
หมู่บ้านกาญจนาภิเษก 9 | เขตตลิ่งชัน,10,12,22,15,7,2,5.0,6.0,11.0,7.5,3.5,หมู่บ้านกาญจนาภิเษก 9 | เขตตลิ่งชัน
จรเข้บัว 1 | เขตลาดพร้าว,14,8,22,14,8,2,7.0,4.0,11.0,7.0,4.0,จรเข้บัว 1 | เขตลาดพร้าว
อู่สวนสยาม | เขตคันนายาว,6,16,22,15,7,3,2.0,5.333333333333333,7.333333333333333,5.0,2.3333333333333335,อู่สวนสยาม | เขตคันนายาว
สำนักงานเขตบึงกุ่ม | เขตบึงกุ่ม,9,13,22,12,10,3,3.0,4.333333333333333,7.333333333333333,4.0,3.3333333333333335,สำนักงานเขตบึงกุ่ม | เขตบึงกุ่ม
บริษัท เอ็ม แอล พี โซลูชั่น | เขตประเวศ,14,8,22,14,8,3,4.666666666666667,2.6666666666666665,7.333333333333333,4.666666666666667,2.6666666666666665,บริษัท เอ็ม แอล พี โซลูชั่น | เขตประเวศ
ตรงข้ามโรงเรียนฤทธิยะ | เขตสายไหม,10,12,22,22,0,1,10.0,12.0,22.0,22.0,0.0,ตรงข้ามโรงเรียนฤทธิยะ | เขตสายไหม
"""ซอยนวมินทร์ 163 | เขตคันนายาว",7,15,22,8,8,2,3.5,7.5,11.0,4.0,4.0,"""ซอยนวมินทร์ 163 | เขตคันนายาว"
เวิร์คเพลสราชพฤกษ์-จรัญฯ | เขตคันนายาว,8,14,22,17,5,3,2.6666666666666665,4.666666666666667,7.333333333333333,5.666666666666667,1.6666666666666667,เวิร์คเพลสราชพฤกษ์-จรัญฯ | เขตคันนายาว
ไอทีมาร์ท | เขตสายไหม,17,5,22,14,8,3,5.666666666666667,1.6666666666666667,7.333333333333333,4.666666666666667,2.6666666666666665,ไอทีมาร์ท | เขตสายไหม
ท่ารามคำแหง 29 | เขตบางกะปิ,8,14,22,10,12,3,2.6666666666666665,4.666666666666667,7.333333333333333,3.3333333333333335,4.0,ท่ารามคำแหง 29 | เขตบางกะปิ
"""ร้านอาหารบ้านสุโขทัย | เขตดุสิต",9,12,21,3,1,1,9.0,12.0,21.0,3.0,1.0,"""ร้านอาหารบ้านสุโขทัย | เขตดุสิต"
ตรงข้ามล๊อก 6 | เขตคลองเตย,8,13,21,4,17,2,4.0,6.5,10.5,2.0,8.5,ตรงข้ามล๊อก 6 | เขตคลองเตย
"บริษัทซีเมนต์ไทย,ตรงข้ามปั๊มน้ำมันปตท | เขตจตุจักร",14,7,21,16,5,1,14.0,7.0,21.0,16.0,5.0,"บริษัทซีเมนต์ไทย,ตรงข้ามปั๊มน้ำมันปตท | เขตจตุจักร"
ตรงข้ามสถานีตำรวจคู่ขนานลอยฟ้า | เขตทวีวัฒนา,10,11,21,9,12,3,3.3333333333333335,3.6666666666666665,7.0,3.0,4.0,ตรงข้ามสถานีตำรวจคู่ขนานลอยฟ้า | เขตทวีวัฒนา
แยกนราธิวาส(ซอยศรีนคร) | เขตยานนาวา,11,10,21,18,3,1,11.0,10.0,21.0,18.0,3.0,แยกนราธิวาส(ซอยศรีนคร) | เขตยานนาวา
ตรงข้ามโรงเรียนพันธะวัฒนา | เขตดุสิต,11,10,21,13,8,2,5.5,5.0,10.5,6.5,4.0,ตรงข้ามโรงเรียนพันธะวัฒนา | เขตดุสิต
หมู่บ้านวังทอง | เขตบางกะปิ,10,11,21,8,13,1,10.0,11.0,21.0,8.0,13.0,หมู่บ้านวังทอง | เขตบางกะปิ
สวนลุมไนท์บาร์ซ่าร์ | เขตสาทร,11,10,21,13,8,1,11.0,10.0,21.0,13.0,8.0,สวนลุมไนท์บาร์ซ่าร์ | เขตสาทร
โรงเรียนสตรีวรนาถเทเวศร์ | เขตดุสิต,2,19,21,12,9,2,1.0,9.5,10.5,6.0,4.5,โรงเรียนสตรีวรนาถเทเวศร์ | เขตดุสิต
"""ซอยบัวสุวรรณ | เขตจตุจักร",8,13,21,1,2,1,8.0,13.0,21.0,1.0,2.0,"""ซอยบัวสุวรรณ | เขตจตุจักร"
"""โรงแรมแม่น้ำรามาดาพลาซา | เขตบางคอแหลม",10,11,21,6,3,1,10.0,11.0,21.0,6.0,3.0,"""โรงแรมแม่น้ำรามาดาพลาซา | เขตบางคอแหลม"
ท่าพระราม 3 (ข้ามฟาก) | เขตยานนาวา,10,11,21,9,12,1,10.0,11.0,21.0,9.0,12.0,ท่าพระราม 3 (ข้ามฟาก) | เขตยานนาวา
โรงเรียนวัดพุทธบูชา | เขตทุ่งครุ,13,8,21,12,9,2,6.5,4.0,10.5,6.0,4.5,โรงเรียนวัดพุทธบูชา | เขตทุ่งครุ
หมู่บ้านพรทวีวิลล่า | เขตทวีวัฒนา,14,7,21,14,7,3,4.666666666666667,2.3333333333333335,7.0,4.666666666666667,2.3333333333333335,หมู่บ้านพรทวีวิลล่า | เขตทวีวัฒนา
ตรงข้าม โกลเด้น เพรสทีจ | เขตสายไหม,8,13,21,13,8,2,4.0,6.5,10.5,6.5,4.0,ตรงข้าม โกลเด้น เพรสทีจ | เขตสายไหม
ซอยสุโทัย 5 | เขตดุสิต,14,7,21,13,8,3,4.666666666666667,2.3333333333333335,7.0,4.333333333333333,2.6666666666666665,ซอยสุโทัย 5 | เขตดุสิต
ซอยอยู่เย็น | เขตบางเขน,12,9,21,14,7,2,6.0,4.5,10.5,7.0,3.5,ซอยอยู่เย็น | เขตบางเขน
สนามกีฬากองทัพบก | เขตพญาไท,14,7,21,17,4,2,7.0,3.5,10.5,8.5,2.0,สนามกีฬากองทัพบก | เขตพญาไท
ตรงข้ามมหาวิทยาลัยเกริก | เขตบางเขน,11,10,21,19,2,3,3.6666666666666665,3.3333333333333335,7.0,6.333333333333333,0.6666666666666666,ตรงข้ามมหาวิทยาลัยเกริก | เขตบางเขน
"""หมู่บ้านการ์เด้นโฮม | เขตดอนเมือง",12,9,21,6,0,1,12.0,9.0,21.0,6.0,0.0,"""หมู่บ้านการ์เด้นโฮม | เขตดอนเมือง"
ซอยรามคำแหง 162 | เขตสะพานสูง,10,11,21,12,9,3,3.3333333333333335,3.6666666666666665,7.0,4.0,3.0,ซอยรามคำแหง 162 | เขตสะพานสูง
ห้างหุ้นส่วนจำกัด สุพัฒนา การ์เด้นท์ | เขตประเวศ,11,10,21,4,17,2,5.5,5.0,10.5,2.0,8.5,ห้างหุ้นส่วนจำกัด สุพัฒนา การ์เด้นท์ | เขตประเวศ
ตรงข้าม K.A.Wheel&Tire | เขตประเวศ,6,15,21,10,11,2,3.0,7.5,10.5,5.0,5.5,ตรงข้าม K.A.Wheel&Tire | เขตประเวศ
บรรจงทรัพย์ | เขตบางแค,11,9,20,13,7,2,5.5,4.5,10.0,6.5,3.5,บรรจงทรัพย์ | เขตบางแค
ท่าปล่อยรถ สนามบินดอนเมือง | เขตดอนเมือง,10,10,20,13,7,2,5.0,5.0,10.0,6.5,3.5,ท่าปล่อยรถ สนามบินดอนเมือง | เขตดอนเมือง
แยกสุทธิสาร(ดับเพลิง) | เขตพญาไท,11,9,20,12,8,1,11.0,9.0,20.0,12.0,8.0,แยกสุทธิสาร(ดับเพลิง) | เขตพญาไท
"""สถานฑูตลาว | เขตวัฒนา",8,12,20,4,4,1,8.0,12.0,20.0,4.0,4.0,"""สถานฑูตลาว | เขตวัฒนา"
ตรงข้ามสภาสตรีแห่งประเทศไทย | เขตดุสิต,10,10,20,20,0,1,10.0,10.0,20.0,20.0,0.0,ตรงข้ามสภาสตรีแห่งประเทศไทย | เขตดุสิต
SRT สามแยก | เขตบางบอน,9,11,20,16,4,3,3.0,3.6666666666666665,6.666666666666667,5.333333333333333,1.3333333333333333,SRT สามแยก | เขตบางบอน
ตรงข้ามซอยประชาอุทิศ 125 | เขตทุ่งครุ,11,9,20,4,16,2,5.5,4.5,10.0,2.0,8.0,ตรงข้ามซอยประชาอุทิศ 125 | เขตทุ่งครุ
ศาลาทางหลวงถนนบางไผ่ | เขตบางแค,13,7,20,12,8,2,6.5,3.5,10.0,6.0,4.0,ศาลาทางหลวงถนนบางไผ่ | เขตบางแค
ซอยร่มเกล้า 25/2 | เขตลาดกระบัง,9,11,20,20,0,2,4.5,5.5,10.0,10.0,0.0,ซอยร่มเกล้า 25/2 | เขตลาดกระบัง
"""บุคคโล | เขตธนบุรี",10,10,20,5,3,1,10.0,10.0,20.0,5.0,3.0,"""บุคคโล | เขตธนบุรี"
แยกเย็นอากาศ | เขตยานนาวา,9,11,20,11,9,1,9.0,11.0,20.0,11.0,9.0,แยกเย็นอากาศ | เขตยานนาวา
ตรงข้ามกระทรวงคมนาคม | เขตพระนคร,9,11,20,10,10,2,4.5,5.5,10.0,5.0,5.0,ตรงข้ามกระทรวงคมนาคม | เขตพระนคร
ตรงข้ามซอยสวนผัก 35 | เขตตลิ่งชัน,14,6,20,5,15,2,7.0,3.0,10.0,2.5,7.5,ตรงข้ามซอยสวนผัก 35 | เขตตลิ่งชัน
"""สำนักงานเขตยานนาวา | เขตยานนาวา",10,10,20,6,2,1,10.0,10.0,20.0,6.0,2.0,"""สำนักงานเขตยานนาวา | เขตยานนาวา"
ตรงข้ามร่มเกล้า 25/2 | เขตลาดกระบัง,11,9,20,18,2,2,5.5,4.5,10.0,9.0,1.0,ตรงข้ามร่มเกล้า 25/2 | เขตลาดกระบัง
ซอยสุขสวัสดิ์ 64 | เขตทุ่งครุ,10,10,20,9,11,1,10.0,10.0,20.0,9.0,11.0,ซอยสุขสวัสดิ์ 64 | เขตทุ่งครุ
อู่คลองเตย | เขตคลองเตย,15,4,19,12,7,2,7.5,2.0,9.5,6.0,3.5,อู่คลองเตย | เขตคลองเตย
ซอยมัสยิดย่ามีลุ๊ลอิสลาม | เขตประเวศ,9,10,19,17,2,2,4.5,5.0,9.5,8.5,1.0,ซอยมัสยิดย่ามีลุ๊ลอิสลาม | เขตประเวศ
"""บริษัทโอสถสภา | เขตบางกะปิ",9,10,19,4,3,1,9.0,10.0,19.0,4.0,3.0,"""บริษัทโอสถสภา | เขตบางกะปิ"
ใต้สะพานพระราม7(ขาออก) | เขตบางซื่อ,10,9,19,18,1,2,5.0,4.5,9.5,9.0,0.5,ใต้สะพานพระราม7(ขาออก) | เขตบางซื่อ
ตรงข้ามสวนธนคอนโด | เขตราษฎร์บูรณะ,1,18,19,10,9,9,0.1111111111111111,2.0,2.111111111111111,1.1111111111111112,1.0,ตรงข้ามสวนธนคอนโด | เขตราษฎร์บูรณะ
"""การไฟฟ้าบางเขน | เขตบางเขน",11,8,19,5,3,1,11.0,8.0,19.0,5.0,3.0,"""การไฟฟ้าบางเขน | เขตบางเขน"
แยกทองหล่อเหนือ(ขาเข้า) | เขตห้วยขวาง,9,10,19,13,6,2,4.5,5.0,9.5,6.5,3.0,แยกทองหล่อเหนือ(ขาเข้า) | เขตห้วยขวาง
"""พุทธมณฑลสาย 2 ซอย15 | เขตบางแค",9,10,19,3,3,1,9.0,10.0,19.0,3.0,3.0,"""พุทธมณฑลสาย 2 ซอย15 | เขตบางแค"
หมู่บ้านนราสิริ | เขตสวนหลวง,9,10,19,13,6,3,3.0,3.3333333333333335,6.333333333333333,4.333333333333333,2.0,หมู่บ้านนราสิริ | เขตสวนหลวง
"""ดีสแควร์ | เขตบางซื่อ",6,13,19,7,7,1,6.0,13.0,19.0,7.0,7.0,"""ดีสแควร์ | เขตบางซื่อ"
คลองมะขามเทศ | เขตประเวศ,11,8,19,8,11,2,5.5,4.0,9.5,4.0,5.5,คลองมะขามเทศ | เขตประเวศ
หมู่บ้านเวร่า | เขตลาดกระบัง,10,9,19,18,1,2,5.0,4.5,9.5,9.0,0.5,หมู่บ้านเวร่า | เขตลาดกระบัง
ตรงข้ามโชรูมโตโยต้าสวนหลวง | เขตประเวศ,8,11,19,9,10,2,4.0,5.5,9.5,4.5,5.0,ตรงข้ามโชรูมโตโยต้าสวนหลวง | เขตประเวศ
ตรงข้ามสถานีตำรวจคลองตัน | เขตสวนหลวง,7,12,19,10,9,1,7.0,12.0,19.0,10.0,9.0,ตรงข้ามสถานีตำรวจคลองตัน | เขตสวนหลวง
โรงเรียนสุดใจ | เขตคลองสามวา,9,10,19,12,7,1,9.0,10.0,19.0,12.0,7.0,โรงเรียนสุดใจ | เขตคลองสามวา
ตรงข้ามการบินไทยหลานหลวง | เขตป้อมปราบศัตรูพ่าย,15,4,19,12,7,3,5.0,1.3333333333333333,6.333333333333333,4.0,2.3333333333333335,ตรงข้ามการบินไทยหลานหลวง | เขตป้อมปราบศัตรูพ่าย
ตรงข้ามโรงเรียนสุเหร่าทรายกองดิน | เขตมีนบุรี,13,6,19,14,5,2,6.5,3.0,9.5,7.0,2.5,ตรงข้ามโรงเรียนสุเหร่าทรายกองดิน | เขตมีนบุรี
ตรงข้ามวัดทางหลวง | เขตบางซื่อ,8,11,19,10,9,3,2.6666666666666665,3.6666666666666665,6.333333333333333,3.3333333333333335,3.0,ตรงข้ามวัดทางหลวง | เขตบางซื่อ
"""กม.27 | เขตสายไหม",10,9,19,3,0,1,10.0,9.0,19.0,3.0,0.0,"""กม.27 | เขตสายไหม"
"""MRT รัชดาฯ | เขตห้วยขวาง",12,7,19,7,6,1,12.0,7.0,19.0,7.0,6.0,"""MRT รัชดาฯ | เขตห้วยขวาง"
ซอยร่มไทร | เขตหนองแขม,11,7,18,12,6,2,5.5,3.5,9.0,6.0,3.0,ซอยร่มไทร | เขตหนองแขม
MRT ศูนย์วัฒนธรรมแห่งประเทศไทย | เขตห้วยขวาง,10,8,18,10,8,1,10.0,8.0,18.0,10.0,8.0,MRT ศูนย์วัฒนธรรมแห่งประเทศไทย | เขตห้วยขวาง
"""ซอยลาดพร้าว 130/1 | เขตบางกะปิ",9,9,18,4,3,1,9.0,9.0,18.0,4.0,3.0,"""ซอยลาดพร้าว 130/1 | เขตบางกะปิ"
"""แยกลำลูกกา | เขตสายไหม",7,11,18,0,1,1,7.0,11.0,18.0,0.0,1.0,"""แยกลำลูกกา | เขตสายไหม"
แยกพระประแดง | เขตทุ่งครุ,6,12,18,12,6,4,1.5,3.0,4.5,3.0,1.5,แยกพระประแดง | เขตทุ่งครุ
ท่าพระปิ่นเกล้า | เขตพระนคร,9,9,18,18,0,1,9.0,9.0,18.0,18.0,0.0,ท่าพระปิ่นเกล้า | เขตพระนคร
"""ตรงข้ามซอยวงศ์สว่าง 4 | เขตบางซื่อ",9,9,18,6,6,1,9.0,9.0,18.0,6.0,6.0,"""ตรงข้ามซอยวงศ์สว่าง 4 | เขตบางซื่อ"
"""สถานีดับเพลิงบางโพ | เขตบางซื่อ",9,9,18,4,1,1,9.0,9.0,18.0,4.0,1.0,"""สถานีดับเพลิงบางโพ | เขตบางซื่อ"
เฉลิมกรุง | เขตพระนคร,10,8,18,10,8,1,10.0,8.0,18.0,10.0,8.0,เฉลิมกรุง | เขตพระนคร
การเคหะแห่งชาติหนองจอก | เขตหนองจอก,10,8,18,10,8,1,10.0,8.0,18.0,10.0,8.0,การเคหะแห่งชาติหนองจอก | เขตหนองจอก
ท่าชาญอิสระ | เขตห้วยขวาง,8,10,18,9,9,2,4.0,5.0,9.0,4.5,4.5,ท่าชาญอิสระ | เขตห้วยขวาง
ตรงข้ามโรงเรียนยานนาเวศวิทยาคม | เขตยานนาวา,10,8,18,10,8,1,10.0,8.0,18.0,10.0,8.0,ตรงข้ามโรงเรียนยานนาเวศวิทยาคม | เขตยานนาวา
สนามกอล์ฟยูนิโก้ | เขตบางกะปิ,4,14,18,10,8,3,1.3333333333333333,4.666666666666667,6.0,3.3333333333333335,2.6666666666666665,สนามกอล์ฟยูนิโก้ | เขตบางกะปิ
ศรีบูรพา 8 | เขตบางกะปิ,10,8,18,10,8,2,5.0,4.0,9.0,5.0,4.0,ศรีบูรพา 8 | เขตบางกะปิ
ท่าเรือหัวลำโพง | เขตป้อมปราบศัตรูพ่าย,5,13,18,12,6,2,2.5,6.5,9.0,6.0,3.0,ท่าเรือหัวลำโพง | เขตป้อมปราบศัตรูพ่าย
ปากทางบางบอน 3(สิ้นสุด) | เขตบางบอน,10,8,18,12,6,2,5.0,4.0,9.0,6.0,3.0,ปากทางบางบอน 3(สิ้นสุด) | เขตบางบอน
"""ซอยสุขุมวิท 6 | เขตคลองเตย",8,10,18,3,1,1,8.0,10.0,18.0,3.0,1.0,"""ซอยสุขุมวิท 6 | เขตคลองเตย"
พรรคชาติไทย | เขตดุสิต,8,9,17,13,4,2,4.0,4.5,8.5,6.5,2.0,พรรคชาติไทย | เขตดุสิต
ท่าเรือเพชรเกษม 37 | เขตภาษีเจริญ,8,9,17,7,10,2,4.0,4.5,8.5,3.5,5.0,ท่าเรือเพชรเกษม 37 | เขตภาษีเจริญ
"ดับเพลิง,อ่อนนุช | เขตวัฒนา",8,9,17,12,5,2,4.0,4.5,8.5,6.0,2.5,"ดับเพลิง,อ่อนนุช | เขตวัฒนา"
หมู่บ้านสินทรัพย์นคร 2 | เขตบางแค,7,10,17,12,5,2,3.5,5.0,8.5,6.0,2.5,หมู่บ้านสินทรัพย์นคร 2 | เขตบางแค
"ทะเลสาบที่1,สำนักงานที่ดินบางกะปิ | เขตบางกะปิ",11,6,17,13,4,2,5.5,3.0,8.5,6.5,2.0,"ทะเลสาบที่1,สำนักงานที่ดินบางกะปิ | เขตบางกะปิ"
ท้องฟ้าจำลอง | เขตวัฒนา,9,8,17,9,8,2,4.5,4.0,8.5,4.5,4.0,ท้องฟ้าจำลอง | เขตวัฒนา
สวนจิตรลดา | เขตดุสิต,9,8,17,17,0,2,4.5,4.0,8.5,8.5,0.0,สวนจิตรลดา | เขตดุสิต
ตรงข้ามกระทรวงคมนาคม | เขตป้อมปราบศัตรูพ่าย,5,12,17,15,2,3,1.6666666666666667,4.0,5.666666666666667,5.0,0.6666666666666666,ตรงข้ามกระทรวงคมนาคม | เขตป้อมปราบศัตรูพ่าย
โรงเรียนอนุบาลจันทร์เจ้า | เขตสาทร,10,7,17,8,9,2,5.0,3.5,8.5,4.0,4.5,โรงเรียนอนุบาลจันทร์เจ้า | เขตสาทร
"""ซอยพหลโยธิน 2 | เขตพญาไท",10,7,17,5,0,1,10.0,7.0,17.0,5.0,0.0,"""ซอยพหลโยธิน 2 | เขตพญาไท"
โรงเรียนนายเรืออากาศ | เขตดอนเมือง,6,11,17,8,9,3,2.0,3.6666666666666665,5.666666666666667,2.6666666666666665,3.0,โรงเรียนนายเรืออากาศ | เขตดอนเมือง
"วัดทิพพาวาส, ซีเอสออร์โต้เซอร์วิส | เขตลาดกระบัง",8,9,17,17,0,1,8.0,9.0,17.0,17.0,0.0,"วัดทิพพาวาส, ซีเอสออร์โต้เซอร์วิส | เขตลาดกระบัง"
ตรงข้ามชุมชนร่วมพัฒนาสินอนันต์ | เขตหนองจอก,4,13,17,11,6,3,1.3333333333333333,4.333333333333333,5.666666666666667,3.6666666666666665,2.0,ตรงข้ามชุมชนร่วมพัฒนาสินอนันต์ | เขตหนองจอก
"""อุรุพงษ์ | เขตราชเทวี",11,6,17,5,1,1,11.0,6.0,17.0,5.0,1.0,"""อุรุพงษ์ | เขตราชเทวี"
สโมสรทหารบก | เขตดินแดง,11,6,17,13,4,1,11.0,6.0,17.0,13.0,4.0,สโมสรทหารบก | เขตดินแดง
"โรงค้าถัง,ตรงข้ามอู่แสมดำ | เขตบางขุนเทียน",11,6,17,13,4,5,2.2,1.2,3.4,2.6,0.8,"โรงค้าถัง,ตรงข้ามอู่แสมดำ | เขตบางขุนเทียน"
ตรงข้ามสถานีวิทยุยานเกราะ | เขตดุสิต,13,4,17,13,4,2,6.5,2.0,8.5,6.5,2.0,ตรงข้ามสถานีวิทยุยานเกราะ | เขตดุสิต
"""ซอยเทอดไท 19 | เขตธนบุรี",9,8,17,4,3,1,9.0,8.0,17.0,4.0,3.0,"""ซอยเทอดไท 19 | เขตธนบุรี"
ตรงข้ามสวนสัตว์ดุสิต | เขตดุสิต,8,9,17,9,8,2,4.0,4.5,8.5,4.5,4.0,ตรงข้ามสวนสัตว์ดุสิต | เขตดุสิต
วัดสิตาราม(คอกหมู) | เขตป้อมปราบศัตรูพ่าย,7,10,17,13,4,2,3.5,5.0,8.5,6.5,2.0,วัดสิตาราม(คอกหมู) | เขตป้อมปราบศัตรูพ่าย
มัสยิดฮิดาย่าตุ้ลอิสลามียะห์ | เขตคลองสามวา,14,3,17,7,10,2,7.0,1.5,8.5,3.5,5.0,มัสยิดฮิดาย่าตุ้ลอิสลามียะห์ | เขตคลองสามวา
เคหะฉลองกรุงโซน 6 ป้ายที่ 3 | เขตหนองจอก,10,6,16,10,6,3,3.3333333333333335,2.0,5.333333333333333,3.3333333333333335,2.0,เคหะฉลองกรุงโซน 6 ป้ายที่ 3 | เขตหนองจอก
"""ซอยต้นสน | เขตปทุมวัน",8,8,16,4,5,1,8.0,8.0,16.0,4.0,5.0,"""ซอยต้นสน | เขตปทุมวัน"
ตรงข้ามซอยประชาอุทิศ 48 | เขตทุ่งครุ,13,3,16,10,6,3,4.333333333333333,1.0,5.333333333333333,3.3333333333333335,2.0,ตรงข้ามซอยประชาอุทิศ 48 | เขตทุ่งครุ
"""คลองตัน | เขตสวนหลวง",7,9,16,4,4,1,7.0,9.0,16.0,4.0,4.0,"""คลองตัน | เขตสวนหลวง"
ม.พัน3(ถนนทหารขาเข้า) | เขตดุสิต,7,9,16,11,5,2,3.5,4.5,8.0,5.5,2.5,ม.พัน3(ถนนทหารขาเข้า) | เขตดุสิต
ซอยมิตรไมตรี 28 | เขตหนองจอก,13,3,16,10,6,2,6.5,1.5,8.0,5.0,3.0,ซอยมิตรไมตรี 28 | เขตหนองจอก
"""ไปรษณีย์จรเข้บัว | เขตคันนายาว",9,7,16,4,1,1,9.0,7.0,16.0,4.0,1.0,"""ไปรษณีย์จรเข้บัว | เขตคันนายาว"
สวนจิตรลดา(ราชวิถี24) | เขตดุสิต,9,7,16,12,4,2,4.5,3.5,8.0,6.0,2.0,สวนจิตรลดา(ราชวิถี24) | เขตดุสิต
ครัวทะเล | เขตมีนบุรี,12,4,16,14,2,2,6.0,2.0,8.0,7.0,1.0,ครัวทะเล | เขตมีนบุรี
"""ตรงข้ามวัดเชิงหวาย | เขตบางซื่อ",9,7,16,4,1,1,9.0,7.0,16.0,4.0,1.0,"""ตรงข้ามวัดเชิงหวาย | เขตบางซื่อ"
ตรงข้ามโรงเรียนนายเรืออากาศ | เขตสายไหม,5,11,16,6,10,2,2.5,5.5,8.0,3.0,5.0,ตรงข้ามโรงเรียนนายเรืออากาศ | เขตสายไหม
ริมคลอง | เขตตลิ่งชัน,7,9,16,9,7,1,7.0,9.0,16.0,9.0,7.0,ริมคลอง | เขตตลิ่งชัน
"""ธนาคารกรุงเทพสาขาวงศ์สว่าง | เขตบางซื่อ",8,8,16,3,4,1,8.0,8.0,16.0,3.0,4.0,"""ธนาคารกรุงเทพสาขาวงศ์สว่าง | เขตบางซื่อ"
"""บริษัท สหพัฒนพิบูลจำกัด | เขตห้วยขวาง",10,6,16,6,2,1,10.0,6.0,16.0,6.0,2.0,"""บริษัท สหพัฒนพิบูลจำกัด | เขตห้วยขวาง"
โรงเรียนอนุบาลจันทร์เจ้า | เขตยานนาวา,9,7,16,11,5,2,4.5,3.5,8.0,5.5,2.5,โรงเรียนอนุบาลจันทร์เจ้า | เขตยานนาวา
ศูนย์เกียรามคำแหง | เขตบางกะปิ,8,8,16,12,4,1,8.0,8.0,16.0,12.0,4.0,ศูนย์เกียรามคำแหง | เขตบางกะปิ
"""บริษัทวาโก้ | เขตบางคอแหลม",7,9,16,2,1,1,7.0,9.0,16.0,2.0,1.0,"""บริษัทวาโก้ | เขตบางคอแหลม"
ก่อนถึงวัดตะล่อม | เขตตลิ่งชัน,9,7,16,8,8,1,9.0,7.0,16.0,8.0,8.0,ก่อนถึงวัดตะล่อม | เขตตลิ่งชัน
บริษัทสหยูเนี่ยน | เขตมีนบุรี,8,8,16,10,6,2,4.0,4.0,8.0,5.0,3.0,บริษัทสหยูเนี่ยน | เขตมีนบุรี
"""ซอยลาดพร้าว 79 | เขตวังทองหลาง",9,7,16,6,4,1,9.0,7.0,16.0,6.0,4.0,"""ซอยลาดพร้าว 79 | เขตวังทองหลาง"
"""ซอยรามอินทรา 89 | เขตคันนายาว",7,9,16,1,0,1,7.0,9.0,16.0,1.0,0.0,"""ซอยรามอินทรา 89 | เขตคันนายาว"
"""โชร์รูมมิตซู | เขตคลองสามวา",7,9,16,4,1,1,7.0,9.0,16.0,4.0,1.0,"""โชร์รูมมิตซู | เขตคลองสามวา"
ซอยลาดกระบัง 34/4 | เขตลาดกระบัง,8,8,16,8,8,2,4.0,4.0,8.0,4.0,4.0,ซอยลาดกระบัง 34/4 | เขตลาดกระบัง
หมู่บ้านรื่นฤดี | เขตคลองสามวา,10,6,16,11,5,2,5.0,3.0,8.0,5.5,2.5,หมู่บ้านรื่นฤดี | เขตคลองสามวา
ท่าเรือวัดนิมมานรดี | เขตบางแค,6,10,16,5,11,1,6.0,10.0,16.0,5.0,11.0,ท่าเรือวัดนิมมานรดี | เขตบางแค
หมู่บ้านเขมรัฐ(ซอยบางกอกน้อย-นครชัยศรี) | เขตทวีวัฒนา,8,8,16,8,8,2,4.0,4.0,8.0,4.0,4.0,หมู่บ้านเขมรัฐ(ซอยบางกอกน้อย-นครชัยศรี) | เขตทวีวัฒ...
"""บริษัทโตโยต้า | เขตจตุจักร",6,9,15,2,2,1,6.0,9.0,15.0,2.0,2.0,"""บริษัทโตโยต้า | เขตจตุจักร"
"""ตึกชิโนทัย | เขตวัฒนา",8,7,15,5,4,1,8.0,7.0,15.0,5.0,4.0,"""ตึกชิโนทัย | เขตวัฒนา"
"""บางกะบือ | เขตดุสิต",4,11,15,7,9,1,4.0,11.0,15.0,7.0,9.0,"""บางกะบือ | เขตดุสิต"
"""ประชาราษฎร์ 1 ซอย7/1 | เขตบางซื่อ",7,8,15,2,3,1,7.0,8.0,15.0,2.0,3.0,"""ประชาราษฎร์ 1 ซอย7/1 | เขตบางซื่อ"
"""สำนักงานไปรษณีย์วัดพระยาไกร | เขตบางคอแหลม",7,8,15,3,4,1,7.0,8.0,15.0,3.0,4.0,"""สำนักงานไปรษณีย์วัดพระยาไกร | เขตบางคอแหลม"
"""ตรงข้ามประชานฤมิตร | เขตบางซื่อ",8,7,15,5,3,1,8.0,7.0,15.0,5.0,3.0,"""ตรงข้ามประชานฤมิตร | เขตบางซื่อ"
ครัวริมบึง | เขตบางกะปิ,8,7,15,2,13,1,8.0,7.0,15.0,2.0,13.0,ครัวริมบึง | เขตบางกะปิ
ซอยสุขุมวิท 49 | เขตวัฒนา,8,7,15,6,9,1,8.0,7.0,15.0,6.0,9.0,ซอยสุขุมวิท 49 | เขตวัฒนา
"""ซอยไสวสุวรรณ | เขตบางซื่อ",8,7,15,5,2,1,8.0,7.0,15.0,5.0,2.0,"""ซอยไสวสุวรรณ | เขตบางซื่อ"
"""ซอยอินทามะระ 32 | เขตดินแดง",6,9,15,2,1,1,6.0,9.0,15.0,2.0,1.0,"""ซอยอินทามะระ 32 | เขตดินแดง"
"""หมู่บ้านพระปิ่น 2 | เขตทวีวัฒนา",6,9,15,0,0,1,6.0,9.0,15.0,0.0,0.0,"""หมู่บ้านพระปิ่น 2 | เขตทวีวัฒนา"
"""ซอยลาดพร้าว 17 | เขตจตุจักร",4,11,15,7,8,1,4.0,11.0,15.0,7.0,8.0,"""ซอยลาดพร้าว 17 | เขตจตุจักร"
"""ซอยนวมินทร์ 83 | เขตบึงกุ่ม",8,7,15,3,2,1,8.0,7.0,15.0,3.0,2.0,"""ซอยนวมินทร์ 83 | เขตบึงกุ่ม"
ไทเสรี(เจริญนคร52) | เขตคลองสาน,4,11,15,10,5,1,4.0,11.0,15.0,10.0,5.0,ไทเสรี(เจริญนคร52) | เขตคลองสาน
"""ซอยนวมินทร์ 151 | เขตบึงกุ่ม",7,8,15,1,1,1,7.0,8.0,15.0,1.0,1.0,"""ซอยนวมินทร์ 151 | เขตบึงกุ่ม"
"""เทสโก้โลตัส | เขตประเวศ",7,8,15,3,0,1,7.0,8.0,15.0,3.0,0.0,"""เทสโก้โลตัส | เขตประเวศ"
เศรษฐกิจแมนชั่นซอย 44 | เขตบางแค,11,4,15,11,4,2,5.5,2.0,7.5,5.5,2.0,เศรษฐกิจแมนชั่นซอย 44 | เขตบางแค
ตรงข้ามสถานีตำรวจมีนบุรี | เขตมีนบุรี,7,8,15,10,5,2,3.5,4.0,7.5,5.0,2.5,ตรงข้ามสถานีตำรวจมีนบุรี | เขตมีนบุรี
แยกทวีวัฒนา-กาญจนาภิเษก 24(ขาออก) | เขตทวีวัฒนา,14,1,15,9,6,3,4.666666666666667,0.3333333333333333,5.0,3.0,2.0,แยกทวีวัฒนา-กาญจนาภิเษก 24(ขาออก) | เขตทวีวัฒนา
ท่าวัดวรจรรยาวาส | เขตบางคอแหลม,5,10,15,0,15,1,5.0,10.0,15.0,0.0,15.0,ท่าวัดวรจรรยาวาส | เขตบางคอแหลม
ร้านอาหารทิพวรรณ | เขตบางกะปิ,6,9,15,8,7,1,6.0,9.0,15.0,8.0,7.0,ร้านอาหารทิพวรรณ | เขตบางกะปิ
วัดโพธิ์แก้ว | เขตราษฎร์บูรณะ,8,7,15,0,15,1,8.0,7.0,15.0,0.0,15.0,วัดโพธิ์แก้ว | เขตราษฎร์บูรณะ
ศุภาลัยพาร์ควิลล์ร่มเกล้า | เขตมีนบุรี,12,3,15,11,4,2,6.0,1.5,7.5,5.5,2.0,ศุภาลัยพาร์ควิลล์ร่มเกล้า | เขตมีนบุรี
ตรงข้ามบิ๊กซีกัลปพฤกษ์ | เขตบางบอน,10,5,15,8,7,1,10.0,5.0,15.0,8.0,7.0,ตรงข้ามบิ๊กซีกัลปพฤกษ์ | เขตบางบอน
ศูนย์อภิบาลคามิลเลียน | เขตลาดกระบัง,9,6,15,13,2,2,4.5,3.0,7.5,6.5,1.0,ศูนย์อภิบาลคามิลเลียน | เขตลาดกระบัง
ตลาดคลองตัน(เพชรบุรี42) | เขตสวนหลวง,8,6,14,8,6,2,4.0,3.0,7.0,4.0,3.0,ตลาดคลองตัน(เพชรบุรี42) | เขตสวนหลวง
ตรงข้ามร้านมาสเตอร์สุกี้ | เขตลาดกระบัง,7,7,14,14,0,1,7.0,7.0,14.0,14.0,0.0,ตรงข้ามร้านมาสเตอร์สุกี้ | เขตลาดกระบัง
สำนักงานสนามกองรังวัดและจัดกรรมสิทธิ์ที่ดิน | เขตตลิ่งชัน,6,8,14,9,5,2,3.0,4.0,7.0,4.5,2.5,สำนักงานสนามกองรังวัดและจัดกรรมสิทธิ์ที่ดิน | เขตตล...
เข้าซอย ถนน มาเจริญ | เขตหนองแขม,10,4,14,9,5,2,5.0,2.0,7.0,4.5,2.5,เข้าซอย ถนน มาเจริญ | เขตหนองแขม
ซอยศรีบูรพา 15 | เขตบึงกุ่ม,10,4,14,9,5,1,10.0,4.0,14.0,9.0,5.0,ซอยศรีบูรพา 15 | เขตบึงกุ่ม
"""TOT | เขตดินแดง",7,7,14,2,3,1,7.0,7.0,14.0,2.0,3.0,"""TOT | เขตดินแดง"
แยกการเคหะร่มเกล้า | เขตมีนบุรี,7,7,14,13,1,1,7.0,7.0,14.0,13.0,1.0,แยกการเคหะร่มเกล้า | เขตมีนบุรี
เมนี่เพลสคอฟฟี่แอนด์เบเกอรี่ | เขตบางแค,10,4,14,9,5,2,5.0,2.0,7.0,4.5,2.5,เมนี่เพลสคอฟฟี่แอนด์เบเกอรี่ | เขตบางแค
รุ่งเรืองออโต้ | เขตบางเขน,6,8,14,12,2,2,3.0,4.0,7.0,6.0,1.0,รุ่งเรืองออโต้ | เขตบางเขน
"""ศูนย์มานุษยวิทยาสิรินธร | เขตตลิ่งชัน",8,6,14,4,2,1,8.0,6.0,14.0,4.0,2.0,"""ศูนย์มานุษยวิทยาสิรินธร | เขตตลิ่งชัน"
ซอยร่มเกล้า 17 | เขตลาดกระบัง,11,3,14,10,4,2,5.5,1.5,7.0,5.0,2.0,ซอยร่มเกล้า 17 | เขตลาดกระบัง
ปากทางเลียบคลองทวีวัฒนา | เขตบางแค,9,5,14,7,7,1,9.0,5.0,14.0,7.0,7.0,ปากทางเลียบคลองทวีวัฒนา | เขตบางแค
"""แยกสุขุมวิท-อโศก | เขตวัฒนา",7,7,14,4,3,1,7.0,7.0,14.0,4.0,3.0,"""แยกสุขุมวิท-อโศก | เขตวัฒนา"
ซอยประชาอุทิศ 125 | เขตทุ่งครุ,9,5,14,9,5,1,9.0,5.0,14.0,9.0,5.0,ซอยประชาอุทิศ 125 | เขตทุ่งครุ
ซอยเอกชัย 105 | เขตบางบอน,6,8,14,12,2,2,3.0,4.0,7.0,6.0,1.0,ซอยเอกชัย 105 | เขตบางบอน
"ซอยบรมราชชนนี 121,หมู่บ้านพรรษพฤกษา | เขตทวีวัฒนา",9,5,14,9,5,2,4.5,2.5,7.0,4.5,2.5,"ซอยบรมราชชนนี 121,หมู่บ้านพรรษพฤกษา | เขตทวีวัฒนา"
ตรงข้ามอาคารสุขประพฤติ(DSI) | เขตบางซื่อ,7,7,14,9,5,2,3.5,3.5,7.0,4.5,2.5,ตรงข้ามอาคารสุขประพฤติ(DSI) | เขตบางซื่อ
ซอยสวนผัก 35 | เขตตลิ่งชัน,7,7,14,8,6,2,3.5,3.5,7.0,4.0,3.0,ซอยสวนผัก 35 | เขตตลิ่งชัน
โรงแรม Miramar | เขตป้อมปราบศัตรูพ่าย,8,6,14,9,5,1,8.0,6.0,14.0,9.0,5.0,โรงแรม Miramar | เขตป้อมปราบศัตรูพ่าย
หน้าอู่ลาดกระบัง | เขตลาดกระบัง,9,5,14,11,3,2,4.5,2.5,7.0,5.5,1.5,หน้าอู่ลาดกระบัง | เขตลาดกระบัง
"""ซอยสุขุมวิท 18 | เขตคลองเตย",7,7,14,2,1,1,7.0,7.0,14.0,2.0,1.0,"""ซอยสุขุมวิท 18 | เขตคลองเตย"
หมู่บ้านสินสมบูรณ์ | เขตหนองแขม,4,10,14,7,7,3,1.3333333333333333,3.3333333333333335,4.666666666666667,2.3333333333333335,2.3333333333333335,หมู่บ้านสินสมบูรณ์ | เขตหนองแขม
"""ดับเพลิง | เขตคลองเตย",8,6,14,3,1,1,8.0,6.0,14.0,3.0,1.0,"""ดับเพลิง | เขตคลองเตย"
"""ซอยรามคำแหง 83/2 | เขตบางกะปิ",5,9,14,1,2,1,5.0,9.0,14.0,1.0,2.0,"""ซอยรามคำแหง 83/2 | เขตบางกะปิ"
ตรงข้ามเมโทรพาร์คสาทร | เขตจอมทอง,8,6,14,8,6,1,8.0,6.0,14.0,8.0,6.0,ตรงข้ามเมโทรพาร์คสาทร | เขตจอมทอง
ซอยโพธิ์แก้ว 5 | เขตบางกะปิ,6,7,13,7,6,1,6.0,7.0,13.0,7.0,6.0,ซอยโพธิ์แก้ว 5 | เขตบางกะปิ
"""ตรงข้ามซอยเทอดไท 43 | เขตภาษีเจริญ",7,6,13,4,1,1,7.0,6.0,13.0,4.0,1.0,"""ตรงข้ามซอยเทอดไท 43 | เขตภาษีเจริญ"
ท่าสะพานพระราม 8 | เขตบางพลัด,5,8,13,11,2,1,5.0,8.0,13.0,11.0,2.0,ท่าสะพานพระราม 8 | เขตบางพลัด
"""อาคารเลครัชดา | เขตคลองเตย",8,5,13,3,0,1,8.0,5.0,13.0,3.0,0.0,"""อาคารเลครัชดา | เขตคลองเตย"
ท่าเรือยศเส | เขตปทุมวัน,3,10,13,13,0,3,1.0,3.3333333333333335,4.333333333333333,4.333333333333333,0.0,ท่าเรือยศเส | เขตปทุมวัน
[เปลี่ยนรถ] ท่าปล่อยรถ เทเวศร์ | เขตดุสิต,2,11,13,8,5,2,1.0,5.5,6.5,4.0,2.5,[เปลี่ยนรถ] ท่าปล่อยรถ เทเวศร์ | เขตดุสิต
ท่าพระปิ่นเกล้า | เขตบางพลัด,3,10,13,6,7,2,1.5,5.0,6.5,3.0,3.5,ท่าพระปิ่นเกล้า | เขตบางพลัด
"""ซอยนวมินทร์ 98 | เขตคันนายาว",8,5,13,4,1,1,8.0,5.0,13.0,4.0,1.0,"""ซอยนวมินทร์ 98 | เขตคันนายาว"
โรงงานพรมไทยปิง | เขตดอนเมือง,7,6,13,13,0,1,7.0,6.0,13.0,13.0,0.0,โรงงานพรมไทยปิง | เขตดอนเมือง
"""แยกเหนือใต้ | เขตบางคอแหลม",8,5,13,5,1,1,8.0,5.0,13.0,5.0,1.0,"""แยกเหนือใต้ | เขตบางคอแหลม"
"""โรงพยาบาลศรีวิชัย | เขตบางกอกน้อย",6,7,13,2,1,1,6.0,7.0,13.0,2.0,1.0,"""โรงพยาบาลศรีวิชัย | เขตบางกอกน้อย"
"""ซอยนราธิวาสราชนครินทร์ 7 | เขตสาทร",7,6,13,4,0,1,7.0,6.0,13.0,4.0,0.0,"""ซอยนราธิวาสราชนครินทร์ 7 | เขตสาทร"
"""สถานีตำรวจวิภาวดี | เขตจตุจักร",7,6,13,2,0,1,7.0,6.0,13.0,2.0,0.0,"""สถานีตำรวจวิภาวดี | เขตจตุจักร"
"""MAXVALU | เขตคลองสามวา",4,9,13,0,0,1,4.0,9.0,13.0,0.0,0.0,"""MAXVALU | เขตคลองสามวา"
ตรงข้ามโรงเรียนคู้บอน | เขตคลองสามวา,7,6,13,10,3,1,7.0,6.0,13.0,10.0,3.0,ตรงข้ามโรงเรียนคู้บอน | เขตคลองสามวา
"""กระทรวงการคลัง | เขตพญาไท",4,9,13,5,1,1,4.0,9.0,13.0,5.0,1.0,"""กระทรวงการคลัง | เขตพญาไท"
"""วัดชัยมงคล | เขตปทุมวัน",8,5,13,3,4,1,8.0,5.0,13.0,3.0,4.0,"""วัดชัยมงคล | เขตปทุมวัน"
ฉลองกรุง ซอย 43 | เขตลาดกระบัง,5,8,13,2,11,1,5.0,8.0,13.0,2.0,11.0,ฉลองกรุง ซอย 43 | เขตลาดกระบัง
"""ซอยสุขุมวิท 19 | เขตวัฒนา",7,6,13,3,2,1,7.0,6.0,13.0,3.0,2.0,"""ซอยสุขุมวิท 19 | เขตวัฒนา"
หมู่บ้านกฤษณา(สุวินทวงศ์) | เขตหนองจอก,7,6,13,13,0,1,7.0,6.0,13.0,13.0,0.0,หมู่บ้านกฤษณา(สุวินทวงศ์) | เขตหนองจอก
หมู่บ้านนันทวัน10 | เขตหนองจอก,4,8,12,5,7,2,2.0,4.0,6.0,2.5,3.5,หมู่บ้านนันทวัน10 | เขตหนองจอก
"""ซอยราชครู | เขตพญาไท",8,4,12,4,1,1,8.0,4.0,12.0,4.0,1.0,"""ซอยราชครู | เขตพญาไท"
สุขุมวิท62แยก1 | เขตพระโขนง,6,6,12,9,3,2,3.0,3.0,6.0,4.5,1.5,สุขุมวิท62แยก1 | เขตพระโขนง
แยกสงประภา | เขตหลักสี่,7,5,12,6,6,1,7.0,5.0,12.0,6.0,6.0,แยกสงประภา | เขตหลักสี่
"""ตรงข้าม กม.25 | เขตสายไหม",8,4,12,4,1,1,8.0,4.0,12.0,4.0,1.0,"""ตรงข้าม กม.25 | เขตสายไหม"
สี่พระยา (ข้ามฟาก) | เขตบางรัก,3,9,12,6,6,1,3.0,9.0,12.0,6.0,6.0,สี่พระยา (ข้ามฟาก) | เขตบางรัก
"""แยกมหานคร | เขตบางรัก",6,6,12,3,3,1,6.0,6.0,12.0,3.0,3.0,"""แยกมหานคร | เขตบางรัก"
"""ซอยศรีนครินทร์ 32 | เขตสวนหลวง",5,7,12,0,0,1,5.0,7.0,12.0,0.0,0.0,"""ซอยศรีนครินทร์ 32 | เขตสวนหลวง"
ซอยพุทธบูชา 37/1 (ถนนพุทธบูชาขาเข้า) | เขตทุ่งครุ,7,5,12,5,7,1,7.0,5.0,12.0,5.0,7.0,ซอยพุทธบูชา 37/1 (ถนนพุทธบูชาขาเข้า) | เขตทุ่งครุ
"""อาคารเอื้ออมรสุข | เขตยานนาวา",7,5,12,2,1,1,7.0,5.0,12.0,2.0,1.0,"""อาคารเอื้ออมรสุข | เขตยานนาวา"
โรงเรียนเทพศิรินทร์ | เขตปทุมวัน,6,6,12,9,3,1,6.0,6.0,12.0,9.0,3.0,โรงเรียนเทพศิรินทร์ | เขตปทุมวัน
SRT วัดสิงห์ | เขตบางขุนเทียน,4,8,12,8,4,1,4.0,8.0,12.0,8.0,4.0,SRT วัดสิงห์ | เขตบางขุนเทียน
"MRT รัชดาฯ,โอลิมเปีย | เขตดินแดง",7,5,12,9,3,1,7.0,5.0,12.0,9.0,3.0,"MRT รัชดาฯ,โอลิมเปีย | เขตดินแดง"
"""ไก่ย่างน้อมจิตต์ | เขตสวนหลวง",7,5,12,4,1,1,7.0,5.0,12.0,4.0,1.0,"""ไก่ย่างน้อมจิตต์ | เขตสวนหลวง"
"""ไทยธนาคาร | เขตบางรัก",6,5,11,4,5,1,6.0,5.0,11.0,4.0,5.0,"""ไทยธนาคาร | เขตบางรัก"
ท่าโอเรียนเต็ล (ข้ามฟาก) | เขตบางรัก,3,8,11,9,2,2,1.5,4.0,5.5,4.5,1.0,ท่าโอเรียนเต็ล (ข้ามฟาก) | เขตบางรัก
SRT ประดิพัทธ์ | เขตดุสิต,6,5,11,10,1,1,6.0,5.0,11.0,10.0,1.0,SRT ประดิพัทธ์ | เขตดุสิต
ซอยเอกชัย 106 | เขตบางบอน,7,4,11,8,3,2,3.5,2.0,5.5,4.0,1.5,ซอยเอกชัย 106 | เขตบางบอน
แยกสวรรคโลก(ขาเข้า) | เขตดุสิต,5,6,11,11,0,1,5.0,6.0,11.0,11.0,0.0,แยกสวรรคโลก(ขาเข้า) | เขตดุสิต
"""อุดมสุข 2 | เขตประเวศ",6,5,11,3,1,1,6.0,5.0,11.0,3.0,1.0,"""อุดมสุข 2 | เขตประเวศ"
"""อนุบาลสามเสน | เขตพญาไท",7,4,11,5,1,1,7.0,4.0,11.0,5.0,1.0,"""อนุบาลสามเสน | เขตพญาไท"
พฤกษาวิลล์14 มีนบุรี-นิมิตรใหม่ | เขตมีนบุรี,10,1,11,6,5,2,5.0,0.5,5.5,3.0,2.5,พฤกษาวิลล์14 มีนบุรี-นิมิตรใหม่ | เขตมีนบุรี
"""หมู่บ้านธารทิพย์ | เขตบึงกุ่ม",7,4,11,4,0,1,7.0,4.0,11.0,4.0,0.0,"""หมู่บ้านธารทิพย์ | เขตบึงกุ่ม"
โรงเรียนแจงร้อนวิทยา | เขตราษฎร์บูรณะ,6,5,11,10,1,2,3.0,2.5,5.5,5.0,0.5,โรงเรียนแจงร้อนวิทยา | เขตราษฎร์บูรณะ
"""วัดสะพาน  | เขตตลิ่งชัน",6,5,11,3,2,1,6.0,5.0,11.0,3.0,2.0,"""วัดสะพาน  | เขตตลิ่งชัน"
สนามกอล์ฟยูนิโก้ | เขตสะพานสูง,4,7,11,5,6,1,4.0,7.0,11.0,5.0,6.0,สนามกอล์ฟยูนิโก้ | เขตสะพานสูง
หจก.สุนทรธุรกิจ | เขตพระนคร,7,4,11,6,5,1,7.0,4.0,11.0,6.0,5.0,หจก.สุนทรธุรกิจ | เขตพระนคร
หน้าโชร์รูมรถ | เขตทวีวัฒนา,10,1,11,7,4,4,2.5,0.25,2.75,1.75,1.0,หน้าโชร์รูมรถ | เขตทวีวัฒนา
"""ซอยลาดพร้าว 114 | เขตวังทองหลาง",5,6,11,1,0,1,5.0,6.0,11.0,1.0,0.0,"""ซอยลาดพร้าว 114 | เขตวังทองหลาง"
"""ซอยกรุงเทพ-นนทบุรี 44 | เขตบางซื่อ",6,5,11,2,0,1,6.0,5.0,11.0,2.0,0.0,"""ซอยกรุงเทพ-นนทบุรี 44 | เขตบางซื่อ"
ตรงข้ามโรงเรียนจันทร์ศิริวิทยา | เขตหนองแขม,5,6,11,7,4,3,1.6666666666666667,2.0,3.6666666666666665,2.3333333333333335,1.3333333333333333,ตรงข้ามโรงเรียนจันทร์ศิริวิทยา | เขตหนองแขม
ตรงข้ามปูนซิเมนต์ไทย | เขตจตุจักร,4,7,11,4,7,2,2.0,3.5,5.5,2.0,3.5,ตรงข้ามปูนซิเมนต์ไทย | เขตจตุจักร
ชวนชื่นปาร์ควิลล่า | เขตทวีวัฒนา,9,2,11,8,3,2,4.5,1.0,5.5,4.0,1.5,ชวนชื่นปาร์ควิลล่า | เขตทวีวัฒนา
ตรงข้ามวัดน้อยนพคุณ | เขตดุสิต,3,8,11,2,9,1,3.0,8.0,11.0,2.0,9.0,ตรงข้ามวัดน้อยนพคุณ | เขตดุสิต
โรงเรียนกรพิทักษ์ศึกษา | เขตหนองแขม,6,5,11,7,4,1,6.0,5.0,11.0,7.0,4.0,โรงเรียนกรพิทักษ์ศึกษา | เขตหนองแขม
ตรงข้ามซอยอ่อนนุช 42 | เขตพระโขนง,8,3,11,7,4,1,8.0,3.0,11.0,7.0,4.0,ตรงข้ามซอยอ่อนนุช 42 | เขตพระโขนง
ซอยเชื่อมสัมพันธ์ 26 | เขตหนองจอก,6,5,11,8,3,1,6.0,5.0,11.0,8.0,3.0,ซอยเชื่อมสัมพันธ์ 26 | เขตหนองจอก
ซอยทวีวัฒนา-กาญจนาภิเษก 2 | เขตทวีวัฒนา,7,4,11,7,4,1,7.0,4.0,11.0,7.0,4.0,ซอยทวีวัฒนา-กาญจนาภิเษก 2 | เขตทวีวัฒนา
"""ซอยรามอินทรา74 | เขตคันนายาว",4,6,10,1,2,1,4.0,6.0,10.0,1.0,2.0,"""ซอยรามอินทรา74 | เขตคันนายาว"
"""กรมยุทธบริการ | เขตบางซื่อ",6,4,10,3,0,1,6.0,4.0,10.0,3.0,0.0,"""กรมยุทธบริการ | เขตบางซื่อ"
ตรงข้ามตลาดเทิดไท | เขตลาดกระบัง,5,5,10,7,3,1,5.0,5.0,10.0,7.0,3.0,ตรงข้ามตลาดเทิดไท | เขตลาดกระบัง
"""โรงเรียนคอนแวนต์ | เขตคลองเตย",7,3,10,5,2,1,7.0,3.0,10.0,5.0,2.0,"""โรงเรียนคอนแวนต์ | เขตคลองเตย"
ซอยร่มเกล้า 21/9 | เขตลาดกระบัง,6,4,10,10,0,1,6.0,4.0,10.0,10.0,0.0,ซอยร่มเกล้า 21/9 | เขตลาดกระบัง
MRT หัวลำโพง(ทางออก4) | เขตปทุมวัน,6,4,10,6,4,1,6.0,4.0,10.0,6.0,4.0,MRT หัวลำโพง(ทางออก4) | เขตปทุมวัน
โรงเรียนนายเรืออากาศ | เขตสายไหม,5,5,10,6,4,1,5.0,5.0,10.0,6.0,4.0,โรงเรียนนายเรืออากาศ | เขตสายไหม
โรงเรียนหนองจอกพิทยานุสสรณ์มัธยม | เขตหนองจอก,5,5,10,6,4,1,5.0,5.0,10.0,6.0,4.0,โรงเรียนหนองจอกพิทยานุสสรณ์มัธยม | เขตหนองจอก
สนามกอล์ฟยูนิโก้ | เขตประเวศ,6,4,10,7,3,1,6.0,4.0,10.0,7.0,3.0,สนามกอล์ฟยูนิโก้ | เขตประเวศ
ซอยจักรทิพย์ | เขตดุสิต,4,6,10,9,1,2,2.0,3.0,5.0,4.5,0.5,ซอยจักรทิพย์ | เขตดุสิต
สจล.(คณะครุศาสตร์อุตสาหกรรม) | เขตลาดกระบัง,7,3,10,10,0,1,7.0,3.0,10.0,10.0,0.0,สจล.(คณะครุศาสตร์อุตสาหกรรม) | เขตลาดกระบัง
"ตรงข้ามวัดใหม่ลำนกแขวก,การไฟฟ้าย่อยหนองจอก,วินเซอร์ปาร์คแอนค์กอล์ฟคลับ | เขตหนองจอก",5,5,10,10,0,1,5.0,5.0,10.0,10.0,0.0,"ตรงข้ามวัดใหม่ลำนกแขวก,การไฟฟ้าย่อยหนองจอก,วินเซอร์..."
"""ซอยนวมินทร์ 58 | เขตบึงกุ่ม",3,7,10,4,13,2,1.5,3.5,5.0,2.0,6.5,"""ซอยนวมินทร์ 58 | เขตบึงกุ่ม"
"""ตรงข้ามวัดจีน | เขตคลองสามวา",3,7,10,0,0,1,3.0,7.0,10.0,0.0,0.0,"""ตรงข้ามวัดจีน | เขตคลองสามวา"
แยกผาสุก | เขตประเวศ,6,4,10,3,7,1,6.0,4.0,10.0,3.0,7.0,แยกผาสุก | เขตประเวศ
อนุวัฒน์ออโต้แอร์ | เขตคลองสามวา,5,5,10,0,10,1,5.0,5.0,10.0,0.0,10.0,อนุวัฒน์ออโต้แอร์ | เขตคลองสามวา
วัดมกุฏกษัตริยาราม | เขตดุสิต,0,10,10,10,0,2,0.0,5.0,5.0,5.0,0.0,วัดมกุฏกษัตริยาราม | เขตดุสิต
"""ซอยเทอดไท 30 | เขตธนบุรี",5,5,10,3,0,1,5.0,5.0,10.0,3.0,0.0,"""ซอยเทอดไท 30 | เขตธนบุรี"
โรงเรียนคู้บอน | เขตคันนายาว,0,10,10,7,3,3,0.0,3.3333333333333335,3.3333333333333335,2.3333333333333335,1.0,โรงเรียนคู้บอน | เขตคันนายาว
"""ซีเมนต์ไทย1 | เขตจตุจักร",3,7,10,4,1,1,3.0,7.0,10.0,4.0,1.0,"""ซีเมนต์ไทย1 | เขตจตุจักร"
ตรงข้ามเรือนจำพิเศษมีนบุรี | เขตมีนบุรี,5,5,10,10,0,1,5.0,5.0,10.0,10.0,0.0,ตรงข้ามเรือนจำพิเศษมีนบุรี | เขตมีนบุรี
พระราม 7(ท่าบางกรวย) | เขตบางซื่อ,5,5,10,10,0,1,5.0,5.0,10.0,10.0,0.0,พระราม 7(ท่าบางกรวย) | เขตบางซื่อ
"""ซอยเจริญกรุง 93 | เขตบางคอแหลม",7,3,10,6,4,1,7.0,3.0,10.0,6.0,4.0,"""ซอยเจริญกรุง 93 | เขตบางคอแหลม"
ท่าบางกะปิ | เขตบางกะปิ,3,7,10,6,4,3,1.0,2.3333333333333335,3.3333333333333335,2.0,1.3333333333333333,ท่าบางกะปิ | เขตบางกะปิ
ท่าปล่อยรถ หัวลำโพง | เขตป้อมปราบศัตรูพ่าย,5,5,10,6,4,1,5.0,5.0,10.0,6.0,4.0,ท่าปล่อยรถ หัวลำโพง | เขตป้อมปราบศัตรูพ่าย
"โรงพยาบาลมิชชั่น,ตลาดมหานาค | เขตดุสิต",4,6,10,8,2,1,4.0,6.0,10.0,8.0,2.0,"โรงพยาบาลมิชชั่น,ตลาดมหานาค | เขตดุสิต"
หมู่บ้านริมสวน | เขตประเวศ,8,2,10,7,3,2,4.0,1.0,5.0,3.5,1.5,หมู่บ้านริมสวน | เขตประเวศ
"""อาคารเสริมมิตร | เขตวัฒนา",4,6,10,2,2,1,4.0,6.0,10.0,2.0,2.0,"""อาคารเสริมมิตร | เขตวัฒนา"
ตรงข้ามวิคตอเรียการ์เด้น | เขตหนองแขม,5,5,10,10,0,1,5.0,5.0,10.0,10.0,0.0,ตรงข้ามวิคตอเรียการ์เด้น | เขตหนองแขม
"""MRT สุทธิสาร | เขตห้วยขวาง",4,6,10,1,1,1,4.0,6.0,10.0,1.0,1.0,"""MRT สุทธิสาร | เขตห้วยขวาง"
ตรงข้ามหมู่บ้านเปี่ยมสุข | เขตบึงกุ่ม,5,5,10,10,0,1,5.0,5.0,10.0,10.0,0.0,ตรงข้ามหมู่บ้านเปี่ยมสุข | เขตบึงกุ่ม
ท่าวัดวรจรรยาวาส | เขตคลองสาน,1,9,10,5,5,2,0.5,4.5,5.0,2.5,2.5,ท่าวัดวรจรรยาวาส | เขตคลองสาน
ตรงข้ามซอยโพธิ์ปั้น | เขตราชเทวี,5,5,10,0,10,1,5.0,5.0,10.0,0.0,10.0,ตรงข้ามซอยโพธิ์ปั้น | เขตราชเทวี
"""ภูเขาทอง | เขตป้อมปราบศัตรูพ่าย",5,4,9,2,4,1,5.0,4.0,9.0,2.0,4.0,"""ภูเขาทอง | เขตป้อมปราบศัตรูพ่าย"
"""ประชาราษฎร์สาย 1 ซอย 20 | เขตบางซื่อ",8,1,9,7,1,1,8.0,1.0,9.0,7.0,1.0,"""ประชาราษฎร์สาย 1 ซอย 20 | เขตบางซื่อ"
ตรงข้ามซอยสันติสุข | เขตดุสิต,3,6,9,6,3,1,3.0,6.0,9.0,6.0,3.0,ตรงข้ามซอยสันติสุข | เขตดุสิต
บริษัทฮานามิฟู้ดส์จำกัด | เขตคันนายาว,6,3,9,6,3,1,6.0,3.0,9.0,6.0,3.0,บริษัทฮานามิฟู้ดส์จำกัด | เขตคันนายาว
"ซอยลำอีรั้ว,ซอยเชื่อมสัมพันธ์ 22 | เขตหนองจอก",5,4,9,6,3,1,5.0,4.0,9.0,6.0,3.0,"ซอยลำอีรั้ว,ซอยเชื่อมสัมพันธ์ 22 | เขตหนองจอก"
"""ซอยบางนา-ตราด 19 | เขตบางนา",5,4,9,3,0,1,5.0,4.0,9.0,3.0,0.0,"""ซอยบางนา-ตราด 19 | เขตบางนา"
ร้านอาหารไตถัง(ถนนสุคนธสวัสดิ์ขาออก) | เขตลาดพร้าว,5,4,9,5,4,1,5.0,4.0,9.0,5.0,4.0,ร้านอาหารไตถัง(ถนนสุคนธสวัสดิ์ขาออก) | เขตลาดพร้าว
ปั้มบางจากตรงข้ามโลตัสคู้บอน | เขตคันนายาว,3,6,9,5,4,1,3.0,6.0,9.0,5.0,4.0,ปั้มบางจากตรงข้ามโลตัสคู้บอน | เขตคันนายาว
ปากซอยเฉลิมพระเกียรติ 68 สุเหร่าจรเข้บัว | เขตประเวศ,3,6,9,6,3,1,3.0,6.0,9.0,6.0,3.0,ปากซอยเฉลิมพระเกียรติ 68 สุเหร่าจรเข้บัว | เขตประเวศ
ซอยอยู่เย็น | เขตบึงกุ่ม,6,3,9,6,3,1,6.0,3.0,9.0,6.0,3.0,ซอยอยู่เย็น | เขตบึงกุ่ม
พุทธมณฑลสาย 3 ซอย 3 | เขตหนองแขม,4,5,9,3,6,1,4.0,5.0,9.0,3.0,6.0,พุทธมณฑลสาย 3 ซอย 3 | เขตหนองแขม
หมู่บ้านรุ่งอรุณ2 | เขตลาดกระบัง,5,4,9,6,3,1,5.0,4.0,9.0,6.0,3.0,หมู่บ้านรุ่งอรุณ2 | เขตลาดกระบัง
ARL บ้านทับช้าง | เขตประเวศ,7,2,9,4,5,2,3.5,1.0,4.5,2.0,2.5,ARL บ้านทับช้าง | เขตประเวศ
โอ้วซิมเฮง | เขตหนองแขม,6,3,9,6,3,1,6.0,3.0,9.0,6.0,3.0,โอ้วซิมเฮง | เขตหนองแขม
MRT หัวลำโพง(ทางออก 3) | เขตบางรัก,5,4,9,6,3,1,5.0,4.0,9.0,6.0,3.0,MRT หัวลำโพง(ทางออก 3) | เขตบางรัก
ซอยสุนทร 2 | เขตภาษีเจริญ,3,6,9,6,3,1,3.0,6.0,9.0,6.0,3.0,ซอยสุนทร 2 | เขตภาษีเจริญ
"""ดับเพลิงบางซ่อน | เขตบางซื่อ",3,6,9,3,3,1,3.0,6.0,9.0,3.0,3.0,"""ดับเพลิงบางซ่อน | เขตบางซื่อ"
กม.7 รามอินทรา(ขาออก) | เขตบางเขน,5,4,9,7,2,1,5.0,4.0,9.0,7.0,2.0,กม.7 รามอินทรา(ขาออก) | เขตบางเขน
แยกอ่อนุช | เขตสวนหลวง,5,4,9,8,1,1,5.0,4.0,9.0,8.0,1.0,แยกอ่อนุช | เขตสวนหลวง
"""MRT ห้วยขวาง | เขตดินแดง",5,4,9,2,0,1,5.0,4.0,9.0,2.0,0.0,"""MRT ห้วยขวาง | เขตดินแดง"
"ซอยสุวินทวงศ์ 38,ตรงข้ามบริษัทซีพี | เขตมีนบุรี",6,3,9,6,3,1,6.0,3.0,9.0,6.0,3.0,"ซอยสุวินทวงศ์ 38,ตรงข้ามบริษัทซีพี | เขตมีนบุรี"
ท่าวัดเทพลีลา | เขตบางกะปิ,4,5,9,1,8,1,4.0,5.0,9.0,1.0,8.0,ท่าวัดเทพลีลา | เขตบางกะปิ
ซอบกรุงเทพกรีฑา 17 | เขตสะพานสูง,5,4,9,7,2,1,5.0,4.0,9.0,7.0,2.0,ซอบกรุงเทพกรีฑา 17 | เขตสะพานสูง
BTS อ่อนนุช (ขาออก) | เขตคลองเตย,5,4,9,9,0,1,5.0,4.0,9.0,9.0,0.0,BTS อ่อนนุช (ขาออก) | เขตคลองเตย
ARL มักกะสัน | เขตห้วยขวาง,5,4,9,5,4,1,5.0,4.0,9.0,5.0,4.0,ARL มักกะสัน | เขตห้วยขวาง
ตรงข้ามเจวีเค | เขตบางกะปิ,4,5,9,8,1,1,4.0,5.0,9.0,8.0,1.0,ตรงข้ามเจวีเค | เขตบางกะปิ
แยกบาแล | เขตมีนบุรี,6,2,8,4,4,1,6.0,2.0,8.0,4.0,4.0,แยกบาแล | เขตมีนบุรี
พุทธมณฑลสาย 2 ซอย 24 | เขตตลิ่งชัน,4,4,8,7,1,1,4.0,4.0,8.0,7.0,1.0,พุทธมณฑลสาย 2 ซอย 24 | เขตตลิ่งชัน
หมู่บ้านธีราคร | เขตบางแค,5,3,8,4,4,1,5.0,3.0,8.0,4.0,4.0,หมู่บ้านธีราคร | เขตบางแค
พุทธมณฑลสาย 3 ซอย 4 | เขตบางแค,3,5,8,4,4,2,1.5,2.5,4.0,2.0,2.0,พุทธมณฑลสาย 3 ซอย 4 | เขตบางแค
วุฒิเจริญขนส่ง | เขตทวีวัฒนา,1,7,8,4,4,2,0.5,3.5,4.0,2.0,2.0,วุฒิเจริญขนส่ง | เขตทวีวัฒนา
ตรงข้ามหมู่บ้านนันทวัน 5 | เขตหนองจอก,6,2,8,6,2,1,6.0,2.0,8.0,6.0,2.0,ตรงข้ามหมู่บ้านนันทวัน 5 | เขตหนองจอก
หมู่บ้านทวีทอง 2 | เขตบางบอน,4,4,8,6,2,1,4.0,4.0,8.0,6.0,2.0,หมู่บ้านทวีทอง 2 | เขตบางบอน
หมู่บ้านนุสาสิริ | เขตประเวศ,6,2,8,6,2,1,6.0,2.0,8.0,6.0,2.0,หมู่บ้านนุสาสิริ | เขตประเวศ
ตรงข้ามหมู่บ้าน UrbanHousing | เขตลาดพร้าว,4,4,8,8,0,1,4.0,4.0,8.0,8.0,0.0,ตรงข้ามหมู่บ้าน UrbanHousing | เขตลาดพร้าว
ลานพระรูปทรงม้า(ถนนราชดำเนินนอกขาเข้า) | เขตดุสิต,2,6,8,4,4,1,2.0,6.0,8.0,4.0,4.0,ลานพระรูปทรงม้า(ถนนราชดำเนินนอกขาเข้า) | เขตดุสิต
"""ซอยรามคำแหง 77 | เขตบางกะปิ",3,5,8,0,0,1,3.0,5.0,8.0,0.0,0.0,"""ซอยรามคำแหง 77 | เขตบางกะปิ"
ตรงข้ามมหาวิทยาลัยเกษมบัณฑิต | เขตบางกะปิ,2,6,8,5,3,1,2.0,6.0,8.0,5.0,3.0,ตรงข้ามมหาวิทยาลัยเกษมบัณฑิต | เขตบางกะปิ
แยกโรงเรียนสุขุมนวพันธ์ | เขตบึงกุ่ม,1,7,8,6,2,1,1.0,7.0,8.0,6.0,2.0,แยกโรงเรียนสุขุมนวพันธ์ | เขตบึงกุ่ม
ซอยศรีนครินทร์ 50(อุดมสุข2) | เขตประเวศ,8,0,8,5,3,1,8.0,0.0,8.0,5.0,3.0,ซอยศรีนครินทร์ 50(อุดมสุข2) | เขตประเวศ
ตรงข้ามวัดมะกอก(แยกทุ่งมังกร) | เขตตลิ่งชัน,4,4,8,6,2,1,4.0,4.0,8.0,6.0,2.0,ตรงข้ามวัดมะกอก(แยกทุ่งมังกร) | เขตตลิ่งชัน
"""ซอยสวนสยาม 26 | เขตคันนายาว",3,5,8,1,3,1,3.0,5.0,8.0,1.0,3.0,"""ซอยสวนสยาม 26 | เขตคันนายาว"
สนามฟุตบอลซอยโพธิ์แก้ว | เขตบางกะปิ,7,1,8,4,4,1,7.0,1.0,8.0,4.0,4.0,สนามฟุตบอลซอยโพธิ์แก้ว | เขตบางกะปิ
แยกลาดกระบัง-ฉลองกรุง(ถนนฉลองกรุงขาออก) | เขตลาดกระบัง,3,5,8,5,3,1,3.0,5.0,8.0,5.0,3.0,แยกลาดกระบัง-ฉลองกรุง(ถนนฉลองกรุงขาออก) | เขตลาดกระ...
ปั๊มเอ็นเอสก๊าซแอลพีจี | เขตมีนบุรี,6,2,8,4,4,1,6.0,2.0,8.0,4.0,4.0,ปั๊มเอ็นเอสก๊าซแอลพีจี | เขตมีนบุรี
"""ซอยเทอดไท 37 | เขตธนบุรี",3,5,8,1,3,1,3.0,5.0,8.0,1.0,3.0,"""ซอยเทอดไท 37 | เขตธนบุรี"
ท่าปล่อยรถ เทเวศร์ (23) | เขตดุสิต,2,6,8,4,4,1,2.0,6.0,8.0,4.0,4.0,ท่าปล่อยรถ เทเวศร์ (23) | เขตดุสิต
BTS อ่อนนุช (ขาออก) | เขตวัฒนา,6,2,8,6,2,1,6.0,2.0,8.0,6.0,2.0,BTS อ่อนนุช (ขาออก) | เขตวัฒนา
ตรงข้ามเมเจอร์พระประแดง(ต่างระดับวงแหวนอุตสาหกรรม) | เขตราษฎร์บูรณะ,3,5,8,6,2,1,3.0,5.0,8.0,6.0,2.0,ตรงข้ามเมเจอร์พระประแดง(ต่างระดับวงแหวนอุตสาหกรรม) ...
ท่าอโศก | เขตวัฒนา,3,5,8,6,2,1,3.0,5.0,8.0,6.0,2.0,ท่าอโศก | เขตวัฒนา
ดอนเมือง | เขตดอนเมือง,4,4,8,7,1,1,4.0,4.0,8.0,7.0,1.0,ดอนเมือง | เขตดอนเมือง
ตรงข้ามการไฟฟ้ามีนบุรี | เขตมีนบุรี,6,2,8,4,4,1,6.0,2.0,8.0,4.0,4.0,ตรงข้ามการไฟฟ้ามีนบุรี | เขตมีนบุรี
บริษัท ยาคูลท์ | เขตจตุจักร,3,5,8,5,3,1,3.0,5.0,8.0,5.0,3.0,บริษัท ยาคูลท์ | เขตจตุจักร
ซอยโพธิ์เจริญ | เขตสาทร,6,2,8,6,2,1,6.0,2.0,8.0,6.0,2.0,ซอยโพธิ์เจริญ | เขตสาทร
เชนอะไหล่ยนต์ | เขตลาดกระบัง,4,4,8,5,3,1,4.0,4.0,8.0,5.0,3.0,เชนอะไหล่ยนต์ | เขตลาดกระบัง
"""แยกวุฒากาศ | เขตธนบุรี",4,4,8,1,0,1,4.0,4.0,8.0,1.0,0.0,"""แยกวุฒากาศ | เขตธนบุรี"
บ้านพักคนชราบางแค | เขตบางแค,3,5,8,3,5,1,3.0,5.0,8.0,3.0,5.0,บ้านพักคนชราบางแค | เขตบางแค
"บิ๊กซีเอกชัย,ตรงข้ามซอยเอกชัย54 | เขตบางขุนเทียน",5,3,8,3,5,1,5.0,3.0,8.0,3.0,5.0,"บิ๊กซีเอกชัย,ตรงข้ามซอยเอกชัย54 | เขตบางขุนเทียน"
อาคารสุขประพฤติ | เขตบางซื่อ,3,5,8,8,0,1,3.0,5.0,8.0,8.0,0.0,อาคารสุขประพฤติ | เขตบางซื่อ
"ตลาดคลองตัน,ตรงข้ามโรงเรียนเขียนแบบก่อสร้างและเครื่องกล | เขตวัฒนา",2,6,8,5,3,1,2.0,6.0,8.0,5.0,3.0,"ตลาดคลองตัน,ตรงข้ามโรงเรียนเขียนแบบก่อสร้างและเครื่..."
แยกถนนอุทยาน | เขตทวีวัฒนา,5,3,8,5,3,1,5.0,3.0,8.0,5.0,3.0,แยกถนนอุทยาน | เขตทวีวัฒนา
ซอยมิตรไมตรี 6 | เขตหนองจอก,3,5,8,4,4,1,3.0,5.0,8.0,4.0,4.0,ซอยมิตรไมตรี 6 | เขตหนองจอก
ตรงข้ามองค์การสหประชาชาติ | เขตพระนคร,4,4,8,7,1,1,4.0,4.0,8.0,7.0,1.0,ตรงข้ามองค์การสหประชาชาติ | เขตพระนคร
เลียบทางรถไฟวงเวียนใหญ่ | เขตคลองสาน,6,2,8,5,3,1,6.0,2.0,8.0,5.0,3.0,เลียบทางรถไฟวงเวียนใหญ่ | เขตคลองสาน
ก่อนปากซอยเฉลิมพระเกียรติ 36 | เขตประเวศ,5,3,8,4,4,1,5.0,3.0,8.0,4.0,4.0,ก่อนปากซอยเฉลิมพระเกียรติ 36 | เขตประเวศ
ซอยเอกชัย 3 | เขตจอมทอง,3,4,7,5,2,1,3.0,4.0,7.0,5.0,2.0,ซอยเอกชัย 3 | เขตจอมทอง
ท่าเรือนพวงษ์ | เขตป้อมปราบศัตรูพ่าย,2,5,7,4,3,1,2.0,5.0,7.0,4.0,3.0,ท่าเรือนพวงษ์ | เขตป้อมปราบศัตรูพ่าย
โรงเรียนจันทร์ศิริวิทยา | เขตหนองแขม,4,3,7,4,3,1,4.0,3.0,7.0,4.0,3.0,โรงเรียนจันทร์ศิริวิทยา | เขตหนองแขม
หน้าวัดจีน | เขตบางเขน,6,1,7,4,3,1,6.0,1.0,7.0,4.0,3.0,หน้าวัดจีน | เขตบางเขน
ท่ากรมเจ้าท่า | เขตคลองสาน,1,6,7,3,4,1,1.0,6.0,7.0,3.0,4.0,ท่ากรมเจ้าท่า | เขตคลองสาน
หน้าร้านเรือนดอกไม้ | เขตทุ่งครุ,5,2,7,5,2,1,5.0,2.0,7.0,5.0,2.0,หน้าร้านเรือนดอกไม้ | เขตทุ่งครุ
อู่รถเมล์ บ.วิริยะวงศ์ | เขตบางบอน,1,6,7,5,2,1,1.0,6.0,7.0,5.0,2.0,อู่รถเมล์ บ.วิริยะวงศ์ | เขตบางบอน
"โรงฟักไข่,ตรงข้ามซอยเชื่อมสัมพันธ์ 26 | เขตหนองจอก",5,2,7,4,3,1,5.0,2.0,7.0,4.0,3.0,"โรงฟักไข่,ตรงข้ามซอยเชื่อมสัมพันธ์ 26 | เขตหนองจอก"
SRT ประดิพัทธ์ | เขตพญาไท,5,2,7,5,2,1,5.0,2.0,7.0,5.0,2.0,SRT ประดิพัทธ์ | เขตพญาไท
คลองระหาญ 1 | เขตบางขุนเทียน,4,3,7,6,1,2,2.0,1.5,3.5,3.0,0.5,คลองระหาญ 1 | เขตบางขุนเทียน
"""ซอยหมู่บ้านออคิดวิลล่า | เขตวังทองหลาง",5,2,7,4,4,1,5.0,2.0,7.0,4.0,4.0,"""ซอยหมู่บ้านออคิดวิลล่า | เขตวังทองหลาง"
ท่าเรือประชาธิปไตย | เขตดุสิต,2,5,7,3,4,1,2.0,5.0,7.0,3.0,4.0,ท่าเรือประชาธิปไตย | เขตดุสิต
ซอยสุขุมวิท 79 | เขตวัฒนา,2,5,7,3,4,1,2.0,5.0,7.0,3.0,4.0,ซอยสุขุมวิท 79 | เขตวัฒนา
"""ซอยยิ้มประยูร | เขตบางซื่อ",4,3,7,2,2,1,4.0,3.0,7.0,2.0,2.0,"""ซอยยิ้มประยูร | เขตบางซื่อ"
สตรีวิทยา 2 | เขตลาดพร้าว,5,2,7,7,0,1,5.0,2.0,7.0,7.0,0.0,สตรีวิทยา 2 | เขตลาดพร้าว
ซอยสบาย 1 | เขตบางแค,4,3,7,4,3,1,4.0,3.0,7.0,4.0,3.0,ซอยสบาย 1 | เขตบางแค
ตรงข้ามหมู่บ้านสุภาวัลย์ | เขตลาดกระบัง,6,1,7,3,4,1,6.0,1.0,7.0,3.0,4.0,ตรงข้ามหมู่บ้านสุภาวัลย์ | เขตลาดกระบัง
ตรงข้ามหมู่บ้านเธียรทอง 2 | เขตหนองจอก,5,2,7,4,3,2,2.5,1.0,3.5,2.0,1.5,ตรงข้ามหมู่บ้านเธียรทอง 2 | เขตหนองจอก
ตรงข้ามองค์การสหประชาชาติ | เขตป้อมปราบศัตรูพ่าย,2,5,7,7,0,1,2.0,5.0,7.0,7.0,0.0,ตรงข้ามองค์การสหประชาชาติ | เขตป้อมปราบศัตรูพ่าย
ซอยสุจริต 1 | เขตดุสิต,2,5,7,6,1,1,2.0,5.0,7.0,6.0,1.0,ซอยสุจริต 1 | เขตดุสิต
"ปั้มก๊าซแอลพีจี,ไทยก๊าซร่มเกล้า | เขตมีนบุรี",0,7,7,4,3,2,0.0,3.5,3.5,2.0,1.5,"ปั้มก๊าซแอลพีจี,ไทยก๊าซร่มเกล้า | เขตมีนบุรี"
โรงพยาบาลจิตตเวช | เขตทวีวัฒนา,2,5,7,6,1,1,2.0,5.0,7.0,6.0,1.0,โรงพยาบาลจิตตเวช | เขตทวีวัฒนา
ซอยร่มไทร | เขตบางแค,4,3,7,3,4,1,4.0,3.0,7.0,3.0,4.0,ซอยร่มไทร | เขตบางแค
แยกทวีวัฒนา-กาญจนาภิเษก24(ขาเข้า) | เขตทวีวัฒนา,4,3,7,5,2,1,4.0,3.0,7.0,5.0,2.0,แยกทวีวัฒนา-กาญจนาภิเษก24(ขาเข้า) | เขตทวีวัฒนา
หมู่บ้านสกุลทิพย์ | เขตทวีวัฒนา,3,4,7,6,1,1,3.0,4.0,7.0,6.0,1.0,หมู่บ้านสกุลทิพย์ | เขตทวีวัฒนา
ซอยนวลจันทร์ | เขตบางเขน,3,4,7,3,4,1,3.0,4.0,7.0,3.0,4.0,ซอยนวลจันทร์ | เขตบางเขน
ซอยนวลจันทร์ 9 | เขตบึงกุ่ม,4,3,7,4,3,1,4.0,3.0,7.0,4.0,3.0,ซอยนวลจันทร์ 9 | เขตบึงกุ่ม
บริษัท ไทยคริปตอน จำกัด | เขตลาดกระบัง,4,3,7,4,3,1,4.0,3.0,7.0,4.0,3.0,บริษัท ไทยคริปตอน จำกัด | เขตลาดกระบัง
"บริษัท สหพัฒนพิบูลจำกัด, | เขตวัฒนา",5,2,7,5,2,1,5.0,2.0,7.0,5.0,2.0,"บริษัท สหพัฒนพิบูลจำกัด, | เขตวัฒนา"
"""บิ๊กซีเอกชัย | เขตบางบอน",3,4,7,0,2,1,3.0,4.0,7.0,0.0,2.0,"""บิ๊กซีเอกชัย | เขตบางบอน"
พุทธมณฑลสาย 1 ซอย 14 (วัดโคกโพธิ์ราม) | เขตตลิ่งชัน,5,2,7,4,3,1,5.0,2.0,7.0,4.0,3.0,พุทธมณฑลสาย 1 ซอย 14 (วัดโคกโพธิ์ราม) | เขตตลิ่งชัน
"อาคารวิทยานิเวศน์ , หอพักนสิตจุฬา | เขตปทุมวัน",1,6,7,3,4,1,1.0,6.0,7.0,3.0,4.0,"อาคารวิทยานิเวศน์ , หอพักนสิตจุฬา | เขตปทุมวัน"
องค์การตลาดเพื่อเกษตรกร(อ.ต.ก.) | เขตพญาไท,2,5,7,5,2,1,2.0,5.0,7.0,5.0,2.0,องค์การตลาดเพื่อเกษตรกร(อ.ต.ก.) | เขตพญาไท
"""ซอยปรีดีพนมยงค์ 44 | เขตวัฒนา",4,2,6,2,0,1,4.0,2.0,6.0,2.0,0.0,"""ซอยปรีดีพนมยงค์ 44 | เขตวัฒนา"
แยกทวีวัฒนา-กาญจนาภิเษก14/1 | เขตทวีวัฒนา,2,4,6,5,1,3,0.6666666666666666,1.3333333333333333,2.0,1.6666666666666667,0.3333333333333333,แยกทวีวัฒนา-กาญจนาภิเษก14/1 | เขตทวีวัฒนา
หมู่บ้านเก้าวัฒนาวิลล่า | เขตบางแค,3,3,6,5,1,1,3.0,3.0,6.0,5.0,1.0,หมู่บ้านเก้าวัฒนาวิลล่า | เขตบางแค
ไปรษณีย์สำเหร่ | เขตคลองสาน,2,4,6,4,2,1,2.0,4.0,6.0,4.0,2.0,ไปรษณีย์สำเหร่ | เขตคลองสาน
"บริษัทโอสถสภา,ซอยสุวินทวงศ์ 26 | เขตมีนบุรี",3,3,6,4,2,1,3.0,3.0,6.0,4.0,2.0,"บริษัทโอสถสภา,ซอยสุวินทวงศ์ 26 | เขตมีนบุรี"
ประตูกรุงเทพ | เขตดอนเมือง,0,6,6,4,2,1,0.0,6.0,6.0,4.0,2.0,ประตูกรุงเทพ | เขตดอนเมือง
SRT บ้านฉิมพลี | เขตตลิ่งชัน,2,4,6,4,2,1,2.0,4.0,6.0,4.0,2.0,SRT บ้านฉิมพลี | เขตตลิ่งชัน
"""ซอยเสรีไทย 62 | เขตมีนบุรี",4,2,6,2,1,1,4.0,2.0,6.0,2.0,1.0,"""ซอยเสรีไทย 62 | เขตมีนบุรี"
มหาวิทยาลัยเทคโนโลยีมหานคร(ถนนเชื่อมสัมพันธ์ขาออก) | เขตหนองจอก,5,1,6,5,1,1,5.0,1.0,6.0,5.0,1.0,มหาวิทยาลัยเทคโนโลยีมหานคร(ถนนเชื่อมสัมพันธ์ขาออก) ...
โรงเรียนสุจิณณ์วดี จังหวัด กรุงเทพมหานคร | เขตภาษีเจริญ,2,4,6,3,3,1,2.0,4.0,6.0,3.0,3.0,โรงเรียนสุจิณณ์วดี จังหวัด กรุงเทพมหานคร | เขตภาษีเ...
ตรงข้ามสถานีตำรวจคูคต | เขตสายไหม,2,4,6,3,3,1,2.0,4.0,6.0,3.0,3.0,ตรงข้ามสถานีตำรวจคูคต | เขตสายไหม
วชิราวุธวิทยาลัย | เขตดุสิต,3,3,6,5,1,1,3.0,3.0,6.0,5.0,1.0,วชิราวุธวิทยาลัย | เขตดุสิต
วัดบางบัว | เขตบางเขน,4,2,6,5,1,1,4.0,2.0,6.0,5.0,1.0,วัดบางบัว | เขตบางเขน
"""ประชานฤมิตร | เขตบางซื่อ",5,1,6,0,6,1,5.0,1.0,6.0,0.0,6.0,"""ประชานฤมิตร | เขตบางซื่อ"
ตรงข้ามองค์การสะพานปลา | เขตสาทร,1,5,6,5,1,1,1.0,5.0,6.0,5.0,1.0,ตรงข้ามองค์การสะพานปลา | เขตสาทร
วุฒิเจริญขนส่ง | เขตตลิ่งชัน,3,3,6,6,0,1,3.0,3.0,6.0,6.0,0.0,วุฒิเจริญขนส่ง | เขตตลิ่งชัน
ซอยประชาอุทิศ 121 | เขตทุ่งครุ,6,0,6,4,2,1,6.0,0.0,6.0,4.0,2.0,ซอยประชาอุทิศ 121 | เขตทุ่งครุ
ตรงข้ามปัญญาไดนาโมแอร์ | เขตหนองจอก,5,1,6,3,3,1,5.0,1.0,6.0,3.0,3.0,ตรงข้ามปัญญาไดนาโมแอร์ | เขตหนองจอก
จามจุรีสแควร์ | เขตบางรัก,3,3,6,4,2,1,3.0,3.0,6.0,4.0,2.0,จามจุรีสแควร์ | เขตบางรัก
"""โรงเรียนแผนที่ทหาร | เขตพระนคร",5,1,6,4,2,1,5.0,1.0,6.0,4.0,2.0,"""โรงเรียนแผนที่ทหาร | เขตพระนคร"
ตรงข้ามโฮมโปรงามวงศ์วาน 24 | เขตหลักสี่,0,6,6,3,3,1,0.0,6.0,6.0,3.0,3.0,ตรงข้ามโฮมโปรงามวงศ์วาน 24 | เขตหลักสี่
"แยกเอกมัย,เมรี | เขตห้วยขวาง",3,3,6,3,3,1,3.0,3.0,6.0,3.0,3.0,"แยกเอกมัย,เมรี | เขตห้วยขวาง"
หน้าสวนหลวง ร.9 ตรงข้ามบริษัทพัฒนกล | เขตประเวศ,5,1,6,3,3,1,5.0,1.0,6.0,3.0,3.0,หน้าสวนหลวง ร.9 ตรงข้ามบริษัทพัฒนกล | เขตประเวศ
"ตรงข้ามโรงเรียนศรีวิกรม์,ซอยสุขุมวิท 65/1 | เขตวัฒนา",4,2,6,5,1,1,4.0,2.0,6.0,5.0,1.0,"ตรงข้ามโรงเรียนศรีวิกรม์,ซอยสุขุมวิท 65/1 | เขตวัฒนา"
ตรงข้ามอินทาปัจ 11 | เขตบางแค,2,4,6,4,2,1,2.0,4.0,6.0,4.0,2.0,ตรงข้ามอินทาปัจ 11 | เขตบางแค
"บริษัทฮอนด้าบางชัน,ซอยเสรีไทย 56 | เขตคันนายาว",5,0,5,3,2,1,5.0,0.0,5.0,3.0,2.0,"บริษัทฮอนด้าบางชัน,ซอยเสรีไทย 56 | เขตคันนายาว"
หมู่บ้านปรีชา(สุวินทวงศ์) | เขตมีนบุรี,2,3,5,5,0,1,2.0,3.0,5.0,5.0,0.0,หมู่บ้านปรีชา(สุวินทวงศ์) | เขตมีนบุรี
แยกสวรรคโลก(ขาออก) | เขตดุสิต,2,3,5,4,1,1,2.0,3.0,5.0,4.0,1.0,แยกสวรรคโลก(ขาออก) | เขตดุสิต
หมู่บ้านร่วมเกื้อ | เขตทวีวัฒนา,3,2,5,5,0,1,3.0,2.0,5.0,5.0,0.0,หมู่บ้านร่วมเกื้อ | เขตทวีวัฒนา
หมู่บ้านเอกไพลิน(หมู่บ้านลาดกระบัง) | เขตลาดกระบัง,0,5,5,4,1,3,0.0,1.6666666666666667,1.6666666666666667,1.3333333333333333,0.3333333333333333,หมู่บ้านเอกไพลิน(หมู่บ้านลาดกระบัง) | เขตลาดกระบัง
แยกสีหบุรานุกิจ | เขตมีนบุรี,1,4,5,4,1,1,1.0,4.0,5.0,4.0,1.0,แยกสีหบุรานุกิจ | เขตมีนบุรี
ธนาคารไทยพาณิชย์ สาขาหมู่บ้านเศรษฐกิจ | เขตบางแค,2,3,5,5,0,1,2.0,3.0,5.0,5.0,0.0,ธนาคารไทยพาณิชย์ สาขาหมู่บ้านเศรษฐกิจ | เขตบางแค
ร้านอาหารแพน้ำ | เขตมีนบุรี,2,3,5,4,1,1,2.0,3.0,5.0,4.0,1.0,ร้านอาหารแพน้ำ | เขตมีนบุรี
ท่าอิตัลไทย | เขตห้วยขวาง,3,2,5,5,0,1,3.0,2.0,5.0,5.0,0.0,ท่าอิตัลไทย | เขตห้วยขวาง
มายสเตอริโอ | เขตวังทองหลาง,2,3,5,3,2,1,2.0,3.0,5.0,3.0,2.0,มายสเตอริโอ | เขตวังทองหลาง
SRT ทุ่งสองห้อง | เขตหลักสี่,3,2,5,3,2,1,3.0,2.0,5.0,3.0,2.0,SRT ทุ่งสองห้อง | เขตหลักสี่
วัดแก้วพิทักเจริญธรรม | เขตประเวศ,2,3,5,5,0,1,2.0,3.0,5.0,5.0,0.0,วัดแก้วพิทักเจริญธรรม | เขตประเวศ
ตรงข้ามบริษัท สหพัฒนพิบูล จำกัด | เขตมีนบุรี,5,0,5,4,1,1,5.0,0.0,5.0,4.0,1.0,ตรงข้ามบริษัท สหพัฒนพิบูล จำกัด | เขตมีนบุรี
ตรงข้ามเมโทรซิสเต็ม | เขตประเวศ,3,2,5,4,1,1,3.0,2.0,5.0,4.0,1.0,ตรงข้ามเมโทรซิสเต็ม | เขตประเวศ
ชวนชื่น(ขาออก) | เขตลาดพร้าว,1,4,5,3,2,2,0.5,2.0,2.5,1.5,1.0,ชวนชื่น(ขาออก) | เขตลาดพร้าว
ซอยสุขุมวิท 66 | เขตพระโขนง,1,4,5,2,3,1,1.0,4.0,5.0,2.0,3.0,ซอยสุขุมวิท 66 | เขตพระโขนง
บริษัท นำแสงเอนจิเนียริ่ง | เขตยานนาวา,0,5,5,3,2,1,0.0,5.0,5.0,3.0,2.0,บริษัท นำแสงเอนจิเนียริ่ง | เขตยานนาวา
ท่าเรือนครสวรรค์ | เขตดุสิต,0,4,4,3,1,1,0.0,4.0,4.0,3.0,1.0,ท่าเรือนครสวรรค์ | เขตดุสิต
อนุสาวรีย์พิทักษ์รัฐธรรมนูญ (หลักสี่) | เขตบางเขน,1,3,4,3,1,1,1.0,3.0,4.0,3.0,1.0,อนุสาวรีย์พิทักษ์รัฐธรรมนูญ (หลักสี่) | เขตบางเขน
ARL บ้านทับช้าง | เขตสะพานสูง,1,3,4,3,1,1,1.0,3.0,4.0,3.0,1.0,ARL บ้านทับช้าง | เขตสะพานสูง
โรงงานท่อน้ำไทย(ถนนทวีวัฒนาขาเข้า) | เขตหนองแขม,1,3,4,3,1,1,1.0,3.0,4.0,3.0,1.0,โรงงานท่อน้ำไทย(ถนนทวีวัฒนาขาเข้า) | เขตหนองแขม
"""BTSอ่อนนุช | เขตวัฒนา",2,2,4,1,0,1,2.0,2.0,4.0,1.0,0.0,"""BTSอ่อนนุช | เขตวัฒนา"
ตรงข้ามบริษัทแครี่บอย | เขตลาดกระบัง,1,3,4,3,1,1,1.0,3.0,4.0,3.0,1.0,ตรงข้ามบริษัทแครี่บอย | เขตลาดกระบัง
ประชาชื่น-นนทบุรี 5 | เขตหลักสี่,3,1,4,2,2,1,3.0,1.0,4.0,2.0,2.0,ประชาชื่น-นนทบุรี 5 | เขตหลักสี่
หมู่บ้านพัชรินทร์วิลล่า | เขตหนองแขม,2,2,4,3,1,1,2.0,2.0,4.0,3.0,1.0,หมู่บ้านพัชรินทร์วิลล่า | เขตหนองแขม
"หมู่บ้านกฤษณา,ซอยสุวินทวงศ์ 23 | เขตหนองจอก",2,2,4,2,2,1,2.0,2.0,4.0,2.0,2.0,"หมู่บ้านกฤษณา,ซอยสุวินทวงศ์ 23 | เขตหนองจอก"
"ตรงข้ามหมู่บ้านบุราพันธ์,ตรงข้ามธนันท์วัฒนะกิจ | เขตหนองจอก",1,3,4,3,1,2,0.5,1.5,2.0,1.5,0.5,"ตรงข้ามหมู่บ้านบุราพันธ์,ตรงข้ามธนันท์วัฒนะกิจ | เข..."
พุทธมณฑลสาย 1 ซอย 45 | เขตตลิ่งชัน,2,2,4,2,2,1,2.0,2.0,4.0,2.0,2.0,พุทธมณฑลสาย 1 ซอย 45 | เขตตลิ่งชัน
ฟาร์มไก่ชนพม่าพระราม2 | เขตบางขุนเทียน,0,4,4,2,2,1,0.0,4.0,4.0,2.0,2.0,ฟาร์มไก่ชนพม่าพระราม2 | เขตบางขุนเทียน
ซอยหมู่บ้านสุชา | เขตหนองแขม,3,1,4,3,1,1,3.0,1.0,4.0,3.0,1.0,ซอยหมู่บ้านสุชา | เขตหนองแขม
"ซอยบึงใหญ่,ตรงข้ามหมู่บ้านคุ้มเกล้า(ขาออก) | เขตมีนบุรี",0,4,4,2,2,1,0.0,4.0,4.0,2.0,2.0,"ซอยบึงใหญ่,ตรงข้ามหมู่บ้านคุ้มเกล้า(ขาออก) | เขตมีน..."
สวนอาหารบัวหลวง | เขตทวีวัฒนา,1,3,4,1,3,1,1.0,3.0,4.0,1.0,3.0,สวนอาหารบัวหลวง | เขตทวีวัฒนา
หมู่บ้านชานกรุง | เขตสายไหม,2,2,4,3,1,1,2.0,2.0,4.0,3.0,1.0,หมู่บ้านชานกรุง | เขตสายไหม
"สโมสรทหารอากาศ,หอประชุมกองทัพอากาศ | เขตสายไหม",2,2,4,4,0,1,2.0,2.0,4.0,4.0,0.0,"สโมสรทหารอากาศ,หอประชุมกองทัพอากาศ | เขตสายไหม"
สถานีรถไฟจิตรลดา | เขตราชเทวี,1,2,3,3,0,1,1.0,2.0,3.0,3.0,0.0,สถานีรถไฟจิตรลดา | เขตราชเทวี
"""ซอยโชคดี 2 | เขตสายไหม",3,0,3,3,4,1,3.0,0.0,3.0,3.0,4.0,"""ซอยโชคดี 2 | เขตสายไหม"
สุเหร่าบ้านเกาะ | เขตมีนบุรี,1,2,3,1,2,1,1.0,2.0,3.0,1.0,2.0,สุเหร่าบ้านเกาะ | เขตมีนบุรี
ซอยเลียบวารี 11 | เขตหนองจอก,3,0,3,2,1,1,3.0,0.0,3.0,2.0,1.0,ซอยเลียบวารี 11 | เขตหนองจอก
หมู่บ้านการ์เด้นโฮม | เขตดอนเมือง,2,0,2,1,1,1,2.0,0.0,2.0,1.0,1.0,หมู่บ้านการ์เด้นโฮม | เขตดอนเมือง
หมู่บ้านโกลเดนท์แลนด์ | เขตทวีวัฒนา,2,0,2,1,1,1,2.0,0.0,2.0,1.0,1.0,หมู่บ้านโกลเดนท์แลนด์ | เขตทวีวัฒนา
ตรงข้ามหมู่บ้านสุนทร 5 | เขตบางแค,0,2,2,1,1,1,0.0,2.0,2.0,1.0,1.0,ตรงข้ามหมู่บ้านสุนทร 5 | เขตบางแค
โชว์รูมฮอนด้า(ถนนคู่บอนขาออก) | เขตบางเขน,2,0,2,1,1,1,2.0,0.0,2.0,1.0,1.0,โชว์รูมฮอนด้า(ถนนคู่บอนขาออก) | เขตบางเขน
ตรงข้ามหมู่บ้านลัลลี่วิลล์ | เขตสายไหม,1,0,1,1,0,1,1.0,0.0,1.0,1.0,0.0,ตรงข้ามหมู่บ้านลัลลี่วิลล์ | เขตสายไหม
